alpha,s
1.0150173131346327,0.0
0.7564837755890716,0.06346739174257947
0.7621363693414833,0.4484931586411909
0.38547372951812614,1.5734681675160394
0.48635446835671875,3.5733078561233804
1.0,5.995817005825563
