alpha,s
1.1309021590654533,0.0
0.7866902485061794,0.29854062975664203
0.7607535207372432,1.0739593951910387
2.9350782679793177,2.67142691161505
0.0,4.3112944045355395
1.0,5.9927537120907415
