alpha,s
1.0115066386908544,0.0
1.0720807357491655,0.1904182107790078
1.2529815926473467,0.4878668296954764
1.8386615439665577,1.062240114806324
10.534892459262219,2.6221174729185566
1.0,5.883482979774923
