alpha,s
3.0190385608404178,0.0
1.627958754482101,0.008486094652950086
1.2488571364675602,0.09012602438212888
1.0347421986369711,0.5845320442966607
0.3333370270461348,2.6680569653638693
1.0,5.998909450030253
