alpha,s
4.321011851406857,0.0
1.8102147738391068,0.0084422701093348
1.6601662174834129,0.10327325976710544
1.2721707000247018,0.48413069712563483
0.0,2.9776892602817604
1.0,5.99510650735993
