alpha,s
1.2742677934153788,0.0
1.0307221670649291,0.3167646280662456
1.2472436607820068,1.0757842632284988
0.5415340688026816,2.400533848804596
0.0,4.059751676675089
1.0,5.974561684166388
