alpha,s
0.9997225946941128,0.0
0.890958895286404,0.451945154866793
0.6626538886946635,1.5112158425094022
0.5408151265689336,2.830576266971864
0.7750747061327732,4.383239480337967
1.0,5.999319808456087
