alpha,s
1.357250944638212,0.0
1.1406950369563358,0.1944523977363064
1.35548301273359,0.6545524452899051
0.871270024975927,1.74029733658832
3.7418190372849818,3.819361261396628
1.0,5.999318021125488
