alpha,s
1.234161642295239,0.0
0.9975901003260927,0.22724532907664094
1.1306807196702189,0.5612114182425058
0.8487438035830344,1.135762753004608
1.006314822046731,2.7309282529723493
1.0,5.967728502708782
