alpha,s
2.572118979279093,0.0
1.3482501605881085,0.008834323384820084
1.1924761520007283,0.10406372971756535
0.9983802355775766,0.606408020377418
1.2494159295859304,2.8184014914149618
1.0,5.998239070747142
