alpha,s
5.972252142691845,0.0
1.917524119987275,0.04971990746388251
1.3788317249845132,0.3773313995316573
1.8042132923524001,1.4166404789893718
0.0,3.5506252440853188
1.0,5.99969136094822
