alpha,s
1.1829126413385487,0.0
1.0492979923186556,0.4377026908024528
1.260955076853081,1.3815685150309918
0.2389668271705754,2.81057109714978
0.0,4.427621510858115
1.0,5.9994639793510975
