alpha,s
1.2559034677857956,0.0
1.204185440431977,0.05746540069780332
1.3765044412324567,0.19359257030018776
1.2162609195811187,0.5753449898621932
3.6802228438447218,2.416240959671421
1.0,5.9532508644738416
