alpha,s
0.9371546655722037,0.0
0.9567319488524936,0.18036118417356725
0.8325807544969944,0.452476977462856
1.0101410155010808,1.0151630149490385
1.0857093026327094,2.318238136653799
1.0,5.948276565892719
