alpha,s
1.2959777930028828,0.0
1.229909650299829,0.09959097467569744
1.0763879028067387,0.2895120457819537
0.9284656115611619,0.7995193675607818
1.2523368685152116,2.5331432303323553
1.0,5.999859489957222
