alpha,s
0.9980716071710254,0.0
0.9209378309484687,0.2792281569445368
0.9618429978609195,0.689233891127444
0.8936043911480783,1.395931439896071
0.8015799587205102,2.9758437185557596
1.0,5.996532200899456
