alpha,s
0.4717047797602019,0.0
0.6426002170943795,0.11042554122970165
0.7691436857205143,0.34964193810119965
0.7228540611619486,0.9861415709396069
2.299564812001337,3.092332634825603
1.0,5.995330389812142
