alpha,s
1.2441044260442056,0.0
1.1675037130507924,0.11042554122970165
1.0439510425953775,0.34964193810119965
0.8075564179531253,0.9861415709396069
2.428068946710674,3.092332634825603
1.0,5.995330389812142
