alpha,s
0.8869801195082396,0.0
0.5985342134708855,0.41980089788776015
0.44423389996080387,1.3852557349197145
0.19808609167105262,2.9348197441617496
0.0,4.438374778146169
1.0,5.997208715872672
