alpha,s
1.0889765219153789,0.0
1.0758281407469035,0.19246037920995088
1.1836848819879418,0.5071709754566109
1.091951716456315,1.0937327513936381
0.8618402197906879,2.9315541843564636
1.0,5.996105952930279
