alpha,s
1.5552229184618125,0.0
1.4503582871605794,0.4262931407786715
1.4487007309921216,1.3520401810407163
1.5317217823278413,2.747740515384224
0.0,4.36119977717148
1.0,5.993788508476737
