alpha,s
0.3415804368199663,0.0
0.2262598282330703,0.49912920875115097
0.04791005779776213,1.615228773969947
0.0,3.094026766421883
0.0,4.467014299191076
1.0,5.997000946402668
