alpha,s
0.6145707650024235,0.0
0.6451576394957667,0.4192049988565347
0.5173458089002217,1.2258981695965354
0.376294145083153,2.5833803386010072
0.0,4.428389432136821
1.0,5.990913695105222
