alpha,s
1.217088175089512,0.0
1.03111517715493,0.1463737899821549
1.1505328218719308,0.4360226103710891
0.9520529556329631,0.9882537301844905
0.4226357322148806,2.8115224556451737
1.0,5.972659531106664
