alpha,s
0.9329849759038923,0.0
1.082804704082876,0.2014688442411224
1.0962696596198078,0.4773239686352034
1.0629308798752444,1.075137628495945
0.964295874688215,2.84166976484475
1.0,5.9990718853606735
