alpha,s
1.2792925227832037,0.0
1.0971877793607527,0.16706249610148965
1.0774594534540738,0.441877788504229
1.180705252108608,1.014511243218942
0.5656388796588095,2.855049166733402
1.0,5.947447201846435
