alpha,s
1.0909603262068268,0.0
1.1361348921297116,0.18031986234005934
0.9181460100417238,0.44829825158492315
0.8648608090253049,1.08393369565246
0.34000721139265494,2.659725635559442
1.0,5.973491724154037
