alpha,s
1.1015663458385743,0.0
1.1809467191652172,0.10253357027238034
1.147646990682853,0.2867358797903864
1.0837925304538398,0.7453527331477643
2.6708624126406004,2.559416161729406
1.0,5.974145691615414
