alpha,s
0.3537304147217695,0.0
0.5378509284329156,0.10253357027238034
0.7405801517884399,0.2867358797903864
0.909552407808587,0.7453527331477643
2.525117506854855,2.559416161729406
1.0,5.974145691615414
