alpha,s
0.9950391489924216,0.0
0.8497714801161337,0.41753612745010127
1.596869735336776,1.2688706139488772
1.2459368037055156,2.5157966930527285
0.0,4.31037935206535
1.0,5.985376059633913
