alpha,s
1.080521616805312,0.0
1.042512578700002,0.18348117574393674
1.035327439992713,0.4933034335114019
0.8665725701656444,1.1040716972526077
0.6915444211142063,2.988276548137157
1.0,5.992162508275639
