alpha,s
1.0874541779500217,0.0
0.837768667968017,0.37888736650139404
1.0209432797327274,1.3575983740477973
1.5089379766944344,2.855555317615099
0.0,4.422402255778615
1.0,5.987526367458989
