alpha,s
0.4256634522463139,0.0
0.5390398514201071,0.10870308097440966
0.7487284469070353,0.32686392600312764
0.9532184238640661,0.8604989627458977
1.0898294235990726,2.767516706630543
1.0,5.996972497627948
