alpha,s
1.0607495989528228,0.0
1.0712207861908303,0.228918862598911
1.0097783094958193,0.6472741427678701
0.7909072750215671,1.6425191912014185
0.7921988907065807,3.5918052538598526
1.0,5.995118393246562
