alpha,s
1.0455061668648928,0.0
0.8009852201424584,0.3578634843930712
0.7012773537984394,1.3808669017403683
0.09682052524783558,2.7208613491726137
0.10294034016099987,4.347340057598616
1.0,5.988495761798374
