alpha,s
1.164883867926995,0.0
1.1161822457629986,0.0982493259531578
1.4924436921109983,0.2989503668900949
1.2567207767070323,0.6862688717906831
19.325579625656207,2.656058419081447
1.0,5.936817738135432
