alpha,s
0.6308397541256873,0.0
0.7428917054166314,0.0982493259531578
1.218310349333189,0.2989503668900949
1.184756150568787,0.6862688717906831
19.387545533058912,2.656058419081447
1.0,5.936817738135432
