alpha,s
1.018548297189431,0.0
0.997385636101479,0.2342173510866968
1.0417898258439509,0.7006488160211756
1.1655235419428265,1.617015622084894
1.2883941824834626,3.620746888288552
1.0,5.99700427776362
