alpha,s
1.48050678131831,0.0
1.1671346087693188,0.445215338518336
1.0385312046447934,1.385468389894007
0.0,2.890374146267212
9.803010725461956,4.298769633934272
1.0,5.982414733698129
