alpha,s
5.002182788854548,0.0
1.8266438049159563,0.05990841220488775
1.4062017667240954,0.3922319848097171
1.2382416133870977,1.505597057701132
0.8960565773932607,3.5489767490833155
1.0,5.998693774222851
