alpha,s
1.2406050275487497,0.0
1.2184109486055368,0.4835885083479506
1.1816710867870255,1.4573905648910688
1.8439454097261736,2.8584405327748925
0.0,4.445366729147
1.0,5.995880531168299
