alpha,s
1.0451956085033156,0.0
1.0542142062598308,0.22481307845214396
1.0980468564301267,0.6540403037630044
1.0233458779645186,1.6416207914115675
3.054451783539092,3.578206877278867
1.0,5.994561846827185
