alpha,s
1.0046525654327054,0.0
1.0791521040466872,0.20231450136142237
0.913478800414097,0.5363609845415667
1.126838371746183,1.2729458745121969
1.4480338344852304,2.8460916227702833
1.0,5.967447517971886
