alpha,s
1.088656123231729,0.0
1.1499653727219505,0.44687177438648845
1.0331695793969542,1.4928268529864284
1.2428138351156266,2.7783173621875785
0.0,4.410769316869265
1.0,5.995384284753659
