alpha,s
1.127623710119221,0.0
1.1117229246788929,0.23167261620916163
1.2585136389993947,0.6939206438684979
0.9730345073760498,1.7933232974861073
0.0,3.902948573464544
1.0,5.989581606311964
