alpha,s
1.2270388462000306,0.0
1.1588725548898244,0.10591344646131239
1.1044457890499157,0.31701519248436766
0.9174030978844171,0.8612391724086986
0.7357889446770571,2.833627286493111
1.0,5.988725544861081
