alpha,s
0.5024454330900816,0.0
0.6474351289166017,0.10591344646131239
0.8108443157765727,0.31701519248436766
0.8341451163982812,0.8612391724086986
0.7417680389380934,2.833627286493111
1.0,5.988725544861081
