alpha,s
1.0193463167860302,0.0
1.0579487400482237,0.1917397190383372
1.112030423364889,0.48455397888606183
1.1245307261193294,1.0699916035331107
1.546008790813734,2.7276513739603394
1.0,5.988369504248306
