alpha,s
0.8146235742326892,0.0
1.1908042475342042,0.33948668080217514
1.0712330614525911,0.6666450913789022
1.1239299324740581,1.2639288075756683
1.186250457689594,2.742461427447352
1.0,5.988708585647995
