alpha,s
1.2461875652237369,0.0
1.198725210411215,0.06435304982238675
0.9039314352819021,0.2080475468337859
0.8179779588702957,0.8040668862658916
2.274049650456736,2.547314155156698
1.0,5.969580449516497
