alpha,s
1.2657167635704258,0.0
0.9365932718700374,0.4797908323670902
0.6233598200336564,1.5548995786298987
0.7892485236240147,2.883097251653007
0.0,4.362266588021282
1.0,5.996668786783658
