alpha,s
0.7885049400608882,0.0
0.6383523831236427,0.4797908323670902
0.3455778648470186,1.5548995786298987
0.3257240125268558,2.883097251653007
0.0,4.362266588021282
1.0,5.996668786783658
