alpha,s
1.5581170004239409,0.0
1.439506929577347,0.4138672549693371
1.1117396367918897,1.336721538441425
1.4191682327056823,2.8442330385677996
0.0,4.439384060815927
1.0,5.999379181056352
