alpha,s
1.3083352051458128,0.0
1.2672419249314217,0.4138672549693371
0.9326017075750882,1.336721538441425
0.8821262740852851,2.8442330385677996
0.0,4.439384060815927
1.0,5.999379181056352
