alpha,s
1.0951921899648913,0.0
1.0059690522850389,0.38501486295651394
0.6845222970244919,1.3680782514693384
1.0097049321555847,2.8644462987376555
0.0,4.44204922776459
1.0,5.998923407303811
