alpha,s
0.9642538478827003,0.0
1.1335381378972935,0.21822420821906535
1.217752063611935,0.524731788652511
1.0544813849998924,1.1213842996796277
1.9148530572445697,2.8209926910255456
1.0,5.999119901708571
