alpha,s
1.0872774277255046,0.0
1.1369392555283817,0.3931591760558286
0.7082709525170555,1.3761781304101615
0.8765167229552541,3.017016076050751
11.744683332014683,4.592108355768785
1.0,5.9997289392311615
