alpha,s
1.7792466519630372,0.0
1.1543238039941763,0.3758264617930607
0.9174639565451413,1.5128621323545928
0.8373802764786579,2.7761139715899956
0.0,4.4018683969550905
1.0,5.995380394255212
