alpha,s
1.142926275223522,0.0
1.0760129350163123,0.501182443094154
1.0787194786783079,1.464898250107983
1.8144070659190956,2.8653784856066684
0.0,4.386408585782516
1.0,5.998994675597572
