alpha,s
1.0544151189170032,0.0
0.7678774208682888,0.27277213233905123
0.9398513591203386,0.751189276789189
1.1254061622200118,1.3940922903335515
0.7833098747039545,2.943767744735857
1.0,5.988095028130873
