alpha,s
1.022330135625948,0.0
1.1436108966169891,0.20868594006323501
1.2849933865968002,0.5146040561738648
1.2683784493891708,1.0992211314367861
1.0568528658048904,2.435254685053371
1.0,5.92925736966718
