alpha,s
0.9950972518872315,0.0
0.7866865912175989,0.494674650655023
0.8238870751409609,1.557478726399738
0.7120365115730152,2.9463301801789883
0.0,4.32715829858812
1.0,5.999847775769292
