alpha,s
1.2844416534015084,0.0
1.0598861004521856,0.4229809752515265
1.5187573522614106,1.5416382175944752
0.0,2.92812297813841
0.0,4.495005372937204
1.0,5.996559342333215
