alpha,s
1.501451669129804,0.0
1.1531159999879521,0.44372499480733374
1.484697112923493,1.5364528230940324
1.573625979933824,2.7156929580433165
0.0,4.273749705921332
1.0,5.999441448083479
