alpha,s
1.0644364235607648,0.0
0.9846118193115282,0.17610300783578667
0.9862154476593962,0.4554396951169708
0.7983144828558473,1.0106256952019061
0.4244644498417366,2.821457885523296
1.0,5.986977146147474
