alpha,s
0.9767171121493309,0.0
0.5099198846985205,0.4547429167835702
0.35112522502243826,1.4130804223618503
0.14179469533818873,2.8706684340968227
0.0,4.572939283670792
1.0,5.9656743297210575
