alpha,s
0.9733563153164132,0.0
0.5456180752301183,0.41351897687886413
0.21170074533523622,1.422894337500642
0.07774194832291853,3.0050951752756374
0.0,4.352205986782348
1.0,5.980355659957572
