alpha,s
0.9939371512969672,0.0
1.0036809058729366,0.26169157594565384
1.0762021947122782,0.725289958714421
0.9125236257720106,1.7418474831398458
0.680344758404127,3.7162535218212063
1.0,5.999827309583981
