alpha,s
0.9274638086233447,0.0
0.9485493148468231,0.2312498401883402
0.9048248458607296,0.6622943667830232
0.9898507470887513,1.6630233722576924
0.9478671603029558,3.5628517556971597
1.0,5.998525347690581
