alpha,s
1.2408683691487064,0.0
1.0216831987922643,0.39490100951350876
1.0075697328222593,1.3196617334704333
4.427462668566443,2.9413122085062637
0.0,4.406437408790059
1.0,5.999805174074902
