alpha,s
2.8861853825271555,0.0
1.6912160892388441,0.009137677749816393
1.4055362945599374,0.09468268805159887
0.9889073521554879,0.5815991609445138
1.4264874245652097,2.718945470091925
1.0,5.998127933384099
