alpha,s
1.3577142291852775,0.0
1.0897560161643127,0.06635876654512991
1.2037952164632209,0.27208047309126804
1.3226877483337638,0.9255252820929126
0.0,3.073044358924673
1.0,5.976323708995968
