alpha,s
1.0790110949086884,0.0
0.9453363195965125,0.26615532599413283
0.8696205203451702,0.7100809893744584
1.021031129436348,1.4696274725900698
0.8930929137960687,2.9739761329702032
1.0,5.999171181992471
