alpha,s
2.894910902856555,0.0
1.6968146206942731,0.010731811563065663
1.511557775069011,0.10036271546789105
0.832967367807669,0.7870111248187365
0.0,3.0883519675025912
1.0,5.994593706880867
