alpha,s
0.931428193612387,0.0
1.109223449471017,0.30156421856263244
1.0126424617218768,0.6925723773367817
1.1436007803889296,1.3437934207970748
1.049620510130601,2.7777028657844647
1.0,5.968135323688268
