alpha,s
0.9918406145011414,0.0
0.9859847567755211,0.18036710722708024
1.0352993277098872,0.4740153720962431
1.0564072978956147,1.0495133266920909
0.9086439324435418,2.774744939417272
1.0,5.987484893585432
