alpha,s
1.158063979737399,0.0
1.1815936465413268,0.46564609908475263
1.357892521039546,1.3330958206774863
0.4462705926059759,2.8780017417855426
0.0,4.476647122132101
1.0,5.998213104411281
