alpha,s
1.1308513056507048,0.0
1.0464199342781488,0.1508291578954039
1.0466951742342276,0.4278681921723668
1.2515044101320474,1.0131267314927452
1.0149469123680381,2.7387130649074747
1.0,5.998322323854023
