alpha,s
0.6838740559271115,0.0
0.47777857535234997,0.039445595628554084
0.29614644756715963,0.3204360819469804
0.11342038539659881,1.3045125121008259
0.03870323016772304,3.385687941098647
1.0,5.9984007761829545
