alpha,s
1.039453089981756,0.0
0.9808607740700487,0.271831519479185
1.0101741671796716,0.6634228099454669
0.8254534693659108,1.3208163613264434
0.7477626632086227,2.979765428111592
1.0,5.994755895549617
