alpha,s
1.0879239012193849,0.0
1.1734133683686163,0.24872943893124672
0.9948135123177092,0.6508989782719837
1.0291272879495061,1.7287594800456496
0.9768407594173061,3.539255983846575
1.0,5.99906155385803
