alpha,s
1.2751214456390128,0.0
1.3420753274302921,0.11341359771559853
1.2006917892222189,0.3324294729872133
1.1318216601419657,0.8838255412599794
1.0650320043644443,3.0559972027407603
1.0,5.95112645733097
