alpha,s
0.5766730762903268,0.0
0.8377254911354224,0.11341359771559853
0.9672093039948881,0.3324294729872133
1.0785242074435688,0.8838255412599794
1.1644231620478855,3.0559972027407603
1.0,5.95112645733097
