alpha,s
0.9728653626464854,0.0
1.0191414677786632,0.5615114102565335
0.9331942539972299,1.5237223513420959
1.2692488299487994,2.9312476040790094
0.0,4.409107609941008
1.0,5.98586485432092
