alpha,s
1.472064240177044,0.0
1.0852295881953014,0.4088083998221612
1.1055597389546825,1.5185235144023483
2.717267670799951,2.9761172520283865
0.0,4.5798259223312305
1.0,5.999724565509973
