alpha,s
1.1724970390325522,0.0
1.0866547242223619,0.1089614124707481
0.9523430711372001,0.32983320959194
1.0289891292228952,0.9538829067575204
1.0346919891350421,2.8715154916230525
1.0,5.995640663741771
