alpha,s
1.1647579476431267,0.0
1.0477237358948905,0.21209393925469036
1.3207872808006695,0.634994862487933
0.4597915990530304,1.4525882279331757
1.1171768465988092,3.912365883232684
1.0,5.988445516431237
