alpha,s
1.0981294132526123,0.0
1.0424468122638288,0.17116868535619656
1.041820126373335,0.45961760751455333
1.0232917542631266,1.0660526020402277
1.4656161832071648,2.8175856322147674
1.0,5.98257739623517
