alpha,s
1.236152083431495,0.0
1.0502713710364773,0.4303047241780812
0.9454621902088367,1.4320434568865068
0.25544298377254737,2.8799975437331
0.0,4.381481534892491
1.0,5.997542701678272
