alpha,s
1.2180759331027762,0.0
0.981696950919941,0.4432444551499261
0.9685509660923594,1.341230500003495
0.1657657740584961,2.7096441609281166
0.0,4.1817082754125225
1.0,5.999158446506197
