alpha,s
1.4241274576122174,0.0
1.100673068054359,0.10771351533603105
1.09066386955384,0.3696729980533156
1.5330345390002158,1.011282126221598
0.6058081120343802,2.9396172983556728
1.0,5.953481208502653
