alpha,s
1.0078424260796714,0.0
0.962356043682998,0.2925681864907819
1.057432487358325,0.7285821196280606
0.9727766055277841,1.4105372087461763
0.848581621924832,3.028109063970071
1.0,5.993993412707026
