alpha,s
1.0337126664157774,0.0
0.8757898500344476,0.1098664910217554
0.9754897346220428,0.3370750522345033
0.9521749672906586,0.8365577514512899
2.511961183358416,2.5633209187932966
1.0,5.949226417104028
