alpha,s
1.5402406124583234,0.0
1.3314921001821676,0.3681114927068968
1.3437061187735353,1.251138303224172
14.0863334312232,2.865895972495643
0.0,4.444308706767735
1.0,5.992449275896229
