alpha,s
5.854692606648442,0.0
1.6971323166206014,0.05247547651611396
1.3590676137322664,0.4353680716577329
1.0485068589865696,1.5309749140979612
1.1897521244191056,3.7780508523205936
1.0,5.994663068034591
