alpha,s
1.1156343490513299,0.0
0.9793920154393606,0.5419175393393878
0.9917495781548942,1.3727796524468199
0.17137182553222843,2.774732435134976
0.0,4.418266170448214
1.0,5.9971969325604775
