alpha,s
1.0888361075710673,0.0
0.9041405059078896,0.16260964136072664
1.0991130211053426,0.47385748222275725
1.0404346329538117,0.9698682630739942
1.2578963154066078,2.6546644760457085
1.0,5.863065724632948
