alpha,s
1.6818422809779385,0.0
1.4711452883158034,0.39544952341914086
1.0712857819291584,1.3368233715852325
2.3267677301935117,2.8531010812478015
0.0,4.405012166846625
1.0,5.9841991483133645
