alpha,s
1.3686699667205766,0.0
1.3244281062052938,0.46084711297276715
1.8605892845149186,1.4097704106447053
0.0,2.7838633070768446
0.0,4.29839795008314
1.0,5.981207905770615
