alpha,s
1.4124144881060299,0.0
1.491290885720213,0.22839888094898123
1.312072105973248,0.6375328905756439
1.3376762346325284,1.5734184975751984
2.3831512894701037,3.5361779463030256
1.0,5.986144748138817
