alpha,s
1.3255665645208246,0.0
1.2523354278978123,0.4011689843141605
1.1816119039793713,1.290850819312795
2.4457061868574237,2.742021187084436
0.0,4.256697077250751
1.0,5.998965330214292
