alpha,s
1.0796980344951361,0.0
1.070119652758158,0.3662073164468863
0.7150658279160909,1.3655111146721675
0.6476549543611999,2.651912574804429
0.0,4.490710567035558
1.0,5.997636602079679
