alpha,s
1.3704354468636162,0.0
0.8801435695396155,0.043105782415471805
0.8016758209657,0.34702904913399935
1.3026853576896458,1.342579922589054
0.6826235821562879,3.341731957333883
1.0,5.975835945783299
