alpha,s
1.033488012116505,0.0
1.1736317422838154,0.17496799711646296
1.1769848133769134,0.45142433456460124
1.017719102702847,1.1668375451793334
1.2662930015338132,3.185324354931677
1.0,5.977913424491935
