alpha,s
0.9550722818932148,0.0
0.9521362323401229,0.44024699732397665
0.5179468872728101,1.3505312341688864
0.0,2.6972066895577727
0.0,4.3947392281109545
1.0,5.946201256381672
