alpha,s
1.1085056113047156,0.0
1.197743727832388,0.17463338859586247
1.1553936945413188,0.4489940544555887
1.2091084365751588,1.0620869015554975
3.472113715253082,2.6774019135798586
1.0,5.974879361273571
