alpha,s
1.0154433741955042,0.0
1.0122397565604881,0.29082486496648363
0.987540057907472,0.8245481229064816
1.378903915663101,1.777553127640739
1.048119552190112,3.7200885919172912
1.0,5.991121193136706
