alpha,s
1.0618135162824174,0.0
1.1133671073674931,0.18396755819227453
1.0238055634137746,0.4681887887263908
0.9846645310025185,1.0878960575551366
1.110932880158475,2.770064591345327
1.0,5.987844462834323
