alpha,s
1.0200072150808768,0.0
1.0629615772809566,0.18270838735826886
1.0214868879906485,0.4616691708119037
1.0566659580130788,1.0482380814229613
0.7544225985460243,2.630742330548814
1.0,5.992945166244513
