alpha,s
1.0297427389844795,0.0
1.0608415175712063,0.18973851198656158
1.0175673019656557,0.4899867144377229
1.142177345318694,1.114595715897673
2.661688524559584,2.7700719953978514
1.0,5.999899712926474
