alpha,s
1.021788980611074,0.0
1.0917343373538269,0.18630877237682708
1.114492685019402,0.46197252230447594
1.146339286744214,1.0610555413346692
1.5225902292507891,2.833393995838446
1.0,5.9965722434544935
