alpha,s
1.1238714229299582,0.0
1.0205987563950234,0.15740275291911668
1.158441644353045,0.4414456801942331
1.149649343583191,1.0139184834253387
1.0005745332761182,2.8468676994767175
1.0,5.9957093296767
