alpha,s
1.3102067976786809,0.0
0.9327428895218477,0.40903608615400316
1.1534193487463793,1.3654343286264554
0.5986219344515318,2.7954245309469585
8.313767311073377,4.4209085126220495
1.0,5.999208154144068
