alpha,s
1.102306728804966,0.0
1.1470588739208696,0.1699989309435122
0.8677697075812567,0.43141746986176244
1.1723361232746112,1.1593383215827848
2.0575453656601614,2.8846659520593576
1.0,5.971561640100968
