alpha,s
1.019217974892561,0.0
1.1306941594270299,0.27108969959205187
1.1379172764868786,0.651216531931762
1.2854787367123461,1.386912202754489
1.928359073855736,3.154286456674965
1.0,5.9941109310408045
