alpha,s
1.439690867447215,0.0
1.1319848044450311,0.37324167784262235
1.223740952940815,1.3494848241559874
5.6498877779923244,2.802171158518123
0.0,4.363154604944934
1.0,5.994357328864315
