alpha,s
1.1835672563999386,0.0
1.0835586304999016,0.14715098189310166
1.0887583655823383,0.4253001373461228
1.0508161155193838,1.01343277953233
0.29825975494363005,2.8990616420552007
1.0,5.9934769306143165
