alpha,s
0.9235769357515858,0.0
0.7859137877439938,0.28307883350408397
0.7678526839085761,0.6848850696581862
0.651733203990155,1.3584238387054062
0.23658730814050555,2.7547073657035126
1.0,5.990735829347431
