alpha,s
1.0478726825157532,0.0
1.0256568173954486,0.23002850276597558
1.0321738040650645,0.679450027778837
1.0057477228986502,1.658347607373365
1.7951954142516258,3.5441577164548357
1.0,5.9930156579965725
