alpha,s
2.32514426662361,0.0
1.3477505234195453,0.008805537803557204
1.1595268633665459,0.10082699884009266
1.2257640641448773,0.5725426192058969
1.882533864734756,2.6593831473394123
1.0,5.999990327063635
