alpha,s
1.0177017357589941,0.0
0.9667931745583412,0.291916346972482
0.9955938337398474,0.7345903819527403
0.969478753670602,1.4353089435780713
0.7330997887806141,3.086116751480504
1.0,5.999943596344464
