alpha,s
1.2922237058060813,0.0
1.0562697691562333,0.170378400812164
1.024117911549373,0.5229039430204094
0.9180700275355357,1.4028914728779427
21.28988294435445,3.23387147362456
1.0,5.9808424233043205
