alpha,s
0.3211209222199831,0.0
0.4817127220426706,0.10562256702907295
0.5355474361696408,0.3415333127175979
1.1795851394769257,1.010855636837974
1.370436960210881,2.738388252612174
1.0,5.983414180491843
