alpha,s
1.0181755578322058,0.0
0.998840158353768,0.10562256702907295
0.8240797616349028,0.3415333127175979
1.4205507587083583,1.010855636837974
1.5033863997368933,2.738388252612174
1.0,5.983414180491843
