alpha,s
0.9575987776326407,0.0
0.9871398197493905,0.44365535488741364
0.8019290862040603,1.4480401947646915
0.40744367190210445,2.7728455376853445
0.0,4.38491247328639
1.0,5.997340084900394
