alpha,s
1.0028199038320922,0.0
0.9775251598390722,0.23954010157143396
1.0961286739880045,0.6707845563543529
1.1820300976602678,1.6298047786001857
0.7427419507871129,3.606592273085933
1.0,5.999376516272296
