alpha,s
0.4718901482807081,0.0
0.6214027706552016,0.10010581751099458
0.8721377396368564,0.2956631031494287
0.7589029811317518,0.7616814184270784
1.3198530533322061,2.9804754720145694
1.0,5.944524031840736
