alpha,s
1.0926141831994955,0.0
0.9360743471725174,0.1095777775568541
1.0233408586222197,0.3265452659680273
0.9972127753993153,0.8390222565037478
0.5173135487754348,2.4958997889972636
1.0,5.993315282002331
