alpha,s
1.4213149385168489,0.0
1.3775075206800127,0.06429321718764287
1.188937205161789,0.22133611148480062
0.9581062951312479,0.7999668556324848
1.495855773677558,2.987794966381491
1.0,5.999430392270002
