alpha,s
1.102224339658954,0.0
1.2034244094302984,0.18180836703387832
1.160923894711873,0.45203135666348293
0.7479322807687812,0.9988889342315367
0.2075032810194366,2.8947191704655864
1.0,5.948979250854495
