alpha,s
0.9965343815899198,0.0
1.0148325946359067,0.18324689673109257
1.2935159681350248,0.5081731221087767
0.7841840923587321,1.0733368630049824
1.3551234868575783,2.8465648177628635
1.0,5.997332809242545
