alpha,s
2.6928309102896013,0.0
1.1349333485087487,0.00500041294137498
0.9325486137621266,0.047236081884619134
0.9178200698289672,0.17303218981545487
0.9077649845685355,0.5026085762126737
1.0,4.3911553303150335
