alpha,s
0.9837576652806741,0.0
0.6933039302961191,0.05065397032717325
0.6078200564821649,0.38010847401406095
0.28064198743592184,1.4363711507971075
0.09147949626087966,3.5211945015459634
1.0,5.996552406260109
