alpha,s
0.8267690690781384,0.0
0.9376543946217151,0.19934771092674233
0.997328795680844,0.4730318258361407
1.0302862629541945,0.9903215284684497
1.2730532504994714,2.57536295925404
1.0,5.985904401571707
