alpha,s
0.9655876184484198,0.0
0.8416230360925814,0.2870342199240086
0.8404763718061509,0.7316028162113224
0.8774237699580381,1.4331516052946653
0.2937920433605972,2.8462200434188176
1.0,5.995048617075161
