alpha,s
0.6963829264375194,0.0
0.40344897762944465,0.048779225952020284
0.2816166449730007,0.37649449367488946
0.07749759719820407,1.3471148663532626
0.02168915519827415,3.4549909053717256
1.0,5.9551997650955855
