alpha,s
1.1420950737336812,0.0
1.2430999174217725,0.18379115230206447
1.1201061518068383,0.458454789071265
1.0346427652440848,1.0265699241864437
2.1864604350904377,2.516083237122905
1.0,5.980710912934331
