alpha,s
2.953118916541612,0.0
1.3126100077435852,0.009785526846185761
1.1586470846059636,0.10990933198134223
0.9515565322183985,0.648048617309727
0.6441881345602865,2.7065300390955436
1.0,5.989266664709087
