alpha,s
1.4922768139463438,0.0
1.9586797888657421,0.07306121699746365
1.386602432203068,0.22559393615264173
1.1709691168099878,0.9103526785612218
1.897032981169289,2.9960560340606808
1.0,5.972862888831962
