alpha,s
1.0935169513070495,0.0
0.9693820340499991,0.26629092297566975
1.0381705996689867,0.6749906580569646
0.7531542849026112,1.3655520392192235
1.8544671141435467,2.9880193994128526
1.0,5.996017738958289
