alpha,s
0.454050520354329,0.0
0.287993247342644,0.3963613812607053
0.13469970147377802,1.3613633742827707
0.022888510007690023,2.793739431185631
0.029080124827979004,4.413306840524828
1.0,5.999435173714486
