alpha,s
0.9697237540754002,0.0
0.9660245498842066,0.2979912881163225
1.0856479972863766,0.6934407987132393
1.0309622093501392,1.3540031748253178
1.0613121146867042,2.874158483647188
1.0,5.999140476080965
