alpha,s
0.4372490138484523,0.0
0.5887686793693999,0.10157243077440486
0.8192092037636943,0.30462114149177444
0.9583245645279537,0.8296015244136316
2.292154645026219,2.695883672053806
1.0,5.987072630484821
