alpha,s
1.1951977103087208,0.0
1.1562826531578736,0.10157243077440486
1.1867170834828742,0.30462114149177444
1.0894797861955126,0.8296015244136316
2.3701227945712753,2.695883672053806
1.0,5.987072630484821
