alpha,s
0.5003249534533079,0.0
0.3015817074466238,0.44005670394425905
0.10431226330203823,1.467287554770627
0.01450629830828691,2.9068310817367378
0.0,4.499477237142169
1.0,5.995121129725286
