alpha,s
1.6422984582282818,0.0
1.394440594298038,0.05663784859545436
1.0860881931453157,0.22012845646744664
1.3030865560542357,0.8786061953259939
0.9318527875307006,2.937972721472312
1.0,5.994528276997728
