alpha,s
1.0060716047785179,0.0
0.9968237342159959,0.2515045135402638
0.8738128546932927,0.6902962599111028
1.29046764997151,1.8314292967690287
8.808750229698227,3.8612350412871472
1.0,5.983755635586228
