alpha,s
1.2547917772118942,0.0
1.097658292554749,0.14924503432903372
0.9104109962603061,0.4124925181459166
0.8561635908778177,0.994722058377075
1.4765425274050175,2.7609996175462426
1.0,5.99868064097391
