alpha,s
1.1401691817514983,0.0
1.0461023020785294,0.16874293064161353
1.029669029249261,0.45886121749061703
1.0741576122384082,1.027455734280354
1.101613625862297,2.6431580849074163
1.0,5.992956731263192
