alpha,s
0.4077933692700005,0.0
0.2324339163740235,0.3923830170575349
0.06749218300860307,1.3945729181235909
0.017388048010782434,2.8136637631213257
0.010278158841645681,4.354863444689873
1.0,5.997671676438493
