alpha,s
1.2563552587511717,0.0
1.1858387281398743,0.4681291799862062
1.1218541178492623,1.3881473948192664
3.8568394653705753,2.8675604667710255
0.0,4.452501772951539
1.0,5.995326828831384
