alpha,s
1.2676094262425983,0.0
1.1739823493822645,0.4681291799862062
1.1018798066550637,1.3881473948192664
3.8225536767046275,2.8675604667710255
0.0,4.452501772951539
1.0,5.995326828831384
