alpha,s
1.0546341144034717,0.0
0.9575298319736186,0.26852624107181233
1.0257119632918148,0.6716903915758515
1.0881216087700971,1.3214364519087438
0.8925076316568311,2.784610669851993
1.0,5.994477478999483
