alpha,s
1.1137056772903466,0.0
1.084296019639399,0.23309382291202363
1.0261205778193812,0.6718440662382611
1.0415897412239785,1.707578350849205
2.1029555452138706,3.6472834218607555
1.0,5.990406538957679
