alpha,s
1.0278592223650473,0.0
1.0756365807388737,0.16271359371069585
1.0684577384214535,0.4137102904772543
0.9930963696873368,0.9698636493807186
0.4642024282106544,2.7037723300527183
1.0,5.997686577174473
