alpha,s
1.2857116527847188,0.0
1.0151176339165413,0.13505976657533106
1.1099770866504213,0.4172170993629983
1.154759846019873,0.9367971534174419
1.5482294962246779,2.4274377147688595
1.0,5.95482821867935
