alpha,s
1.3632726520318161,0.0
1.2459724062130084,0.06373841052739705
1.0834013586074613,0.22679097281615507
0.9692713842121258,0.7714992370210197
0.816568629270971,2.682105513101818
1.0,5.999391676628078
