alpha,s
0.5677822421226008,0.0
0.3359934904007199,0.423708438619201
0.14691982887922145,1.4296550079457013
0.005546965996820803,2.874375009063066
0.0,4.354944515571736
1.0,5.996486975196702
