alpha,s
1.0520527889045717,0.0
1.0186189044142537,0.18224203812981127
1.041821295630337,0.47435165167965715
0.9123556603589853,1.0592596441990583
0.6925069028539731,2.8736019966405393
1.0,5.998472566518466
