alpha,s
1.030319008223554,0.0
1.0147226027721572,0.19094337237228434
1.0093661015032986,0.49946370232118686
0.9283998244180169,1.085039765776072
0.824028447029341,2.8466829835804277
1.0,5.999664586242487
