alpha,s
1.562885595391877,0.0
1.093678437548558,0.4399346689863285
0.9160709439289488,1.5062893275219167
1.0585985036757755,2.94256772678074
0.0,4.464579910055586
1.0,5.998061661988359
