alpha,s
1.0829767731869417,0.0
0.7278108062647007,0.4399346689863285
0.39210064639742,1.5062893275219167
0.2014823600697307,2.94256772678074
0.0,4.464579910055586
1.0,5.998061661988359
