alpha,s
1.733868368281849,0.0
1.0571343672355697,0.05773966063416203
1.0279678889395065,0.4888047099280979
0.9755426828324805,1.759658001414567
2.4534473197562776,3.924524976211242
1.0,5.989383387976931
