alpha,s
0.8583142606547222,0.0
1.017768046438491,0.259742653523749
0.8295024040823368,0.655689733557465
1.4509300661573752,1.5201056361526522
4.543512824763866,3.423449502323801
1.0,5.989183921298904
