alpha,s
1.2199068678770681,0.0
1.1687261774862467,0.1722077964913963
1.148047598871048,0.46090994952520953
1.072834836290222,1.1316237079952456
0.32489211244157784,3.0237132911877858
1.0,5.984028995473594
