alpha,s
1.3351223616111898,0.0
1.0458696176145312,0.07397174970539465
1.1509065518897488,0.2970803817654701
1.0447876374576062,0.8663027073864723
0.9599889155040402,3.0229578885756996
1.0,5.98087626872484
