alpha,s
1.168605905945438,0.0
1.118954326613878,0.18009034064200424
1.1322447987655073,0.4730778148486776
1.149878640192225,1.0766340633121851
2.960700573095871,3.141003991190914
1.0,5.98703958873223
