alpha,s
1.2856222690805912,0.0
1.2870676780156354,0.06416360580736162
1.2042367418910735,0.21024398413701864
0.951809860216656,0.720895677328992
0.7817389700467394,2.74706658212922
1.0,5.991681495995674
