alpha,s
0.9808195978801396,0.0
0.9643087991125936,0.3270617097041736
1.0213167684696325,0.7599335076114824
0.9918948624189989,1.5047172323184541
0.91328517109226,3.2162830185160787
1.0,5.980708355774048
