alpha,s
1.7164955596863518,0.0
1.0277882089158197,0.05613931196097235
0.8362404575260352,0.4607946894018961
3.1242723253612867,1.6546664398633324
0.0,3.653300368087784
1.0,5.988485316523537
