alpha,s
1.0715663586362376,0.0
1.089675212990971,0.47406096698190436
0.7287106006754007,1.4355311743107373
0.5329044162770051,2.8834353068502496
0.37140781886887786,4.409842094591357
1.0,5.997098935629831
