alpha,s
1.6874899325799355,0.0
1.0526804028522225,0.41784735060643474
1.8066207356700705,1.605912233605757
1.1402589762762112,2.9310139570204576
0.0,4.558893847527191
1.0,5.983589205068232
