alpha,s
1.542999048408974,0.0
1.0995360566203416,0.3832838921736441
1.1231490937162403,1.4093270007855012
0.44943146292246383,2.8285097642906885
2.544693773741961,4.4118092223993814
1.0,5.997001569563778
