alpha,s
1.0363547499712633,0.0
1.0481236608196247,0.23847875505955907
1.0671516041414104,0.6623869329526494
1.2346218339755308,1.7225377277846525
2.3138037092600463,3.6780727721124893
1.0,5.994284436472615
