alpha,s
0.9980787645284807,0.0
0.9912793783502881,0.2905073738518949
0.901595439850198,0.7121778535511288
1.0305761282658958,1.4567460832249604
0.831984011547522,2.952812917673265
1.0,5.998335260651519
