alpha,s
1.1116266721496721,0.0
1.0687300713073862,0.1810171572552596
1.0717793898971193,0.47953510838690727
1.147822122983124,1.0882565532686026
2.3362401532433488,2.7895850689074564
1.0,5.999518913263189
