alpha,s
0.9287317627960936,0.0
0.9552577212107366,0.2952539750744516
1.0772711756898712,0.7085003095069865
1.0235565232558836,1.3195047457939189
1.2166904275705435,2.8964029353122847
1.0,5.998137891557055
