alpha,s
0.8244487309051938,0.0
0.5177080158445476,0.4153714375300213
0.23467531492975574,1.4891951603973015
0.01181400353358974,2.9027779110937635
0.03481396580884861,4.4216810483192175
1.0,5.998717648421542
