alpha,s
1.4525463945308574,0.0
1.7751973922375976,0.07136982016977346
1.2245159922637445,0.19795046245470893
1.2539578259758708,0.6665282301347671
2.067950738882766,2.4102762206367347
1.0,5.928301495283375
