alpha,s
1.3917204710044593,0.0
1.2109577096991264,0.4029806762021748
0.8610427093943291,1.3790140673960862
1.7667796196996803,2.937956782705986
0.0,4.400738760466621
1.0,5.9987899868842165
