alpha,s
1.1879415566437996,0.0
1.1664078090210306,0.4472369839760473
1.1467528462257652,1.4157344426831808
2.158651700784895,2.7871284784592905
0.0,4.394167542659061
1.0,5.992919168798222
