alpha,s
1.1827116306395098,0.0
1.1209644655185556,0.44106194961580975
1.1075120765768283,1.4511896842722416
0.8792472221771727,2.7621633538474124
0.7915244588546206,4.318296695180376
1.0,5.997550932274296
