alpha,s
1.0262162214197779,0.0
1.0561657115485783,0.44106194961580975
1.0296399875720004,1.4511896842722416
0.7490117377136166,2.7621633538474124
0.5993039835710415,4.318296695180376
1.0,5.997550932274296
