alpha,s
1.0894291671836878,0.0
1.1767520050262463,0.19499400290015026
1.1637778210910648,0.47077060891113454
1.1251263578762083,1.102407400646869
0.5151727482937967,2.863264880460408
1.0,5.997737328342575
