alpha,s
0.4438501459656403,0.0
0.5892474439998526,0.09965708419351166
0.7904044506592688,0.2950725608226572
0.8536206040207731,0.7386929258539063
1.655898437267377,2.287559825170341
1.0,5.998244160104575
