alpha,s
1.5511533974042109,0.0
1.0691303648856056,0.439313758608075
0.8734640244905426,1.5415729315450517
0.8132664104201188,3.07620277305412
1.2574196253826961,4.520339348426588
1.0,5.995236679834766
