alpha,s
1.5172627412563278,0.0
1.3326986338594569,0.06421918663790663
1.2666954809122735,0.2343054869159687
1.2293313840370415,0.7414380175191871
3.8333988350631207,2.5132588628765498
1.0,5.990790345037924
