alpha,s
1.1127648627693827,0.0
1.1262637502585837,0.19230311533738656
1.1679442910329076,0.49129671636787386
1.1334325541288957,1.073258984830531
4.385550267173471,3.1375019679500507
1.0,5.9904177259809535
