alpha,s
0.9794985788752933,0.0
1.0387328941402247,0.3899037267789877
0.8508064724436191,1.3294751088737762
5.902330413267628,2.8061657373850366
0.0,4.239829045652722
1.0,5.987092901852452
