alpha,s
1.091202281233827,0.0
1.216872134751044,0.2210506660270068
1.3380468792079652,0.6077557137263012
1.9713926531390502,1.5006533490785592
8.170431251719199,3.400453435467364
1.0,5.993080483140195
