alpha,s
1.1743481994823868,0.0
1.1545832392128026,0.21776740369182587
1.3660302778292988,0.5565450383627745
1.0528549439626755,1.3389394781956505
2.712488588850831,3.450189222926871
1.0,5.989446818188054
