alpha,s
1.0249084192758764,0.0
1.221843450840418,0.1805245285850042
1.1977287994260855,0.4320659078131444
1.3421253353218774,0.9529099372169724
1.4779150418790084,2.5110979471355708
1.0,5.972052970936554
