alpha,s
1.135549121161301,0.0
0.9641924465836264,0.46396960546466665
1.1145916275523517,1.6002423843545759
0.35871668974294124,3.0134545522237453
14.644285703181884,4.500468996521741
1.0,5.998970140149566
