alpha,s
0.9864871160470082,0.0
1.0339753634326092,0.25750551654693615
1.0217487223897581,0.6994208798585425
0.6566585908507121,1.8124214312484717
0.0,3.678746880521514
1.0,5.9962364314747685
