alpha,s
1.5422727579257178,0.0
1.51115718172517,0.31062642845863286
0.9943383298320598,1.250539789159419
0.6044302765655861,2.953164296674325
0.0,4.4328077328964
1.0,5.986983309550743
