alpha,s
0.47486717764967346,0.0
0.2906309927730985,0.043978369541680905
0.13522651546480383,0.32298141479899733
0.029210696853295658,1.627175878395378
0.0,3.799968467415898
1.0,5.996055634243717
