alpha,s
1.5465326530555958,0.0
1.1574961548051752,0.41234054165099554
1.3673594182496218,1.3275037911813057
1.0210628660647336,2.757498746809165
3.7435820719900454,4.300329380349303
1.0,5.9988531938767125
