alpha,s
1.1928709156229094,0.0
1.0104621059597747,0.41234054165099554
1.1946965338095088,1.3275037911813057
0.7935588413952405,2.757498746809165
2.9275878410641933,4.300329380349303
1.0,5.9988531938767125
