alpha,s
0.99684200130285,0.0
1.114593427765339,0.25373018308856277
1.0450362848702965,0.6047179198954421
1.0175178646957614,1.2429992449916183
1.5322126979651383,2.7224971641123124
1.0,5.958408355117618
