alpha,s
0.5314506801657265,0.0
0.720592355251745,0.11995528782708889
0.8583977537461143,0.3413628186520295
0.9816672060163811,0.9200622189945865
2.0647391494224636,2.875652445011774
1.0,5.987622384154683
