alpha,s
0.8966679943008198,0.0
0.9224844376300755,0.19876563291219126
1.0469206990395767,0.5407798018121868
1.030383036598486,1.2229562410508765
0.6383223337957098,2.812833073591082
1.0,5.9955130593519
