alpha,s
0.564640556985618,0.0
0.4057605591465384,0.4106211863708282
0.22598180787107847,1.3360607036200338
0.04276137936128218,2.616133934311616
0.01711785536403173,4.301597645865182
1.0,5.999670982014868
