alpha,s
1.3271979780446654,0.0
1.1118903449624382,0.4106211863708282
1.2241925263024334,1.3360607036200338
0.7259379304085808,2.616133934311616
0.4962398984875724,4.301597645865182
1.0,5.999670982014868
