alpha,s
1.1043797347455424,0.0
0.9558610663334848,0.3860239564434585
0.8388517678965419,1.4301800754857006
1.1282899738398442,3.098078058632141
0.0,4.597323128130203
1.0,5.988656170161198
