alpha,s
2.8254698669269183,0.0
1.6125155326054426,0.008969619290884755
1.1478463267705648,0.0952664313608003
1.1887226325405778,0.6711960034415372
1.4437927644816146,2.9094084192229985
1.0,5.999879831044282
