alpha,s
1.3182453964351737,0.0
1.2333595288082828,0.06369941383757143
1.1122445740812126,0.22563041252578842
1.0944399379519474,0.7619160693329821
1.3151425065300684,2.7657620173816975
1.0,5.997618031822307
