alpha,s
0.4359258683725723,0.0
0.5710693925265251,0.10711164946798127
0.8461351793514041,0.32929177760741046
1.0047047173992523,0.8507858045228155
0.5341976639163365,2.7795795634477543
1.0,5.997617016774276
