alpha,s
1.5730513862217204,0.0
1.5645193039412728,0.09199885352219973
1.1381451157441211,0.24906005873095463
1.1150369826744988,0.6567123186325082
0.5564070261825118,2.266345179058186
1.0,5.985293635918074
