alpha,s
1.11302683150971,0.0
1.155682956079974,0.4608854987350128
0.9402121372926283,1.4031502881937647
1.4391850267008373,2.7245980560526735
0.0,4.318573184782814
1.0,5.997756381859341
