alpha,s
1.5276592306472456,0.0
0.992937022539779,0.41530017418171383
1.3761308307662117,1.4385658205375362
1.5390217712614191,2.9336854809380073
0.0,4.478644752810892
1.0,5.9997242019935495
