alpha,s
4.273318530655208,0.0
1.8819128444738162,0.0076242836332742646
1.3591992175948362,0.07613460869126003
1.1591475985919564,0.5048161374027798
0.5234249124196361,2.572622744700953
1.0,5.981588501404286
