alpha,s
1.1262482420622792,0.0
1.095788737373861,0.1560505725929723
1.0373366552530916,0.4206544219791969
1.0178712405945034,1.035021847269673
1.2010757778124694,2.8779865483446176
1.0,5.9953312535014485
