alpha,s
1.318248169863336,0.0
1.0728436835056183,0.513286019454254
1.0227802226195724,1.4876180279293894
0.8650917500388138,2.9668451300934207
0.0,4.511381874793499
1.0,5.98966972928154
