alpha,s
1.312334904357528,0.0
1.071651229738505,0.513286019454254
1.0340341657956693,1.4876180279293894
0.8936774210941844,2.9668451300934207
0.0,4.511381874793499
1.0,5.98966972928154
