alpha,s
1.2284941574505939,0.0
1.016430425100325,0.1736719277691838
1.0563047288440814,0.4944277852165002
0.9027325239930931,1.0948987181259497
0.36758624999107453,2.9372090414676677
1.0,5.965134664511344
