alpha,s
1.1336646490047322,0.0
0.9939025259571638,0.4434370638422731
1.174248333965211,1.3413355838819878
0.8252536088152536,2.7692575385242395
0.0,4.367918773867547
1.0,5.988210435685334
