alpha,s
1.1898703685431753,0.0
1.0989470486461699,0.42800592803065773
0.8341639518268107,1.379271803190902
0.6186463019161506,2.814267401796518
0.6013350470233986,4.327940220013241
1.0,5.999348214020649
