alpha,s
0.9506596500715401,0.0
1.2653635610967149,0.2515694131725287
0.8900892007157357,0.624970332209312
1.019866297032419,1.525724075385503
0.0,3.5606683767901903
1.0,5.949013203865756
