alpha,s
1.1730253609624683,0.0
1.1138750877984425,0.19768303465783552
1.3973112841895974,0.5717302097034782
1.4334442842031032,1.2682761438488104
2.888625399120633,3.212511026106647
1.0,5.996871818969331
