alpha,s
1.1562885045652591,0.0
1.0114762099750614,0.12937198571923797
0.9423019468786266,0.5103405315136194
1.1562800441286851,1.6141852321997818
2.7068117831991136,3.691624088471256
1.0,5.99763585198303
