alpha,s
1.2713291859987363,0.0
1.1775347089794503,0.4342597995085795
1.2377616604246064,1.4688256267337862
0.4077509924636206,2.841569872992297
42.71164256424797,4.4560823631449455
1.0,5.997766038908007
