alpha,s
1.0259342623165293,0.0
1.1150559667264668,0.11058360353434614
1.1714027211577045,0.3130018868030479
1.1468055100891232,0.828120273816106
1.3597892463557544,2.8237534767045336
1.0,5.972818072673187
