alpha,s
0.3601746387575007,0.0
0.5678611368640468,0.11058360353434614
0.8089253047745681,0.3130018868030479
1.0177594326356818,0.828120273816106
1.284613959242268,2.8237534767045336
1.0,5.972818072673187
