alpha,s
1.1451897137285927,0.0
0.7591712083012755,0.3899362876899357
0.38072597045750334,1.327218624292736
0.13833252053286596,2.73255923394556
0.0,4.4638731096316295
1.0,5.998764117371152
