alpha,s
1.1055372439531783,0.0
0.9525252313111875,0.47919101841958855
1.1632656959673866,1.429906142038618
1.4229301157944563,2.8075161681007916
0.0,4.363698914374882
1.0,5.996026927826261
