alpha,s
1.2759043430107848,0.0
1.0377271998626874,0.47919101841958855
1.276431936403802,1.429906142038618
1.6308927262993709,2.8075161681007916
0.0,4.363698914374882
1.0,5.996026927826261
