alpha,s
1.0734099880896844,0.0
0.9445369734362301,0.27563647671990565
0.911790645021583,0.7109806482964215
1.1411517326526464,1.4994017026694701
0.6975754824174022,2.9746390452291567
1.0,5.9994691764130295
