alpha,s
1.1362514402892807,0.0
1.0335150963539177,0.16981106281338731
1.0162059727833632,0.4279729555852202
1.2851190005185986,0.982166376794535
1.4223315767275346,2.663284389710132
1.0,5.994328919271642
