alpha,s
1.051919825047624,0.0
1.1300244413105047,0.2160317885989018
1.0168103844703413,0.6163673024397681
1.02084609664619,1.5807913102041513
1.1340264242767324,3.5371618016854818
1.0,5.999939390785293
