alpha,s
1.0260520708107215,0.0
0.9971343832004359,0.08684996173977698
1.1578786522661348,0.28497267689312067
1.2116639336206123,0.7829106796927009
0.5759525927832193,2.838978782298456
1.0,5.9993802423568425
