alpha,s
1.4326129087206037,0.0
1.0960221139196282,0.37964340144012637
0.4637628627884897,1.4834700167043289
0.33497330265693703,2.9264760194100505
0.0,4.261967050753887
1.0,5.994415964910928
