alpha,s
0.9982045694714599,0.0
0.9924070447239814,0.2005452037959773
0.9968739385753979,0.5082199229901548
0.7414231411538188,1.1447380167617205
0.27725450248063094,2.990051414009945
1.0,5.972267249027852
