alpha,s
1.3438986792033651,0.0
1.3051211787356383,0.06198689116550181
1.1523177676993779,0.2167642864237849
1.1371126993583285,0.7845426184267977
1.0885924345100264,2.887204452005445
1.0,5.9905246134667705
