alpha,s
1.4120192429648901,0.0
1.030031141567264,0.06033764180902154
0.9512596007095774,0.2479252546800398
0.9723623104725115,0.8111340814602175
1.8991543729253986,2.446568727365516
1.0,5.984823949111852
