alpha,s
1.1696968934351768,0.0
1.0373245515259468,0.46613053769470797
0.9582540921001025,1.4198932279545198
0.9643869114322133,2.850453116389207
6.123102995687262,4.456093905510233
1.0,5.992917172767206
