alpha,s
1.502444738518969,0.0
1.1662355964958568,0.42523024273331894
1.0463540951620918,1.4000288577137914
1.506734513390501,2.806284313090163
0.0,4.3922187741246645
1.0,5.99795261451284
