alpha,s
1.325927576416597,0.0
1.2112345158079258,0.16639639567779624
1.2359222107424546,0.44484363472679883
1.3004078209421395,1.0496492818719496
2.9360779683970786,2.9384963402962825
1.0,5.985208571346129
