alpha,s
1.045979430451192,0.0
0.9225669937072893,0.24351306985616902
1.0712743545228398,0.7522983447377675
1.1448487081527103,1.627894158613833
0.0,3.6174647410808434
1.0,5.988211071420912
