alpha,s
1.3614656293642873,0.0
1.2387929773779598,0.14634265235764066
1.2568428149822735,0.4272480221152935
1.066719105413236,1.0624480135997403
0.8883162895944714,2.870641975300786
1.0,5.984027702015109
