alpha,s
3.5921131506550106,0.0
1.9721935513470934,0.00813778412529952
1.4983533343683442,0.08437959806379106
1.23845697769693,0.5534492008018507
0.3130413417898338,2.3710935161891817
1.0,5.986850773105178
