alpha,s
1.1632844015607624,0.0
1.0111352398338056,0.10436509317192799
1.1668479302654946,0.33442090817105086
1.0295219125934152,0.8664310397410273
1.5776763046183249,2.785013960164391
1.0,5.997671284501403
