alpha,s
0.3704629358903676,0.0
0.46360400228428666,0.10436509317192799
0.7595236767160488,0.33442090817105086
0.8755855811231359,0.8664310397410273
1.4556653888834448,2.785013960164391
1.0,5.997671284501403
