alpha,s
0.4375792268703984,0.0
0.35829945529387464,0.4388954494809857
0.13985215738747334,1.32816677702761
0.04866712294679054,2.7878243137254346
0.04423646739206441,4.199588963294157
1.0,5.979398970034076
