alpha,s
1.3216916428669148,0.0
0.8574841773076394,0.4763717288947388
0.5792974770258427,1.652775873429325
0.8334759141001654,3.1213369732166263
2.188610863969285,4.550650462278578
1.0,5.983230507377603
