alpha,s
1.127662230736653,0.0
0.9519288619721684,0.3857545580490583
0.8239288484547538,1.3306503534573297
0.43594355094471793,2.7560660626953912
0.0,4.361508388334818
1.0,5.999167565573394
