alpha,s
0.5411331986094219,0.0
0.33405613380887,0.3927549486642948
0.10513096543037802,1.452551058211324
0.0493585629999619,2.912846616131956
0.018097181374595653,4.4485445612020325
1.0,5.999437835215962
