alpha,s
1.181314100068581,0.0
1.1017748667449117,0.1625338346000985
1.6219928129889045,0.4522098073050984
1.1646043913175417,0.9204604317738574
0.48289701264203194,2.6349996134505154
1.0,5.963162596044032
