alpha,s
1.0480688010086803,0.0
1.0715845393907826,0.5000866484859683
1.4168280465159562,1.4163582019689993
8.873436746612608,2.880406404991838
0.0,4.482964427128098
1.0,5.999472066968235
