alpha,s
0.36105783634485095,0.0
0.4420980295010403,0.1010389810863406
0.6035060860450897,0.31530362262543
0.68029468185185,0.8480360939625748
0.2871382250702021,2.6047904602478
1.0,5.99509364951354
