alpha,s
1.2251737871013695,0.0
1.0711828643466152,0.1010389810863406
1.0672521542248605,0.31530362262543
1.0206889690820042,0.8480360939625748
0.7372628857180197,2.6047904602478
1.0,5.99509364951354
