alpha,s
1.3213654798758745,0.0
1.1793559571052012,0.1461697392098675
1.1189249700164547,0.4194221336368159
1.2316978418065718,0.9999261294271585
1.5283696652307883,2.931464767061828
1.0,5.994147125400241
