alpha,s
1.07856713810345,0.0
0.9659319414611802,0.1773913131341338
0.7976838887243972,0.475030146011583
0.9860962382718718,1.1781303503761338
2.082282019587979,2.9098243893880387
1.0,5.991149894395347
