alpha,s
1.1255463748365446,0.0
0.8859630077775512,0.2162463194699093
0.8676884890332199,0.6961674700171551
0.619868090875416,1.7650654737785152
3.122766047840006,3.722187696208677
1.0,5.999844259690949
