alpha,s
2.2848770923361896,0.0
1.2437682828280767,0.008180514029505785
1.0772280512354355,0.09035166684798153
0.8619838144126076,0.5217813235309364
1.0386428102474725,2.5132658257102776
1.0,5.994777150606821
