alpha,s
0.42358314557918064,0.0
0.5329675661278866,0.09968790057474286
0.7033669305996744,0.31116001710210006
0.8726494531206412,0.8942978034455003
0.5615365318618348,2.5584001214792327
1.0,5.98735469700126
