alpha,s
1.2541163592682716,0.0
1.0589554096096907,0.06645719502649702
1.0960882514910142,0.41194238841459707
0.7560587212872821,1.4837916449317585
0.8805155566251387,3.6255311069927028
1.0,5.979375457827342
