alpha,s
0.9016089695019038,0.0
0.894972978519033,0.17528524180017882
1.004136351115837,0.4639453530994431
0.945538574565743,1.0117746152088771
0.4476710910489948,2.573577004617911
1.0,5.999052018500581
