alpha,s
1.4600913109163145,0.0
1.0276996790336366,0.04521170667079925
1.115381693711369,0.4072634914921148
1.1238748316165441,1.5256948443127027
3.421333096100043,3.6699845313278194
1.0,5.999674836322663
