alpha,s
1.0854895860075333,0.0
1.2031949477133377,0.41783582105294104
0.8288423986438104,1.4107973933269309
0.0,2.935031337981423
0.0,4.241673387098607
1.0,5.984474249896973
