alpha,s
1.0820670690214051,0.0
1.1376650033301805,0.10798551961799309
0.9494162707965966,0.2982141340435689
1.0214691452779794,0.8585050975716846
0.8638363492091955,2.705438950306673
1.0,5.997757827631199
