alpha,s
1.2407645685809774,0.0
1.0721479863840062,0.14133114419122825
1.0066858877314964,0.4143451869304931
0.931293264007185,0.9608204649070292
2.07670633389238,2.70559155123798
1.0,5.956214784440507
