alpha,s
1.2337251994563474,0.0
1.2375498988078624,0.06527558755907574
1.0502851786098213,0.2157332763018955
0.9859110699663113,0.7384323399895002
0.9153872360181486,2.612183633268607
1.0,5.968421527194055
