alpha,s
0.689078858326379,0.0
0.44627526843914483,0.03686237384160195
0.25921072360431435,0.3385025760956337
0.0796174545923391,1.4476418474018087
0.0133148094875504,3.655466084810518
1.0,5.998357841394427
