alpha,s
1.0642685763407451,0.0
1.1134972276702628,0.2889853538127908
1.2603681077904108,0.7263171305556229
1.4400647098487167,1.4324874068122597
11.735951705986054,2.847776908845309
1.0,5.988118982778214
