alpha,s
1.5110329686161459,0.0
1.2274898618735952,0.06843703792292309
1.224871670872099,0.24945939949663345
0.9769080229606192,0.7797280766283898
3.6789637379788838,2.4516189515305116
1.0,5.998369243938542
