alpha,s
1.0911234236651566,0.0
1.0648802874942853,0.15335413622830152
1.0035816388929946,0.4153981806865139
1.0523213227317139,0.9811429042831136
1.2562179666955164,2.689444228921902
1.0,5.9986434465659855
