alpha,s
1.2004778734107928,0.0
1.1409829306094683,0.10261078358250698
1.1141174190642444,0.30460993921758134
0.830358636866431,0.890027443096616
3.8462204806544693,2.816130487709106
1.0,5.984331261346034
