alpha,s
0.7340212306207318,0.0
0.8165708343756563,0.10261078358250698
0.9116210347954207,0.30460993921758134
0.7502329167883232,0.890027443096616
3.6999392753583256,2.816130487709106
1.0,5.984331261346034
