alpha,s
1.0927587469737243,0.0
1.0439534798727446,0.17507505944576188
1.075053696362438,0.4740835843991048
1.3412743804007126,1.106753187783751
0.9672209502088738,3.0355144202349353
1.0,5.997415412579667
