alpha,s
3.231920314488504,0.0
1.6760966539745181,0.010948046647007544
1.2702215699477768,0.10603697124744293
1.2780688915161522,0.6372981042649021
2.1681545745746345,2.8806678668276917
1.0,5.993600758270938
