alpha,s
1.1349997400170133,0.0
0.8848501214322865,0.4704733105746816
1.2398265716125,1.512774949232549
4.561180945049914,2.9140132797880582
0.0,4.308923328797543
1.0,5.996663583055075
