alpha,s
1.3988422339050417,0.0
0.9664001322286612,0.4704733105746816
1.3042407465204613,1.512774949232549
4.634170831396641,2.9140132797880582
0.0,4.308923328797543
1.0,5.996663583055075
