alpha,s
1.0875749694443744,0.0
1.0118063666456558,0.3952287456027516
0.6069227504088592,1.3750293823751756
0.15269718891717765,2.8309305752702176
0.0,4.472602039719843
1.0,5.999983367294961
