alpha,s
1.40404037301104,0.0
1.0302877221362199,0.43150799313596877
0.9575445434321044,1.515924019703263
1.0350096233280555,2.920723975046444
0.0,4.37479355818746
1.0,5.999891244049595
