alpha,s
1.200519820450353,0.0
0.8562767917955482,0.2582653738867933
1.131224223358599,0.7306232111810763
0.9431684327902359,1.3587809844958478
1.0851580586304923,2.763828634191497
1.0,5.930896617260046
