alpha,s
1.3013229530533141,0.0
0.959958433475449,0.0510739863878325
1.0961144348572798,0.41684986972765387
0.8150452651602165,1.522526531892985
0.4407505331497425,3.7490930099118387
1.0,5.998528447044706
