alpha,s
1.1400004861744872,0.0
1.071278125749548,0.21952075553975023
1.0655613282430423,0.6681396598502385
1.1470875200606354,1.692778676641631
5.7789269868142075,3.625937058197214
1.0,5.996519874516591
