alpha,s
1.1902256371115818,0.0
1.2863076710252952,0.0973712471051754
1.103555122493553,0.2863677239171819
1.3025584941983739,0.8314762166190449
2.8375846561165976,2.8277803409070605
1.0,5.949970903374793
