alpha,s
1.4376014546918405,0.0
0.9513597757530076,0.06478637904435032
0.8171135906772925,0.4273377571002386
0.6776438967836783,1.5579002963181252
0.41948620063491016,3.529138420801879
1.0,5.987409005119555
