alpha,s
5.139186414709654,0.0
1.2933637083958553,0.004711751395488362
1.0023446888999716,0.05796181125312936
0.9340411528759308,0.20404126699384784
0.963563688419118,0.5830204843756567
1.0,4.130450388422831
