alpha,s
1.2741768175326855,0.0
1.0380015915907022,0.4582709401964647
1.2437259769626952,1.4757183498719382
2.7528604077751306,2.755418663815761
0.0,4.354276085880882
1.0,5.997331982880179
