alpha,s
2.6864909098470893,0.0
1.3896686304119021,0.008193419185304304
1.155014184350928,0.0945950115961322
1.0641519715490149,0.5592482749930794
21.59597897295116,2.6250667895369513
1.0,5.997727507066356
