alpha,s
2.3534989942116886,0.0
1.4471064576891164,0.008190948229379403
1.0566189395191543,0.08606423894612408
1.0772228382652214,0.6263451005544074
1.2322619209921701,2.8050024319612676
1.0,5.994615045559544
