alpha,s
0.3954594809369007,0.0
0.26157618388130194,0.3855420824047989
0.12247308613432259,1.3455734468145253
0.04658637259248853,2.665008245235909
0.01191921650854993,4.203396997752046
1.0,5.995634074010397
