alpha,s
1.6208687258730599,0.0
1.0290145961837687,0.41557407255927514
1.2795956742846555,1.4732904743514748
0.6684140501743752,3.0439951803385883
0.0,4.463287737381275
1.0,5.987759087680541
