alpha,s
0.9536828512604015,0.0
0.9739537651582788,0.4401201677228506
0.8570027106472462,1.4486590144748865
0.8480250067265583,2.848666795347094
0.0,4.309397420502323
1.0,5.996471879127376
