alpha,s
1.0325534032522745,0.0
1.0727689230598667,0.2204925351781811
1.0887897401942885,0.6423824242970337
1.4577290697739016,1.6297081441405856
0.0,3.720752214610163
1.0,5.988616550028345
