alpha,s
1.1211511031070407,0.0
1.0809669478823893,0.23309382291202363
1.0128739426145532,0.6718440662382611
0.9910666961089241,1.707578350849205
1.6342317167844436,3.6472834218607555
1.0,5.990406538957679
