alpha,s
6.061664785452337,0.0
1.7441442887836698,0.04732712441097406
1.3595255567755695,0.3716134758274459
1.2291694840301919,1.429131196463423
0.9646491659726776,3.6009686869222683
1.0,5.9998128862803215
