alpha,s
1.0988900326513746,0.0
1.0119686921271493,0.17771540382783227
1.0152578621287838,0.47650562861830725
0.9156232144453329,1.0685558743935748
0.887711432318579,2.846629650933472
1.0,5.994478647904991
