alpha,s
1.0316949196061864,0.0
1.1590987963387605,0.19003471630391447
1.0948845489967973,0.4671302761735286
1.0871906600077623,1.0212531499759159
2.4480852456820688,2.67822568273906
1.0,5.995322773360505
