alpha,s
2.1428762253106792,0.0
1.3328508211246295,0.009862215780960583
1.1471871282956139,0.1017888548837698
1.0951729684205556,0.6475566279539667
0.9915194348451762,2.856252255087709
1.0,5.993018611941174
