alpha,s
0.9902251485042337,0.0
1.057224300242358,0.20605662066524247
1.3619718724524872,0.5381763175183187
1.144118928390507,1.0640081882827446
2.025610185580375,2.984304829266851
1.0,5.974140442876878
