alpha,s
1.05078764435926,0.0
1.1959833903097183,0.19270922677583424
1.1439031481959072,0.47767365759222535
1.2233014518566814,1.139268377501447
0.0,3.1657159982816823
1.0,5.992916627533161
