alpha,s
1.056351584741927,0.0
1.500731985252433,0.18078477492847825
1.2386322631337559,0.39518174050335236
1.1740987054610554,0.9035387323763101
1.2793266468576783,2.6061475860855245
1.0,5.994096941102682
