alpha,s
1.2905018001119213,0.0
0.979339178854574,0.38335348467388475
0.7133694685054363,1.3756924656034524
1.8573460179889925,2.7605314378565717
0.0,4.410655272963917
1.0,5.979050092012333
