alpha,s
1.3357791850291643,0.0
1.2089041636743791,0.08856891871128293
1.1585782515923384,0.27452131490482506
1.0024775282315999,0.7694960091156251
1.8309803036463526,2.628881410788481
1.0,5.99019955591248
