alpha,s
0.4554823803374786,0.0
0.590532451674898,0.08856891871128293
0.7722829683560969,0.27452131490482506
0.8640595549879798,0.7694960091156251
1.7216613263536709,2.628881410788481
1.0,5.99019955591248
