alpha,s
1.0420436986891022,0.0
0.9546294533136165,0.238229398602204
1.0284124732349105,0.7357660668091175
1.2869943620388418,1.7108940377999613
3.2298374698342704,3.5431675447352355
1.0,5.99553886624265
