alpha,s
1.021229585850814,0.0
0.9741061857984186,0.17892088217481794
1.0113783988527094,0.476174800614926
0.9903015749110973,1.0567170895687261
1.369059537236746,2.7050532417962576
1.0,5.999931565277443
