alpha,s
1.650951895604759,0.0
0.8704469405107061,0.052766354683326744
0.9679878488910734,0.4985632003467664
0.8898016131238378,1.5904327585298133
17.81682084140774,3.7642205924038974
1.0,5.975816696271812
