alpha,s
1.5820878722501381,0.0
1.308439246738683,0.05901046593256597
1.270417065703327,0.2134730172895624
1.2542734203658477,0.7517862433195229
1.7482811156772173,2.847546223258797
1.0,5.9841134304119405
