alpha,s
1.0171238892365162,0.0
0.9820212935903534,0.23954010157143396
1.0834535695703336,0.6707845563543529
1.1282300578188533,1.6298047786001857
0.6169295999142761,3.606592273085933
1.0,5.999376516272296
