alpha,s
1.0703990925456932,0.0
1.029445333791785,0.23002850276597558
1.0181910819097606,0.679450027778837
0.9688582943201111,1.658347607373365
1.6497816042813072,3.5441577164548357
1.0,5.9930156579965725
