alpha,s
1.5685670240070908,0.0
1.0729042525410475,0.39414880465516433
0.933592127015869,1.3478011198260718
0.23641669242668178,2.758720814382152
1.2753381325650262,4.321980594705151
1.0,5.98808240624102
