alpha,s
1.0422441648751168,0.0
0.826831135823311,0.4854419546591812
0.7196170888715168,1.4343527741226372
0.662749569802023,2.924597093256912
0.0,4.378301614464231
1.0,5.995806014359005
