alpha,s
1.3450667468569129,0.0
1.0376974263914391,0.4854419546591812
1.0049208956683378,1.4343527741226372
1.5874136542609694,2.924597093256912
0.0,4.378301614464231
1.0,5.995806014359005
