alpha,s
1.269081046980389,0.0
1.4434289501461155,0.34473030176285796
1.4985044597295119,1.1647350393220355
2.4162449553782563,2.560046952221632
0.0,4.299002396009354
1.0,5.990777686985916
