alpha,s
1.0472303199485822,0.0
0.9314904365148747,0.5099751075537161
1.1632159874483368,1.5021624757109546
0.5278758013779505,2.8817620179854417
0.0,4.493875195630387
1.0,5.998883146806719
