alpha,s
1.1325511247206106,0.0
0.9670516508012228,0.5099751075537161
1.2171678558994736,1.5021624757109546
0.5738306366820247,2.8817620179854417
0.0,4.493875195630387
1.0,5.998883146806719
