alpha,s
1.279184808199487,0.0
0.8947846324258439,0.16124360210591354
1.1522816912627007,0.4960827841057596
1.1775107692063438,1.0732422724066757
2.2485071538217825,2.651933917303623
1.0,5.9970817772257465
