alpha,s
0.8936297511758061,0.0
1.0588926108407206,0.3095871291896771
0.9106675593684604,0.7029626972777221
1.0719600387790835,1.4007762079802373
0.8555608754418277,2.8652403759233267
1.0,5.997289879996568
