alpha,s
1.0449881768244356,0.0
1.007561732368338,0.17478380496381835
1.0008485727026248,0.46249816817201095
1.0578387075613638,1.0632957502858043
1.0809486931609291,2.7737497908695667
1.0,5.990021611287948
