alpha,s
0.9272862869249137,0.0
1.0465220431428646,0.26637104617665947
0.7405281296357884,0.6859412741466907
0.7980256855491629,1.749151243572214
1.4036836419551784,3.729548652575631
1.0,5.967395273582497
