alpha,s
1.3980749774641816,0.0
0.9781334592668203,0.4132820655160773
1.7474581121465098,1.3668966510162122
2.268936315365077,2.781299115519414
0.0,4.3709762493871755
1.0,5.991521128903515
