alpha,s
1.2519823776094947,0.0
0.9378667978083421,0.4132820655160773
1.7087080612073717,1.3668966510162122
2.2105671749930997,2.781299115519414
0.0,4.3709762493871755
1.0,5.991521128903515
