alpha,s
7.230990609337452,0.0
2.173891594596501,0.04042201756641447
1.429339752398968,0.32705943888478206
1.4104775267469567,1.390103673773431
10.333598972003559,3.4981016629414294
1.0,5.994685841519004
