alpha,s
1.0264896571843867,0.0
0.9288121729596724,0.07126748003840731
0.8587980684604131,0.2539699167195058
0.8592488882400892,0.7719819552940528
1.3077182828141833,2.709239823718125
1.0,5.98853058354843
