alpha,s
1.164249605398855,0.0
0.9729598150930808,0.4359551768408169
1.6379152936650987,1.387214547096373
0.0,2.656198742636099
0.0,4.52526537747644
1.0,5.961615084989733
