alpha,s
1.284382462062463,0.0
1.0221350028928051,0.13720790495435803
1.0672843871837068,0.42862712539219344
1.3559182766162143,0.9915432420317709
0.6197509034032086,2.7708482290044816
1.0,5.998988573821061
