alpha,s
1.7145771242300016,0.0
1.2005932740014618,0.4659488143729427
1.2918888300848166,1.7543467919122897
0.0,3.1615847498969663
0.0,4.678246012471196
1.0,5.998203656129734
