alpha,s
1.0445443220036563,0.0
1.0068403635806424,0.4638578315174235
0.7220106250133811,1.457448888088084
0.7559754131413048,2.8909148090157197
0.7689897747164278,4.470975209512157
1.0,5.999858298314181
