alpha,s
1.1098846387702688,0.0
1.0303014025912653,0.1830276046669843
1.0505101377255905,0.4993106696967509
1.1222714369175213,1.1309149044986122
2.0618684299863834,2.8568151866053375
1.0,5.996559741119424
