alpha,s
0.9264332205156279,0.0
0.776102294312903,0.11186326540882094
1.0372258907022975,0.38204457816119175
1.2054417142442466,0.9698740005557674
1.0989679977630045,2.6507096400913106
1.0,5.989716153659781
