alpha,s
1.0424457871597528,0.0
1.0060690309147071,0.2937488131164753
0.9884570686062615,0.7142965565310467
1.0526383589159347,1.4363675496052755
1.2572100480334156,3.1684381195144864
1.0,5.994260457478296
