alpha,s
1.205491230230913,0.0
1.0435954065904893,0.4185576526045294
1.2295065485919054,1.348151768959166
1.1751284796709602,2.7438442171769406
9.408842866753448,4.429700483402405
1.0,5.997019906462634
