alpha,s
1.376321147484194,0.0
1.1808323272541739,0.41014450944174424
1.2990250192822843,1.434087760457606
4.468770244403294,2.9094768309962937
0.0,4.3849152536488205
1.0,5.99683306046728
