alpha,s
1.1468774588789534,0.0
1.0996839615584166,0.22720574718347739
0.9954587240366198,0.6719113208552716
0.9539670250537498,1.707741787424566
2.7519665968915743,3.5637788378326576
1.0,5.999636270865477
