alpha,s
1.0927489893793145,0.0
1.0122401935654581,0.17409978448618396
0.9733991298744178,0.4776313677983527
0.8208921802662716,1.134131684541538
0.6279281635004248,2.846672033019851
1.0,5.982977224694315
