alpha,s
1.4966271338702692,0.0
0.962117890735017,0.05187988319776998
0.8041598881106745,0.42050842605467065
0.504857276367688,1.5608931011714702
0.10703923110599883,3.611516403354466
1.0,5.998359869613668
