alpha,s
3.6896522017751456,0.0
1.6688998492843323,0.005279286258216501
1.157801407058904,0.043587378344389326
1.1138914403147,0.16800633259366388
0.9566322188710878,0.47584354709734783
1.0,4.121087629900425
