alpha,s
1.1420016757986555,0.0
1.0880028460725688,0.14903857827037295
1.1143696053512386,0.416557177324336
1.1672323503873254,0.9934722141876128
1.5168034470336127,2.7391860563804578
1.0,5.991692591466243
