alpha,s
0.7248063200810562,0.0
0.6936615784551841,0.48503066317682386
0.7988792960219886,1.3628531342336085
0.24451484041649335,2.6900062816526065
0.0,4.393591252991085
1.0,5.98188503543041
