alpha,s
1.514472146577237,0.0
1.4356424511052583,0.5075246447813682
6.154147945549716,1.6571485191421003
0.0,3.1593192802626047
0.0,4.598037818658327
1.0,5.999821305982917
