alpha,s
1.3082401023244037,0.0
0.9580556867811848,0.2217012633549183
0.9569771292052279,0.6086134144866288
0.7865179499925733,1.278503308082563
0.7952876923554826,2.729666687194389
1.0,5.993452467327395
