alpha,s
1.1694154953321434,0.0
1.0556212919430812,0.4264720942632638
1.2430055014034784,1.3990729171259566
7.4186586465719495,3.082278905154118
0.0,4.488401403894632
1.0,5.967452081983913
