alpha,s
1.1138121602310174,0.0
0.8204116134358149,0.4876699175385659
0.7635259058581171,1.4977852961578992
0.0,2.8273362877691954
0.0,4.4505516630847435
1.0,5.969988090408493
