alpha,s
0.41744081815923373,0.0
0.20028616945167,0.3696978616526774
0.07013563925076736,1.4778086826189212
0.0,2.9300467253271587
0.0,4.5283210754373195
1.0,5.9987722913734185
