alpha,s
0.9375419935340824,0.0
1.0766723298941558,0.29081810892116794
0.9305847630550866,0.6652885855011472
0.8227888352294418,1.3912984162056938
0.9246897202261428,3.0200814711338264
1.0,5.979511147394938
