alpha,s
1.1513890937628821,0.0
0.8199450262927972,0.4113138614819381
0.5257606938963958,1.430399449566423
0.17809759142448092,2.836616380841688
0.10592347281491726,4.430920982756317
1.0,5.999760504782768
