alpha,s
1.4540521721432191,0.0
1.018191835542416,0.4113138614819381
0.785770509982408,1.430399449566423
0.4052307592398149,2.836616380841688
0.30186061724067975,4.430920982756317
1.0,5.999760504782768
