alpha,s
1.238771958085614,0.0
1.4620810030323086,0.530243066870923
0.8064975306571389,1.440874411494936
1.4594921622709591,2.9098417802088656
0.0,4.495012362140482
1.0,5.978746201089442
