alpha,s
1.7883517949180217,0.0
1.6010221383638563,0.06655865360393377
1.605520230293354,0.24330233959003764
1.5073426837726192,0.7285625050889348
0.0,2.9946040851937545
1.0,5.998914746993044
