alpha,s
1.6073683686059188,0.0
2.003051503633035,0.45410621611309415
1.9323503245394638,1.4536255615847413
0.0,2.7290706018172863
0.0,4.34626654441497
1.0,5.982644761026078
