alpha,s
0.9042082799133169,0.0
0.5927383672038883,0.3834079382385377
0.2643327268477253,1.403666186049229
0.0646159257940663,2.8911500326715047
0.037506080534049066,4.366760573986961
1.0,5.998826342543497
