alpha,s
0.4169004669732884,0.0
0.5838597003743338,0.1122267757882733
0.8011438965566577,0.32892549516024866
1.0798333144189338,0.9076046989215267
1.4702053003956275,2.776063529796652
1.0,5.986990115835213
