alpha,s
1.036281707541161,0.0
1.0827232496760557,0.18200038661095203
1.0792865838761396,0.45710348904170156
1.2278710687369785,1.0756606604201202
0.25364373577230775,2.803234427188873
1.0,5.963714046127021
