alpha,s
0.8345130799345721,0.0
0.8263749750097495,0.43458922792172633
0.6981936018039405,1.3065976840249987
0.10429920248380024,2.5450561472832804
0.0,4.191753639803531
1.0,5.977857544032955
