alpha,s
1.557227316977595,0.0
0.8701117668280774,0.44038545538243895
0.7584173878266928,1.5198953201939793
1.7618310941840192,2.9921541300905607
0.0,4.434641047005429
1.0,5.999262515381098
