alpha,s
1.1185714870751207,0.0
0.9253503501035609,0.12012138583273115
1.1478432416868123,0.4145262668640853
1.0401552740904025,0.9747180575831571
1.8314617320465167,3.1076013284873674
1.0,5.977372735375996
