alpha,s
1.3882249082642804,0.0
0.896770197168481,0.4182586494045256
0.697437301938409,1.4550378660893792
0.8292133540697201,2.9254152429811096
0.0,4.457878491102605
1.0,5.988727656824279
