alpha,s
7.777728103705517,0.0
2.829549200336035,0.007571412972628824
1.4878118354654117,0.07418616064294456
0.6334146440210479,0.6084294247537025
0.14465087185837036,2.8075306885555644
1.0,5.994154039916621
