alpha,s
1.0138301668780334,0.0
0.8788444015929375,0.3782990890103339
0.5258935475952368,1.462892236789085
0.0,2.7809634386285538
0.0,4.547678954695953
1.0,5.996625770222728
