alpha,s
1.1423127957762667,0.0
1.1966394849707964,0.0704567761010096
1.1132160990614897,0.22418446068336498
0.9632194666524023,0.7481108004641792
1.234111336364832,2.8287668361994145
1.0,5.996599317001598
