alpha,s
1.1518830875038046,0.0
1.0015684700499863,0.05466095560303553
1.0504725176467713,0.3708443666722641
1.3487942841518035,1.453173423985921
2.976674951295891,3.495636512735859
1.0,5.994845156275657
