alpha,s
1.1529734278165207,0.0
1.1847361559118565,0.18617658090403444
1.185386302559489,0.45656300233779396
1.4091150430373873,1.0294619057473215
1.1603965360797914,2.906309286659977
1.0,5.999630570270175
