alpha,s
1.9009357518493804,0.0
1.5625322742461563,0.06092271669999362
1.272500820542928,0.22636178915023114
0.8833297474404681,0.8398244267574347
4.365238995577035,3.3591698024092516
1.0,5.969521272133116
