alpha,s
1.0701237681940747,0.0
0.9754747807607188,0.2546100174338523
1.1416306229814437,0.7560854515056571
1.1833366389781335,1.751376255932304
0.0,3.618723856654904
1.0,5.99595030629252
