alpha,s
2.0895790715304483,0.0
1.225057173755957,0.009272403508647081
1.0680154480135409,0.10419178300950623
1.1075814990595458,0.5888858172662165
0.5482971531385018,2.696821984354264
1.0,5.990679382644832
