alpha,s
0.9473060100788193,0.0
0.5446979116509626,0.35046461343952595
0.5155852738774773,1.3641941603410193
0.0,2.654306958620095
0.0,4.374777541785959
1.0,5.991268868942904
