alpha,s
3.688080589569171,0.0
1.8322514752633472,0.010543286977370721
1.1821339262787185,0.1013516010445451
1.1996314944896016,0.6758188127519448
0.875696193269597,2.88657055366455
1.0,5.999553326179698
