alpha,s
4.358286851468764,0.0
1.9699151771361336,0.00831480876825026
1.0626052528151304,0.09017525407570272
0.9645502187745336,0.5970579252088423
0.5432580440279647,2.708511438319924
1.0,5.982836459243734
