alpha,s
0.9104397101114974,0.0
1.0471369031824345,0.19538944271171718
0.8286352812096636,0.4747778119243433
0.8443220609747603,1.082414712780936
1.130755742604836,2.736668594696069
1.0,5.978337312653018
