alpha,s
1.0310754194847063,0.0
0.9958437043582257,0.19030126099061384
1.0605190967162257,0.504157410548173
0.8234144260048077,1.124734189198753
0.8676399765412109,2.865517199087516
1.0,5.994045695362631
