alpha,s
1.9005065083725694,0.0
1.664441497049849,0.0548701017526901
1.268261429907136,0.1808007821142737
1.030618889066807,0.6948516452890683
0.5759183027632541,2.3454586818437346
1.0,5.986964521066916
