alpha,s
1.5248933392897608,0.0
0.8746291530271039,0.40471131547835687
0.7557120746277062,1.4428819546051217
2.664205711233249,2.7432854123928156
0.0,4.325213335373155
1.0,5.974432223972146
