alpha,s
0.9669296969544162,0.0
0.8932800913211397,0.19264904927118523
0.9739061156312803,0.529524436719608
0.8854262620450722,1.1632160235251705
0.8404957568610232,2.920137644780151
1.0,5.92107924502928
