alpha,s
1.2470164984154595,0.0
1.2122588680583875,0.06583806129467809
1.1788278186725079,0.22181462672868027
1.065195993527852,0.7493793418777445
1.9347884837785407,2.6052278270884024
1.0,5.996152302309924
