alpha,s
1.2970944220088334,0.0
1.161526877288878,0.07078683120095287
1.1236696554202967,0.2389723299886035
1.1659223699859533,0.7575174085789189
1.0472101855887808,2.7526583062601917
1.0,5.983529427119948
