alpha,s
1.098394109805353,0.0
1.023731982312094,0.19009264196788123
1.138161985632174,0.4995887003055096
1.1109308384991943,1.0358165752196167
1.2312913160481151,2.9179096928646113
1.0,5.986711417207107
