alpha,s
1.0260132960288215,0.0
0.9425627121196315,0.23686286158490125
1.0153109796063788,0.6820608441255602
0.7034981613207717,1.7009621662853216
1.2529844391801144,3.5932931686483065
1.0,5.997549888104398
