alpha,s
1.5122895818007782,0.0
1.6594981853898505,0.4139402036482213
0.869782162806528,1.133388017711606
0.27846383513603346,2.698199402411017
6.54921116101314,4.262566083879735
1.0,5.998493743528149
