alpha,s
1.2929430112499252,0.0
0.9228742650126496,0.4272025998217519
0.9873296315604173,1.4952844415907407
0.5099565235652473,2.994162721779402
0.0,4.375931675252016
1.0,5.998281136329152
