alpha,s
1.2038365963170194,0.0
1.1972874675867662,0.11146587462536899
1.1793241515296446,0.33485809534584154
1.125551331799201,0.9585696403099826
0.748971493351105,3.1114772816571414
1.0,5.999465674168295
