alpha,s
0.9410266434970646,0.0
1.1075855810246067,0.1651312329131639
1.128965883919118,0.4050567961621824
1.0556674179766758,0.915697985938546
2.0678393559651704,2.8176481656722054
1.0,5.996125909556696
