alpha,s
1.3477639873992864,0.0
1.2284623898795552,0.06496021105763385
1.1621398834987864,0.22073851726388002
0.9646114434140903,0.7542743228724046
1.3667832249354528,2.7145902803402286
1.0,5.992100035039989
