alpha,s
1.589402642402455,0.0
1.2565039579731339,0.3968989785441779
1.2668178818112377,1.3607564628676736
1.5460227215940823,2.7342367156909746
8.731730802845279,4.3804189845091575
1.0,5.999499810967668
