alpha,s
1.2137056314018722,0.0
1.1821534573071975,0.1038715040672236
1.1992457166750992,0.2959603922183385
1.1317372231395937,0.8342018356622101
1.1437304744030214,2.7970814319281603
1.0,5.997991244860479
