alpha,s
1.0729470243841648,0.0
1.0972547535173336,0.23905162571005875
1.0765020014315263,0.6834994831259376
1.1360296174720408,1.6536538192440633
10.699473609429948,3.6856444048808403
1.0,5.992204633808607
