alpha,s
1.5072098674443697,0.0
1.201708708790133,0.3403044963740146
1.086312210229279,1.2213751285436591
0.6154319714832431,2.7007866166161683
5.154575112688496,4.272300507020726
1.0,5.997034854175197
