alpha,s
1.0438138722968056,0.0
1.0625825126935493,0.4697342232642159
0.7672074484790807,1.4560523905487408
1.4147962952489685,2.857380878436309
1.4659194484063705,4.390561771927149
1.0,5.994843974857551
