alpha,s
1.3577673261630225,0.0
1.1454441393691792,0.4556940923247996
1.0060979734206414,1.5072620522279008
2.118050538954845,2.856026510763886
0.0,4.448324044497285
1.0,5.997431029062053
