alpha,s
1.4781296157519057,0.0
1.410707467222943,0.09117241085318552
1.1017502804748789,0.2736641414176305
0.9334203315127962,0.84213206225648
0.9859489270184624,2.7392157202394256
1.0,5.994422462646531
