alpha,s
1.0200975768897125,0.0
0.7718147861512598,0.14089883113863017
0.8371916274720044,0.44452727313725987
0.5598358040783122,0.9962059951020634
0.3017408438637241,2.6372596673503987
1.0,5.925665469088142
