alpha,s
1.1731679889750675,0.0
1.0133416236944766,0.17898959094990552
1.136203158212526,0.4936712109965699
1.2298921524563728,1.0873032420949036
1.8640775223346138,2.5114762695630444
1.0,5.972037153265936
