alpha,s
1.3914752131171506,0.0
1.076440258551205,0.44473858146289863
0.9288663033364986,1.4601771574707934
1.3643405207383865,2.9513122927212088
0.0,4.474757613968697
1.0,5.992231384884161
