alpha,s
1.2785036660118982,0.0
1.0474161292767816,0.44473858146289863
0.9105249052970485,1.4601771574707934
1.2941450144233446,2.9513122927212088
0.0,4.474757613968697
1.0,5.992231384884161
