alpha,s
5.80151868166335,0.0
1.7502867962618514,0.05000959040579648
1.3384389750227852,0.4026983708856466
1.3537772028293011,1.541065923131777
2.1899318033633026,3.645398494440885
1.0,5.995395357352431
