alpha,s
1.1149168539315637,0.0
1.0438763643876898,0.1905612908894006
1.0177914405376407,0.514685423649731
1.0411251612429393,1.192567509696727
1.1172331105420394,2.9492334567297784
1.0,5.985305813527795
