alpha,s
4.720816817147642,0.0
2.0747966241240725,0.009075233663881802
1.5213012782206439,0.09123985577958252
1.2458586600790584,0.5915187909177468
5.512989033932446,2.685083762084467
1.0,5.96477389174786
