alpha,s
1.043917170440531,0.0
1.215577408361007,0.18322356665617118
1.101268602217465,0.44801259749248407
0.7544779809551375,1.033018814650385
0.5038252688378683,2.859481099383496
1.0,5.991144916139091
