alpha,s
0.8654423496701699,0.0
1.0466141167138288,0.22550265659877045
0.9868750596539698,0.5121075937057289
0.8194043220723735,1.1333985813143372
0.9449920608864162,2.5118274181662428
1.0,5.974636490534406
