alpha,s
1.0994639609536851,0.0
0.9630835411811437,0.171347879763483
1.0031039541480382,0.4790813040873506
0.7410591683881175,1.0873039585214894
0.5426822206284954,2.8829388191670886
1.0,5.996178094499976
