alpha,s
1.0443347826623657,0.0
0.9897516128524183,0.2673895575977161
0.9907733760562781,0.6793353340793078
1.0308334181850312,1.3799253595467107
1.1563836123318811,2.9925114024370436
1.0,5.997040074360638
