alpha,s
1.1547797405448312,0.0
0.8425592756952276,0.378509945221085
1.2276327437238062,1.36409358169355
0.8234885041950906,2.5059511038305926
0.0,4.314002835148458
1.0,5.981287891337197
