alpha,s
1.0889901667060082,0.0
1.0043695609049905,0.2393530443194566
0.9918145044490224,0.7009010958882184
0.9812175517069553,1.706047544510041
2.1157321060079206,3.741006762343306
1.0,5.999163205390282
