alpha,s
0.8110359498814116,0.0
0.910705732470672,0.16957961283437686
0.856641982016741,0.4169025252483751
0.8342143159275228,1.0166849028368823
0.61508836399977,2.6262907714811075
1.0,5.929992984575094
