alpha,s
0.3321621129671855,0.0
0.5376948523685013,0.10765680531846263
0.6191947939536865,0.3131964264114077
0.8108378739512412,0.8736396337519887
0.6771063835993791,2.8131844379317283
1.0,5.994154466685052
