alpha,s
1.020444424467152,0.0
1.1319794853898488,0.10765680531846263
0.9345418495206761,0.3131964264114077
0.9495363412718482,0.8736396337519887
0.7174664849900595,2.8131844379317283
1.0,5.994154466685052
