alpha,s
1.1045493715278325,0.0
1.1149387114612324,0.18063297153066687
1.1951749808736691,0.4708499153767974
1.0949598219021215,1.02908278222431
1.341657516308438,2.7801328673566297
1.0,5.982993018232035
