alpha,s
1.0370698395342828,0.0
1.1658416793012973,0.4048331178699103
1.756036284585225,1.2449944963287598
1.8350748251256304,2.825719120191279
0.0,4.479106705009778
1.0,5.989826673526287
