alpha,s
5.777886118573361,0.0
1.6529328270620283,0.05421136799710118
1.3485166610714567,0.44492133367361497
1.300725412891888,1.6178821320969619
2.9180895291990487,3.6751424487373616
1.0,5.999910142839232
