alpha,s
1.2900242880487498,0.0
1.2298625310575437,0.44294251076511676
1.153891370494975,1.4352465787593838
0.7525698321858667,2.8796121539027433
1.6358337237698726,4.413099061532033
1.0,5.996256965789313
