alpha,s
1.2544715433526912,0.0
1.2093249997582878,0.44294251076511676
1.1306115770690497,1.4352465787593838
0.7322724284375146,2.8796121539027433
1.6043909808534333,4.413099061532033
1.0,5.996256965789313
