alpha,s
1.1715516785881606,0.0
1.1206156960450702,0.15604751188946636
1.07970340979911,0.41425300884320926
1.1525181936244582,0.990913843177379
25.215773256491882,2.8009276347377496
1.0,5.999898444703596
