alpha,s
0.9631998152148904,0.0
0.897111225800615,0.17304506876552977
0.9630735862766574,0.47130047430422345
1.0347047821016127,1.070757554214811
0.33856643228131844,2.713808032207175
1.0,5.992578182680333
