alpha,s
0.7489907500155292,0.0
0.9407070161942437,0.3339789575901129
0.886162813909415,0.6861171025862007
0.6316843252957888,1.2893192161536287
0.20793496703668402,2.5884914534540666
1.0,5.943584540696885
