alpha,s
1.1098417872312734,0.0
1.0255165085571598,0.1602185994446642
1.1368288971183815,0.43317584569250644
0.9474625642040371,0.9548288593501046
0.7474422474899867,2.655074717712491
1.0,5.999243850041099
