alpha,s
1.0247034322828426,0.0
1.141836495829362,0.4578049176225958
0.9733387623730787,1.3437789024380917
1.5229220220325301,2.7873239990733736
6.605376242220753,4.284946634411285
1.0,5.997558605196004
