alpha,s
1.1072057605427295,0.0
0.9845806528537987,0.44533171322250603
0.8458919174177784,1.4136327301290967
0.8721164358796722,2.93079222641272
0.0,4.4569914514436135
1.0,5.993738477955179
