alpha,s
1.1165784675088049,0.0
1.1569996910632872,0.21401987624074226
1.3828416149927807,0.5718223637937226
1.1191661462949887,1.5271744538370864
0.681899781915389,3.9278822879628685
1.0,5.983774912307819
