alpha,s
1.382083916034708,0.0
1.1543544497658413,0.4358262208012889
1.4315852478331672,1.4439618230598106
0.6767561976201113,2.8803904525913855
0.0,4.379389701190781
1.0,5.999668377946639
