alpha,s
0.9801239529638457,0.0
1.082539917784821,0.299146924029434
0.9566834471186009,0.6746446418905501
0.9385441183954363,1.3960700491195506
0.6461940134726132,3.126806599775326
1.0,5.966836892673904
