alpha,s
1.6889499480560168,0.0
1.1025098926019428,0.408490089280908
1.2258373203758404,1.5645610716942502
13.68243144728996,3.068344850452384
0.0,4.456632055172913
1.0,5.9976008369449465
