alpha,s
1.0870526166450796,0.0
1.1307312742020994,0.4646982229290391
1.6545966921821058,1.4649611518007633
2.325096303201978,2.871964741760557
0.0,4.423493905216965
1.0,5.940971996939775
