alpha,s
1.0372369620001494,0.0
1.095501879498201,0.18526005957824335
1.1129281798977522,0.4826266341739545
0.8178620682062357,1.1008495512276
1.3589467536674755,2.8545043321318206
1.0,5.999758114064344
