alpha,s
1.2565555323401154,0.0
1.0314260589478526,0.42523024273331894
0.9070916726000101,1.4000288577137914
1.0840360294800857,2.806284313090163
0.0,4.3922187741246645
1.0,5.99795261451284
