alpha,s
1.0,0.0
1.0,0.06172757264369092
1.0,0.19318032931614387
1.0,0.7188806974260679
1.0,2.1515664158225536
1.0,5.999005608001029
