alpha,s
1.0,0.0
1.0,0.437435261035715
1.0,1.320943586651054
1.0,2.7640399318021664
1.0,4.441792292516405
1.0,5.994535319434256
