alpha,s
1.0,0.0
1.0,0.19482501428286458
1.0,0.4756533972015172
1.0,1.0947125724747593
1.0,2.7726027559043254
1.0,5.998192649931334
