alpha,s
1.0,0.0
1.0,0.35032038643021574
1.0,1.199285470516514
1.0,2.7308934445363326
1.0,4.353808974510651
1.0,5.994875060120692
