alpha,s
1.0,0.0
1.0,0.005667165992914
1.0,0.0477190131385135
1.0,0.1757081298111605
1.0,0.5757421345076081
1.0,4.366629504622392
