alpha,s
1.0,0.0
1.0,0.36503181820270486
1.0,1.4901517871134684
1.0,3.0811903941591274
1.0,4.52061376750557
1.0,5.955963417486775
