alpha,s
1.0,0.0
1.0,0.17972761811620294
1.0,0.5059744009393559
1.0,1.2083200800402594
1.0,3.1014213986246335
1.0,5.944425307483677
