alpha,s
1.0,0.0
1.0,0.15851882163452147
1.0,0.44507449867464494
1.0,1.0253043580144334
1.0,2.9470624092190394
1.0,5.974722337754522
