alpha,s
1.0,0.0
1.0,0.16384835640946818
1.0,0.4433421695612935
1.0,1.099196670231338
1.0,2.992446392607504
1.0,5.976173560039731
