alpha,s
1.0,0.0
1.0,0.056661838951468924
1.0,0.44589564546265864
1.0,1.622530556902191
1.0,3.803557921724859
1.0,5.963877473366967
