alpha,s
1.0,0.0
1.0,0.34525993350485373
1.0,1.448913673959746
1.0,2.97792400640498
1.0,4.462090334389943
1.0,5.996609316935884
