alpha,s
1.0,0.0
1.0,0.11048272784549211
1.0,0.3254503406027182
1.0,0.9227873315920438
1.0,2.7619683962881307
1.0,5.995744330070396
