alpha,s
1.0,0.0
1.0,0.007767639950404121
1.0,0.10052898656340034
1.0,0.6425465359702099
1.0,2.8546508786387315
1.0,5.989602109136397
