alpha,s
1.0,0.0
1.0,0.06177016693857773
1.0,0.22120118312637765
1.0,0.7281297268571791
1.0,2.316878648482166
1.0,5.993652972002069
