alpha,s
1.0,0.0
1.0,0.3985820909103007
1.0,1.504466575552193
1.0,2.900479996628081
1.0,4.306645948803845
1.0,5.988523093552535
