alpha,s
1.018532023433284,0.0
1.1057892604399033,0.18947844484476087
1.032222076615424,0.4736578013578878
1.0955642539136372,1.0745022071636758
0.49569497396651935,2.8658289188633397
1.0,5.998595830450402
