alpha,s
1.497349405684021,0.0
1.1076261461165027,0.3941497199591613
1.045198260345352,1.434739735717525
1.7385830537887097,2.4949410978001514
0.0,4.1944335087486335
1.0,5.991503021383383
