alpha,s
1.1729333102909751,0.0
0.9630327982691785,0.4291622502309981
0.7102666436161009,1.436338736142673
0.9099174983458868,2.894782783402206
2.0481124364821506,4.4389378894333005
1.0,5.9978618944976985
