alpha,s
0.9410798378737733,0.0
1.0985421714838886,0.30476221152398464
1.022056707014428,0.6792966183532707
0.9275620492097133,1.3845218844888718
1.3396112194057148,2.968363941000664
1.0,5.990353827645127
