alpha,s
1.6160178197322717,0.0
0.9243127384681603,0.4379186126614151
1.173080284212385,1.4808480000308863
26.395682703989724,2.907324371656093
0.0,4.585362720873129
1.0,5.9895854933607975
