alpha,s
1.0944653670194489,0.0
1.0976867674451287,0.16677177380448238
1.1525167595895787,0.4368035470385555
1.236939527327421,0.9662577294711765
1.2339829108749232,2.57538664383504
1.0,5.988503628865134
