alpha,s
1.174424719415719,0.0
0.9094314870836054,0.17579017541533523
1.0587738216699294,0.5164717820683055
1.070913208055345,1.1217205683773284
0.3669643735637063,2.970313863262464
1.0,5.993521395270717
