alpha,s
0.8917633577931404,0.0
0.831433233906088,0.43260988926449895
0.7595908617944463,1.33579880568146
0.7296011631726284,2.720111454689889
0.0,4.340784293466774
1.0,5.9983091314173
