alpha,s
0.23466832512877459,0.0
0.1511547076343541,0.47107920885504595
0.03274506177471624,1.399704230259294
0.0,2.8564790992659947
0.0,4.381977655105427
1.0,5.997571538760444
