alpha,s
1.334944980483239,0.0
1.371667978236401,0.49449830803799133
1.2329011708359394,1.517734372464512
4.9814423965616035,2.8656543515282036
0.0,4.303193082506029
1.0,5.974533805677361
