alpha,s
1.0817618077603286,0.0
1.1056581336738378,0.2208485861901535
1.1380534560289752,0.6457775644010075
1.3733498352282896,1.5231702946156154
2.4193712874686093,3.508302796350017
1.0,5.995844922779391
