alpha,s
0.8406301518950312,0.0
1.0363653899169336,0.31093071542061734
1.1041057231198206,0.7177049049907668
0.9887170916854837,1.368083696428722
1.880335568388038,3.0330302729302
1.0,5.951207682420132
