alpha,s
0.8304383792575436,0.0
0.9241371540546456,0.3336744237719453
0.8847718770639093,0.7269504368316285
0.7696287931030333,1.3549771435759181
0.42916000420785755,2.8044975806830355
1.0,5.951575461984092
