alpha,s
1.100493930000909,0.0
1.1092816164675037,0.1122267757882733
1.1343624934382601,0.32892549516024866
1.2210441849396276,0.9076046989215267
1.5691118430248447,2.776063529796652
1.0,5.986990115835213
