alpha,s
0.5132016915756917,0.0
0.6662161227573181,0.10717558143959646
0.9277762636726223,0.3138491763693169
0.9898576863822585,0.8350477117158109
1.1571585834842513,2.8386222894215627
1.0,5.999497150543451
