alpha,s
1.2862985617843803,0.0
1.2351730317592662,0.10717558143959646
1.2935645800804887,0.3138491763693169
1.1128795138695449,0.8350477117158109
1.2374317703739557,2.8386222894215627
1.0,5.999497150543451
