alpha,s
1.3783248803030228,0.0
1.1228399828476279,0.3932619917635142
1.036601798991753,1.407095802469771
0.9739294019827157,2.875173687695636
23.127922398824687,4.4770853737347105
1.0,5.997203336270442
