alpha,s
1.0671536175161855,0.0
0.9954311952493896,0.23053829850698868
1.1544431028598774,0.6770838922351052
1.1914036632876455,1.5874820374729322
0.640842671630018,3.563100045445751
1.0,5.999961545007654
