alpha,s
1.0028980742335158,0.0
0.9542811314746948,0.30358777430559597
1.004474944754483,0.6916870971150275
1.2555225092063766,1.3440228938978152
1.993819882036103,2.7410026282505475
1.0,5.990291153593041
