alpha,s
1.0998928290114358,0.0
1.1671358231330338,0.15750932079378385
1.096143120177503,0.4173274255910334
1.1073811059870013,0.9871906799464515
0.9897808833370695,2.589498440121571
1.0,5.934433515889737
