alpha,s
1.3834736783811692,0.0
0.8654009870541998,0.3985820909103007
0.8037315197696234,1.504466575552193
2.436614062250287,2.900479996628081
0.0,4.306645948803845
1.0,5.988523093552535
