alpha,s
1.3596490632436713,0.0
1.2271451243989853,0.0564169702375796
1.3327030965472781,0.2077827578195526
0.9100601420980214,0.7119075543382933
2.636354612520337,2.7201156726492
1.0,5.983050271817725
