alpha,s
1.1115578890310798,0.0
1.2124574046832741,0.4098333005254184
0.7026282153120249,1.2938408855220116
0.9880216385343151,2.7486090015077873
0.0,4.372245473950094
1.0,5.994747099895419
