alpha,s
1.510152603694882,0.0
1.4495374234322687,0.4098333005254184
0.874483731848853,1.2938408855220116
1.551482098286597,2.7486090015077873
0.0,4.372245473950094
1.0,5.994747099895419
