alpha,s
1.2791134689786963,0.0
1.1369748540486022,0.10023627640208799
1.1414710578375913,0.31304193514804973
0.9146637324236091,0.881289040096106
0.9601685720129023,2.806689870326717
1.0,5.999151405442074
