alpha,s
0.9813385524485286,0.0
1.354110195791419,0.5031642476323518
0.9570640014583959,1.4206483076634666
7.0550472396640105,2.79510814995908
0.0,4.2511188513515075
1.0,5.9247327006874295
