alpha,s
1.0802173187946096,0.0
1.109395222266981,0.18529020082136569
1.169730053002485,0.47816408481854317
1.1841165821705237,1.0253716990307153
0.5052372415265377,2.6352882252671317
1.0,5.908226416585629
