alpha,s
1.137578189264844,0.0
1.0265326833265633,0.46192698967844403
0.7499218139211901,1.4757234000705752
0.9046571157973707,2.9013864693623317
6.329085681030332,4.516502889533244
1.0,5.994395568132664
