alpha,s
1.0559276470107226,0.0
0.9558537918147957,0.17017829167174722
0.8249123996915771,0.48003257739828564
0.7609208022571009,1.1550975187713284
0.2836891606385658,2.9421032249818695
1.0,5.975710933388015
