alpha,s
0.9379406305349574,0.0
0.9892938445257896,0.2249536873602833
1.1887602744524044,0.6618403754759629
0.7919897192090969,1.8080193441731525
0.3456717423985949,3.85235397715881
1.0,5.999790169948572
