alpha,s
1.0519020897708995,0.0
1.207825105219644,0.3985816850876291
0.853737742726451,1.2666724557437694
0.7297722716568563,2.602249400410982
1.0570931419468401,4.337290724071803
1.0,5.997243395425193
