alpha,s
0.6440426931137939,0.0
0.38211758737787693,0.4051844409535034
0.16362330126047336,1.450302914967787
0.0,2.9314724956528306
0.0,4.4066676746080535
1.0,5.998855677749663
