alpha,s
1.3375129518801812,0.0
1.024011433227817,0.4175736807120653
1.0620363563483515,1.4058346572969016
2.5195188696948945,2.8538386399287186
0.0,4.469133883625625
1.0,5.990065203727565
