alpha,s
1.3657024904144364,0.0
1.076029394295445,0.32456157239450434
0.7393833586591053,1.3769946554813683
1.0070818909467796,2.78311669676536
6.753867694652668,4.556568536238982
1.0,5.978575692515669
