alpha,s
3.4149055342584904,0.0
1.5391104267937699,0.01124739150070822
1.1379753357629017,0.1258894969357276
1.0769405903681262,0.7755000577161792
0.0,2.8981466524411372
1.0,5.978502779451261
