alpha,s
1.2392124169418859,0.0
1.1896024192256534,0.1019673940361544
1.1862799893191516,0.30014967070389037
1.1948445224416933,0.8172914871718091
1.2485301733318483,2.7799169895568423
1.0,5.993572054383698
