alpha,s
0.39776124161292303,0.0
0.5453021579811477,0.1019673940361544
0.7587170455170384,0.30014967070389037
0.9099167584906416,0.8172914871718091
0.31640104214114356,2.7799169895568423
1.0,5.993572054383698
