alpha,s
0.9923856015823924,0.0
0.8491887355628485,0.17059508593940054
1.1060841724170125,0.4696103722298244
0.6403748553059473,0.9254400675657711
0.9140292721607761,2.5938872969640627
1.0,5.998243640341132
