alpha,s
1.4874675547528255,0.0
1.1655967579742195,0.05395731186791042
1.2046547390047435,0.20687406799648791
0.9879654884852055,0.6554714535579617
1.1586980150188761,2.6437009380353804
1.0,5.975922491613774
