alpha,s
1.4302619338108586,0.0
1.4416673640506144,0.07040252387193381
1.208155539793664,0.2293140596282284
1.250326123682672,0.7511549803143063
1.6175441398935582,2.7587104124031123
1.0,5.991986555144982
