alpha,s
1.3534971523055634,0.0
1.253947838904305,0.3803278181981333
3.2697582270768,1.3655968864636185
0.0,2.496661793581908
0.0,4.224865492862273
1.0,5.990763339699902
