alpha,s
1.190129860855016,0.0
1.2254950018102997,0.46589168479000725
1.2207414300469086,1.462748078050168
3.9109185179384927,2.857509727110528
0.0,4.293801781673221
1.0,5.993960138828219
