alpha,s
1.4166336904698718,0.0
1.201258814326053,0.14540807598463293
1.2991784581448576,0.4381850923756664
1.3778731656170864,1.0054280747001527
0.0,3.022398037665719
1.0,5.990853989794806
