alpha,s
1.0207271841821455,0.0
1.0630754711557868,0.20819491487959255
1.208797847642422,0.542273785624205
1.2204465412299963,1.2090681988620609
0.2684400775652148,3.0792627317013603
1.0,5.976798671654764
