alpha,s
1.1279515220839635,0.0
0.8492212256335467,0.4735210476324069
0.7806366796926189,1.5744365065833315
0.0,3.113609947717832
1.0481615440402778,4.5570011072453305
1.0,5.977354505084831
