alpha,s
1.0658775609228073,0.0
1.0054902865509807,0.2724037708685452
1.0010694922502466,0.6993408770820267
0.9471245687906039,1.4000411380394178
1.2752713271214207,2.681524891307395
1.0,5.9687777880407165
