alpha,s
5.962838048798393,0.0
1.8174835103477012,0.04693329596039279
1.6304946388940376,0.373460921140016
1.2646370473838113,1.3134271035400709
6.933787678401982,3.5915102246524753
1.0,5.996137767960969
