alpha,s
1.0071399660825258,0.0
1.1007654941697722,0.24887321834587528
1.061289537598265,0.6834918533052305
1.0286131717916938,1.6847197960515035
0.5651678952605255,3.717457219949776
1.0,5.997302770490689
