alpha,s
1.3431986715023478,0.0
1.2551412452596251,0.06429671615144829
1.169550604618033,0.22023354466860742
1.236243556866962,0.7813268300672538
2.314243336440294,2.7480663564503387
1.0,5.9990338255207485
