alpha,s
0.9039665892639169,0.0
0.8927662404093927,0.28874693493835385
0.894540872671262,0.6781725361283071
1.0533380465230524,1.2978088362952749
0.5632257646909241,2.569392502586991
1.0,5.995390066061636
