alpha,s
1.287100522511956,0.0
1.1960133974375802,0.39862229386047704
0.739896269414664,1.4220437484391648
0.4651422170441325,2.8888853556899723
2.10907655013077,4.466508671414934
1.0,5.999703780783022
