alpha,s
1.5273390953381312,0.0
1.0026676697515495,0.05024874513768665
0.9674372429116163,0.40598260973636086
0.7922730497688326,1.5922372707778238
2.2324022636715704,3.777241195731107
1.0,5.994747994542377
