alpha,s
0.9842235589548993,0.0
0.9671611924705028,0.1943773785408891
1.034622957833219,0.5014186993545253
1.073802694316551,1.0650264319661678
0.9363871554537606,2.7634747056445614
1.0,5.999652730372059
