alpha,s
1.17237695059698,0.0
1.2196831334154623,0.48654051634226025
1.1151810274216656,1.4447996782189714
1.0122152060438225,2.8429159069125847
0.0,4.413943376948332
1.0,5.996853036228116
