alpha,s
0.5849078358518333,0.0
0.3525695350967345,0.37713556772250845
0.09754322416284258,1.3206766256772893
0.04489516523915442,2.8246174211317454
0.0,4.383307699809087
1.0,5.995777739208567
