alpha,s
5.9733297353900685,0.0
2.377098061812394,0.006572013404612362
1.2761497135707174,0.08011517518590927
1.1761528641858314,0.6043303827375608
9.649800336256906,2.729884098984364
1.0,5.9848021899731085
