alpha,s
1.8039146246184823,0.0
1.1975448827154593,0.04088998725013165
1.09799144761472,0.3643434175538825
1.2705611961982557,1.467657425497314
2.896086236475549,3.531478364629288
1.0,5.996805062883417
