alpha,s
1.4401120710280817,0.0
1.1922641120087296,0.4091893080219867
1.3476633110223453,1.4366880531974995
1.4013769519247532,2.8300473092814333
5.545191794944509,4.354218662505626
1.0,5.998409902830166
