alpha,s
1.0835908423355252,0.0
1.0212512198798618,0.4091893080219867
1.1613818580197368,1.4366880531974995
1.197478447148108,2.8300473092814333
5.177245621909225,4.354218662505626
1.0,5.998409902830166
