alpha,s
1.3091876285374944,0.0
1.1045180268984214,0.46982148097036835
1.2237824274866749,1.4511235062196635
0.5476551657347919,2.950246363849548
1.2782896481085428,4.449916302657974
1.0,5.999695776738719
