alpha,s
4.816447336432874,0.0
1.9209425868660386,0.00495101467970004
1.4413705909865717,0.08281017409572293
1.1520038761742228,0.4689455231904562
2.1711733193086102,3.007405828206191
1.0,5.997749656308439
