alpha,s
1.390449293740757,0.0
1.1624758197822223,0.461855697817937
1.1781689435575662,1.4162013404798315
3.0915507158244324,2.87095623112996
0.0,4.464559546175344
1.0,5.9992218782027305
