alpha,s
0.47180423758922535,0.0
0.2906944884338769,0.34600009761596845
0.03223029364016388,1.3603250139286713
0.0,2.7960706023723905
0.0,4.336208793859689
1.0,5.989752534898324
