alpha,s
0.5972828763383792,0.0
0.40070271364134963,0.05192777423364764
0.3622281686270527,0.3582973838665022
0.09183064887497229,1.3114396892672076
0.030707180129651075,3.606190790100855
1.0,5.992293000038584
