alpha,s
1.1202741075385423,0.0
1.023478224265325,0.4749793559729275
0.7669088611200663,1.4064241989672552
1.2882756114269165,2.821161105053141
2.5053989794358142,4.414199963824746
1.0,5.999556275458128
