alpha,s
1.4063387090755468,0.0
1.028011580068824,0.05894797186579797
0.8305767748718033,0.3946606495624111
0.4044385728907378,1.56433686518273
1.8178904650428467,3.624790426670993
1.0,5.994816953221712
