alpha,s
0.9118963856171154,0.0
0.9247092839702484,0.20419998597739453
1.0167285607579652,0.5184914436671402
1.0693575473146053,1.13156757524079
1.502921967259334,2.837960338262288
1.0,5.974952995186031
