alpha,s
1.3558547935379692,0.0
1.2288104604677879,0.608153477217134
1.6996696383933656,1.5751413052313168
246.07368414869413,2.973699393528815
0.0,4.483023810582818
1.0,5.984337955664496
