alpha,s
1.1005860289392073,0.0
1.0876341403266672,0.1545555371725688
0.9837021342601502,0.3949359343885462
1.2464405938112302,0.9576374221338629
2.1375708170302485,2.497622645364355
1.0,5.9116997593841685
