alpha,s
0.94426437835089,0.0
0.974249308952548,0.2613734093726471
1.2899253986905581,0.7162211578839724
1.106256817977123,1.6089783285424417
5.864855326376121,3.634159109211244
1.0,5.95356985988553
