alpha,s
1.2320291805051702,0.0
1.1405466935046014,0.09849633321388716
1.0261542426246157,0.30571230068357935
1.0647448833997895,0.8999355042966013
1.1513368001370803,2.8320610608198393
1.0,5.990984168106296
