alpha,s
1.1153628071324517,0.0
1.0386611685748846,0.42869510282638246
0.6375904444872414,1.435980642335516
9.023472938866572,2.8450616356246825
0.0,4.441843945732121
1.0,5.990567105241493
