alpha,s
1.2066462289602653,0.0
1.2437779732319183,0.44650039633652433
1.0814852273631321,1.5494699915333303
1.3354134033243956,3.163895264256023
0.0,4.510728619216367
1.0,5.996684197990151
