alpha,s
7.639358682801463,0.0
2.315564306690977,0.00625970843568682
1.496452004117248,0.09620003857214644
1.2191526328661064,0.6299383424521867
0.0,2.62967172189445
1.0,5.99596027630712
