alpha,s
0.4625062063459337,0.0
0.6487587186631081,0.11540044968570493
0.774424457374252,0.32144687366974173
0.8311937126392521,0.9202527303743788
0.9196705221307705,2.8278320698029367
1.0,5.987656465624212
