alpha,s
1.0656122606659268,0.0
0.9332043553898743,0.4051771441555418
0.6759245286491629,1.4224127392151393
0.33068933035849907,2.852424095640493
0.2436817352178565,4.462782505938672
1.0,5.9972291219915945
