alpha,s
0.9618460335155925,0.0
0.9988616631428613,0.24810429192674102
1.0278162318237325,0.6918939420985426
1.0610495309288221,1.6537072644336694
1.008035200438644,3.5822005676588193
1.0,5.999608989277244
