alpha,s
1.3126900846416114,0.0
1.222614090061317,0.4776734952497717
1.246142526341819,1.4232675760912092
0.5279839170445139,2.9061582558097423
0.0,4.491620302233309
1.0,5.996720757979152
