alpha,s
0.8999812225884922,0.0
0.9133146505331641,0.4776734952497717
0.7389417280379781,1.4232675760912092
0.1530789307548253,2.9061582558097423
0.0,4.491620302233309
1.0,5.996720757979152
