alpha,s
3.403214987166913,0.0
1.4551336649667912,0.0044171014765074
0.9093596288805181,0.0435932568385939
0.965201190687225,0.18893973588008076
1.0613456961348464,0.5416820277619403
1.0,3.8266510759092207
