alpha,s
1.0150675765089394,0.0
0.5921280468908146,0.0472543978300973
0.48731200988271545,0.38287564733686935
0.24165086331398325,1.4190724199188225
0.0246541768118954,3.5507326161277195
1.0,5.996224461928545
