alpha,s
1.0424560395405744,0.0
0.7280245019304918,0.4003629945295715
0.4183292579615055,1.4071821365290784
0.38352818350091256,2.8829963743541303
0.13489921287775816,4.387235282074984
1.0,5.997860526628374
