alpha,s
0.9394450241571891,0.0
0.8112086735778429,0.5788329361494614
1.1314665485844428,1.4988476800693833
0.0,2.725185295998546
0.0,4.457981452697537
1.0,5.996369093411126
