alpha,s
1.1196665479891128,0.0
0.9841708410261253,0.44310626935877256
0.7307120376402122,1.3833746943578988
1.2047520622285688,2.8628317653174307
222.42128581758394,4.396439874952988
1.0,5.9982517607615575
