alpha,s
1.3178579658801755,0.0
1.0507495593249208,0.44310626935877256
0.7644276174252755,1.3833746943578988
1.2553545458676558,2.8628317653174307
222.82943341533635,4.396439874952988
1.0,5.9982517607615575
