alpha,s
1.0071909365360572,0.0
0.9821106868378288,0.47116437698735847
0.5473880371568871,1.4134531555479912
0.29144507979958106,2.857718772034294
0.336428805929252,4.376456835776113
1.0,5.999691223524656
