alpha,s
1.0063949811735187,0.0
1.0045174119559908,0.18565337977466603
1.1173404983388917,0.48372986067917445
1.0063562191324518,1.018774805398199
0.9227554288963511,2.7042407260069243
1.0,5.9978738117397015
