alpha,s
0.7636009598055442,0.0
0.5650054785845728,0.6663380231667243
0.11921394506092758,1.690805863655188
0.0,3.096572274081587
0.0,4.591863287342872
1.0,5.996406171973042
