alpha,s
1.5917814577609346,0.0
1.1791412881444587,0.4529318146742842
0.8020533886523903,1.7075899017844298
1.4075146941041534,3.2006706371845333
0.0,4.536065076602822
1.0,5.959019067169588
