alpha,s
0.937855692433297,0.0
0.8804888496118382,0.23527843892275027
0.9981084570136832,0.6852574257402105
0.7138072263614522,1.58800596856598
1.264185369605108,3.3558420614932825
1.0,5.913957457412624
