alpha,s
1.5363964972098763,0.0
1.1992957867569523,0.44262917717755257
1.1140933325815283,1.39803843878455
0.8146419723403303,2.7943237099608482
3.0239911004598152,4.4045621788273905
1.0,5.999953792019674
