alpha,s
0.4611802157759534,0.0
0.3038450167373577,0.44262917717755257
0.11685749131734229,1.39803843878455
0.026332136133986894,2.7943237099608482
0.024748576753882333,4.4045621788273905
1.0,5.999953792019674
