alpha,s
1.3721099176831086,0.0
1.5261599112122028,0.176901764482526
1.1964303119611672,0.44819935917775344
0.9454403818508569,1.1432232349372287
1.2371311069888427,3.1665595224550853
1.0,5.990453877566016
