alpha,s
1.172860126991489,0.0
1.0035614209409955,0.470019217601801
1.2451480770026702,1.5629998338607667
0.0,2.914014971156773
0.0,4.353378636434631
1.0,5.987743403295694
