alpha,s
2.03022058613806,0.0
1.4074949602019682,0.007837200128120461
1.0745635638610813,0.08420754828807704
1.0729364020447363,0.5674260017332756
5.5457047210148875,2.8549017740643055
1.0,5.990966856570164
