alpha,s
1.369985528957407,0.0
1.2452605497732547,0.3838874962356936
0.8308376968578025,1.3220054939102277
2.810562159080021,2.9535734780228364
0.0,4.435045752038881
1.0,5.994020063021391
