alpha,s
4.127524469625218,0.0
2.508208959449838,0.011498336390780363
1.2118107378728167,0.08315453867461121
1.151212308068832,0.6463513210160896
1.518657078784375,2.592966848881244
1.0,5.977176545300072
