alpha,s
1.0674087658436273,0.0
0.911930351013906,0.26952300780538646
1.064652563601988,0.7048537049008741
1.179146017156935,1.405544076179447
0.714916388964264,2.8870651644170455
1.0,5.988725068638727
