alpha,s
1.3687021307871747,0.0
1.3077673964906429,0.4835885083479506
1.2653422832019139,1.4573905648910688
2.069706538511025,2.8584405327748925
0.0,4.445366729147
1.0,5.995880531168299
