alpha,s
0.9721028648249831,0.0
1.1302165789141203,0.3085800769874067
1.0231558384908885,0.7056757869317398
1.1718352657843085,1.4094832310826224
1.173914499103742,3.0121371996974835
1.0,5.999889629129573
