alpha,s
1.100848623131045,0.0
0.7415839158149509,0.45240176098831936
1.2926471114639175,1.6656741768005594
0.6070183489554813,2.932902825816905
0.0,4.602949749352459
1.0,5.982010537947334
