alpha,s
2.223122963012435,0.0
1.3472259722518984,0.008962863699965943
1.0341931107802715,0.0895617764023356
1.1619600804545351,0.6286783659581492
3.3663717364771846,2.71430962965451
1.0,5.996381196592641
