alpha,s
1.2087191075205006,0.0
1.0818753183344876,0.4190386334187282
0.9473148043111174,1.4308740583693442
1.6679559520357432,2.7901442526703932
4.096307964012793,4.339406888794971
1.0,5.995419734271932
