alpha,s
1.3585957921452123,0.0
1.1574558467180704,0.49290512128926883
0.957877149217599,1.4216981986106778
1.2308029091593382,2.780499428806799
2.2565966504240356,4.404291116551546
1.0,5.999734216039895
