alpha,s
1.2671977655691034,0.0
1.7930060536193513,0.5163083871824958
3.2906888168265036,1.4525318724438498
0.0,2.86694795292576
0.0,4.550956727107697
1.0,5.9687960861249
