alpha,s
5.671203793228625,0.0
2.058042912020397,0.00736497747964804
1.4861518947424424,0.08209063369016381
1.1914777298313486,0.45492794350505333
6.724289260424264,2.638895776930234
1.0,5.972971151233971
