alpha,s
0.8766421799053701,0.0
0.38647885437777857,0.49308646708184206
0.3867662624176221,1.6035760792935554
0.13325289190928855,2.7061791218121
0.0,4.453817570222008
1.0,5.975925751452524
