alpha,s
1.1920727755624732,0.0
1.0906475406379303,0.446171354690723
1.8122159661559891,1.5339271708591258
1.8658073059807507,2.7989549994813516
0.0,4.389787853315932
1.0,5.999658053643957
