alpha,s
0.9602512391595596,0.0
0.9955450066877072,0.446171354690723
1.7030912775000815,1.5339271708591258
1.6755415684213677,2.7989549994813516
0.0,4.389787853315932
1.0,5.999658053643957
