alpha,s
1.4361478889620987,0.0
1.121984607796344,0.06348558160690848
1.1104336357249682,0.23755818294128808
1.162125603889244,0.7886617575910955
0.35651549308609903,2.6400076234976164
1.0,5.996315802437468
