alpha,s
0.9946614957180883,0.0
0.9051043338067085,0.2999669562065897
1.0875305069055368,0.7338912478724197
1.0472836288763452,1.377957542263737
1.3243721780452888,2.902752403008512
1.0,5.994858975062295
