alpha,s
0.45024219675218885,0.0
0.19333258630396605,0.5671234620919512
0.2151620472448107,1.5640437341371192
0.03122592426489552,2.853759189002253
0.0,4.607521313837443
1.0,5.985491006237025
