alpha,s
1.0218049172396775,0.0
1.3168899497930393,0.1666538402320431
1.1877166480008863,0.3748122337105172
1.1134605025514335,0.8264041784800624
1.429124285954916,2.383215932431495
1.0,5.990761749964682
