alpha,s
3.4897346946900294,0.0
1.8045315246410223,0.00644788279219262
1.2134733039203058,0.08125386226101634
1.0325067823788825,0.5156631738299805
1.75866757158727,2.6714587290088536
1.0,5.993041918826934
