alpha,s
1.0456494618789782,0.0
1.0629298534244127,0.24175575909494362
0.9244793147365885,0.6895941264489643
1.0667592780536823,1.8712848434150566
0.9788146644222462,3.7235288400129676
1.0,5.993793739449519
