alpha,s
0.9071869748141045,0.0
1.1475726074805919,0.17538245291593982
0.931026045344115,0.42368184010629417
1.2750183360156222,1.1498225499615207
3.3464859745764493,2.8209253575619773
1.0,5.998591000596731
