alpha,s
1.0140914470678517,0.0
1.0114467855910467,0.2912626131679117
0.9494605669977368,0.7067844564852471
0.803475058247142,1.440637725764168
0.8373598743940234,3.0444190487135327
1.0,5.998136917283663
