alpha,s
1.5947535115859925,0.0
1.4703116324480046,0.43035299555911494
1.3732911736838305,1.508491340967615
5.307024192349983,2.9664262048643066
0.0,4.546820786499301
1.0,5.992056187155092
