alpha,s
1.108867951572806,0.0
0.7858677891657885,0.5026218592830625
0.9893289464825796,1.4505220080318846
0.0,2.737485408962204
0.0,4.16571551867262
1.0,5.992403434881428
