alpha,s
1.3048504471276123,0.0
1.3063863396835467,0.4200662347242337
1.2730833092508378,1.4179723582043111
0.2854694788471695,2.7156492220228956
43.77492211560375,4.487757312439157
1.0,5.996675173835691
