alpha,s
1.4831887550437315,0.0
1.3446893791759393,0.4200662347242337
1.3021879715830025,1.4179723582043111
0.29016590209508225,2.7156492220228956
43.815532486869856,4.487757312439157
1.0,5.996675173835691
