alpha,s
1.0378668110696798,0.0
0.8834783173454877,0.2848605275721512
0.9576113746468676,0.7422192800455003
1.0005036629600967,1.475530489042172
1.2892471362908795,3.0636653468685977
1.0,5.99529304567397
