alpha,s
0.9546771468620492,0.0
0.9242042282479956,0.22608925198068042
0.8419191869002716,0.6220133334742213
1.3787148999178116,1.6038670889120423
0.0,3.5320895908646883
1.0,5.991932639602807
