alpha,s
0.9874827035812842,0.0
0.9932795489931454,0.2737814942863875
0.940367194598787,0.6688975079139688
0.9232156341060639,1.3383323894367751
0.5070310379582236,2.871771749766084
1.0,5.97648680369246
