alpha,s
1.404402867520013,0.0
1.111662794268515,0.43760530386478197
0.9912437133623598,1.4123891340895178
1.2353242216153426,2.863174883188553
28.324372568864998,4.454135130414601
1.0,5.9999769346903005
