alpha,s
1.1513519509519026,0.0
0.8059048980792662,0.44838608957005666
0.4988060290121108,1.5379653455087745
0.0,2.9977465640819285
0.7634403277312208,4.572128890504825
1.0,5.99450026933582
