alpha,s
1.0041773942728336,0.0
0.9657892306786107,0.2435537799601241
1.0739649548036903,0.7043921709458004
1.0994663958767181,1.6512821502219854
0.8055048781204456,3.62291123444176
1.0,5.996750827614743
