alpha,s
1.4585787374889536,0.0
1.4355387468673355,0.44740533862782617
0.9715428465936047,1.2574840822404325
1.7547827875284854,2.815217187296569
0.0,4.556208548509211
1.0,5.976889738012128
