alpha,s
0.4031697358515813,0.0
0.6239192224514487,0.10819602873492243
0.7601655121956915,0.3023128334145354
0.8815900985326345,0.8333873136382919
0.9639566274094706,2.715349908878553
1.0,5.999677279686948
