alpha,s
0.9703208779075013,0.0
0.8185290557464603,0.3855902612754359
0.5930582963574624,1.3592050578429218
0.38455609055303736,2.879752287947869
0.19121710055071392,4.419267301011208
1.0,5.999344137221988
