alpha,s
0.8063221492077303,0.0
0.7994415650665032,0.5991424998869476
1.017771491984352,1.6082057810395352
0.46406765986898507,2.968861000421401
0.0,4.453280264070405
1.0,5.995907866664573
