alpha,s
1.021350452834736,0.0
1.2347869646061986,0.178135082319724
1.341371823840492,0.4388259023103691
1.0580842644610997,0.908083921733619
0.8567942765651961,2.841589774386812
1.0,5.984878159320493
