alpha,s
0.42687023189457446,0.0
0.2750528035220734,0.3947203956376402
0.09094447456673287,1.3361219828142143
0.03341669077001554,2.7656931890419245
0.009876617636421448,4.359206292413279
1.0,5.999865492667995
