alpha,s
1.0640344661637287,0.0
1.1441334111867154,0.2160317885989018
1.0298955792123623,0.6163673024397681
1.0411171818342264,1.5807913102041513
1.1991009357999585,3.5371618016854818
1.0,5.999939390785293
