alpha,s
1.2973070036382428,0.0
1.2070365282608335,0.06669279197018646
0.9555883264534714,0.41330206410509246
1.9889894081646855,1.416644020972223
4.782514159269245,3.597829757194491
1.0,5.990620224803147
