alpha,s
1.7860755996278828,0.0
1.4044674306599845,0.05108027644708782
0.9160221671533378,0.3706182082440753
1.023182610712996,1.7376231434533436
3.6662686997248484,3.7594922019003447
1.0,5.963500292377818
