alpha,s
1.2930610716954651,0.0
1.2765129191484061,0.5238387673778243
1.0117366007873783,1.7366627866071662
8.720707954440595,3.12793895965599
0.0,4.624393125393657
1.0,5.999592464379024
