alpha,s
1.1479221224058738,0.0
0.9782554879653077,0.48503066317682386
1.282913418386919,1.3628531342336085
1.0927298579921025,2.6900062816526065
0.0,4.393591252991085
1.0,5.98188503543041
