alpha,s
0.3975934399711307,0.0
0.5162883172012258,0.11174548956655543
0.7210860206957806,0.3297736608996145
1.0326184505566234,0.8669655030257506
1.2160984035062867,2.833776046419359
1.0,5.997216026178226
