alpha,s
1.1855016091998605,0.0
1.1579518401950346,0.09965708419351166
1.1559332338775687,0.2950725608226572
1.0086404847241242,0.7386929258539063
1.7516081139200734,2.287559825170341
1.0,5.998244160104575
