alpha,s
1.1750352409203895,0.0
0.9055504885021447,0.42206012455337544
0.5927990799734958,1.482994648734403
0.8794509968933747,2.898267207919059
0.0,4.474449654337629
1.0,5.992336041359078
