alpha,s
1.5887876192373267,0.0
1.0525872231174058,0.3522083069647328
0.8439147078521168,1.2361245938811765
0.8776465612809402,2.686055330475057
5.487340068483481,4.374914905384186
1.0,5.9784232976697815
