alpha,s
0.5042022494889395,0.0
0.7134628584148457,0.11516793861700636
1.09931934104133,0.34042811530681294
0.9348288113003758,0.9057558701358096
1.8744295379911367,2.9702793652357373
1.0,5.997178023451146
