alpha,s
1.29885110103249,0.0
1.335459576608909,0.11516793861700636
1.49864056391272,0.34042811530681294
1.0438851393034532,0.9057558701358096
1.9502991517452701,2.9702793652357373
1.0,5.997178023451146
