alpha,s
1.018855963201267,0.0
1.0793218231180106,0.3039794687902248
1.156961697635821,0.7235429507190755
1.3918274608408925,1.4925454675585057
2.739378005042384,3.1252693244028222
1.0,5.982660105640229
