alpha,s
0.9814620106044829,0.0
0.818161263663238,0.48092676948696345
0.6895151350477727,1.4927379910959835
1.0536689062549915,2.928201032194265
0.5038237787419413,4.44199861433336
1.0,5.99350609098507
