alpha,s
1.0590391681027915,0.0
1.1763890863898125,0.16602648422798885
1.1213288804665895,0.4311865816159337
0.8481938834931724,1.0487842599902073
1.36587469510389,2.6074852505510244
1.0,5.937745512222177
