alpha,s
1.3059891483790296,0.0
1.0266475413420297,0.062425296870635964
0.87653476942529,0.23600351387017784
0.8176387644237599,0.7102043721475041
0.2683609003416491,2.5455170172107278
1.0,5.998517564503897
