alpha,s
1.3738280069304758,0.0
0.9649287702961497,0.04658161537114547
1.0515400766484282,0.3855578640677607
0.9720474650726018,1.3963859933891367
2.42482866814921,3.5521877567618443
1.0,5.998147186885992
