alpha,s
0.8682386862782252,0.0
1.0122071046735597,0.3348181333538071
1.0330728563667424,0.7636651569840083
1.129854255441758,1.4498700299198908
1.4109553113470996,2.896248888224976
1.0,5.991753771134165
