alpha,s
1.0414920596371706,0.0
1.1070789861474128,0.18551621094280035
1.128229056889173,0.4750015512743936
1.0509979768695294,1.048652907852405
1.6193136129573733,2.81365985484838
1.0,5.99812095636204
