alpha,s
1.0724357017011992,0.0
0.8583047287072749,0.44030124321316433
0.4450282936612917,1.3477332461602431
1.1187694968688289,2.8812242887298822
136.15709111155775,4.508994346658861
1.0,5.98999938694767
