alpha,s
1.053753143120171,0.0
0.9390623283292024,0.17940893649678222
1.0239138511446826,0.4884589127641947
1.026287170459243,1.0826645858718362
1.3172566147965477,2.7954021009360908
1.0,5.9986981323214845
