alpha,s
1.2276335515510377,0.0
1.178180045315047,0.15381437521260105
0.9622961060884333,0.43166453821328143
0.6255312400976125,1.150013613830409
1.3731657827801118,3.1830387928359607
1.0,5.976988740715525
