alpha,s
1.077755999966363,0.0
0.8468660889535111,0.42158678745798767
0.8167336476738456,1.350289842632807
0.40420125147786357,2.695728387702654
0.0,4.4438617034318995
1.0,5.99599081054032
