alpha,s
0.988785816882293,0.0
0.8760471233163082,0.28496054114426556
0.8851291323861646,0.7385956115533685
1.0233437904399594,1.4816569840762297
0.9816444864198388,2.847147854505682
1.0,5.964940492747822
