alpha,s
1.0603047384425652,0.0
1.1135609406657012,0.11520945707471521
1.0218504512175621,0.32609416084977744
0.9582218892602713,0.8585694854079335
0.8261375520571654,2.6948641438450163
1.0,5.999337789955546
