alpha,s
0.3615394202163609,0.0
0.5436183353936309,0.11520945707471521
0.6820531824427442,0.32609416084977744
0.8153173364900462,0.8585694854079335
0.7470976643547759,2.6948641438450163
1.0,5.999337789955546
