alpha,s
1.0983271583582692,0.0
1.16666558649308,0.11414558256990603
0.9918840720566422,0.30041470114619684
0.9026497239071195,0.8266276889412597
1.3810926732082758,2.6993175021463847
1.0,5.9876996340561295
