alpha,s
0.9590525301292642,0.0
0.948293011291019,0.1927056066209409
0.8270114169950064,0.5097310006973365
1.059385876390341,1.0702074260298717
0.9137660430774479,2.4772972413385985
1.0,5.974466715044208
