alpha,s
0.9296103050930511,0.0
0.8062632987390796,0.33838776962405187
0.9647019072343369,1.2563918949578958
0.09094112888540076,2.605600148432611
0.30464856762067827,4.302318706206901
1.0,5.999410728146355
