alpha,s
0.40336580254922344,0.0
0.556719932704518,0.10657238306842844
0.7199659145838874,0.3274994407217381
0.8680173262431115,0.8773880333873213
0.8710616377800943,2.8672473620243992
1.0,5.999821852204345
