alpha,s
1.7515117249744891,0.0
1.0447500177668734,0.3649611129475117
0.5074458489514116,1.4826906876237533
1.2781074754283839,2.6657917678651195
0.0,4.319618445738899
1.0,5.994403325698174
