alpha,s
1.0237913672213144,0.0
0.9396605314963157,0.28126439297892614
1.139613840347384,0.7142125715702697
0.9548239385895326,1.3177120456976978
0.7125254634819094,2.855211271221278
1.0,5.982895366570538
