alpha,s
1.0862229927753635,0.0
0.8531921885137584,0.12187406430349741
0.9847152961016771,0.38225513873031686
0.9904146713114489,0.9638734994728417
0.53591251745213,2.85326328358237
1.0,5.9810539690070925
