alpha,s
1.2452513031548127,0.0
1.1043675907430814,0.41990571546840866
1.0568517313170005,1.6186623460904719
13.198131988121853,2.9319557297688754
0.0,4.54854440501581
1.0,5.992835723286106
