alpha,s
0.43313030189363466,0.0
0.5668647084141307,0.11310186840057736
0.8613564523203501,0.3320371487150365
0.953964864588527,0.8784936090861039
5.5503872288924825,2.693614921439955
1.0,5.972881576017253
