alpha,s
1.1468688725225789,0.0
1.0940853916063105,0.11310186840057736
1.2306903965152327,0.3320371487150365
1.0922720260439762,0.8784936090861039
5.6784248247597455,2.693614921439955
1.0,5.972881576017253
