alpha,s
1.023243323094971,0.0
0.6675680389143558,0.4114025243764056
0.40355285067680124,1.5525486785293492
0.09655717982790799,3.0589967011392787
0.09466542466909236,4.626829400212518
1.0,5.998439473858943
