alpha,s
1.1417610087267536,0.0
0.8432789482385443,0.4513411797964803
1.247178108782725,1.4950457704552442
8.10930221101553,2.866494973326707
0.0,4.265453169070747
1.0,5.958417929698079
