alpha,s
1.1837734737722583,0.0
1.36557920336313,0.48068227219736737
1.8337933783057003,1.3945309329101736
17.5772197579449,2.7037459890006192
0.0,4.3178472112318405
1.0,5.998402935940783
