alpha,s
0.4073640085695481,0.0
0.47310053495743215,0.12012138583273115
0.7977913871410152,0.4145262668640853
0.8992987080531442,0.9747180575831571
1.7218520107192112,3.1076013284873674
1.0,5.977372735375996
