alpha,s
0.9686827520358865,0.0
1.1241416852461392,0.11387103156565258
0.923453104227953,0.2960630310825794
0.8198019211416963,0.8098592371884357
0.5887593932154409,2.4774206167864072
1.0,5.947729190016405
