alpha,s
1.1120517068114346,0.0
1.0545056707782803,0.16651213007113405
0.9719795447113688,0.4554147514913742
0.9573196321715495,1.0584412847014695
0.7135598103649836,2.626921588921936
1.0,5.982599197543112
