alpha,s
1.181160441034197,0.0
1.0881541180954981,0.1872626321509224
1.1036754611487205,0.49960676001426324
0.8661390509834083,1.1389995922668192
2.6048947904652966,2.899740323887544
1.0,5.967019343302265
