alpha,s
1.1291920214000983,0.0
0.9809785955073804,0.16618947358633823
0.9753585942532725,0.4746112320796702
1.089653597534179,1.1192704965421623
1.7924086087267181,2.788910689157836
1.0,5.999409843743846
