alpha,s
1.565681739974144,0.0
1.2958851433326166,0.4000163383838567
0.5462877742683897,1.2558839203275047
2.1067569984923282,2.9690229527754877
0.0,4.734820208818505
1.0,5.99038700449611
