alpha,s
1.1182960327519578,0.0
1.0209179520096205,0.16497689832171045
0.9430651518887754,0.4385612026636917
1.0543495876878588,1.0083692843219252
1.0567440938995556,2.7161740740883906
1.0,5.996811458586431
