alpha,s
1.1134058016579191,0.0
1.0893318174470494,0.4333589468094781
1.3529930681629379,1.3137973411795973
0.0,2.8791748583566483
0.0,4.405550540452167
1.0,5.994532546701903
