alpha,s
4.048645864469599,0.0
2.089371758758815,0.00796946967063444
1.484317442621095,0.07888698992167965
0.9024808058422219,0.5543817286822809
8.80438407714582,2.9150149032958073
1.0,5.980338110165732
