alpha,s
1.1729837090620818,0.0
1.1387465972653201,0.14399255112492784
1.4495695472732413,0.395615504566973
1.0908712221608623,0.7850660611374088
2.7973087698676737,2.43796659902151
1.0,5.967874701264359
