alpha,s
1.4289995644717366,0.0
1.0164996715208432,0.45594260747346593
1.0980656537781481,1.3696921624036489
0.43998838784622646,2.676212106622786
0.0,4.2621981320804245
1.0,5.995866814134256
