alpha,s
1.0351715046221164,0.0
1.0007398363393838,0.28484427421564507
0.9887826055726117,0.7312537322274655
1.0469975033314864,1.4490043729795365
0.9009728406392853,3.007004667181452
1.0,5.995848864655546
