alpha,s
1.0395111700733877,0.0
1.1326137634549753,0.45886699264263386
0.9347860307632461,1.320019959235047
0.9183305377975762,2.809266920384975
0.0,4.3734667545089465
1.0,5.994348813072306
