alpha,s
1.1690154975850395,0.0
0.8606277928037799,0.3639179845726734
0.502010020965075,1.444358664748107
0.0,2.8589285334185135
0.0,4.599858826169067
1.0,5.992729366010806
