alpha,s
1.0398651677148634,0.0
1.2737593737882174,0.17441957776545675
1.0439468123665874,0.41031679329654375
1.0753074761535815,0.9651337137137591
0.9791705151734377,2.7442125584700126
1.0,5.989008039105469
