alpha,s
1.100011407174404,0.0
1.331900613683557,0.40932838502226526
1.2113948797006646,1.3919001795279327
5.342488816972303,2.8197838880770747
0.0,4.52679121962752
1.0,5.997041185822545
