alpha,s
1.1488677635322153,0.0
1.0808563654505134,0.18220208069541988
0.9879264967019608,0.4992782050489732
1.4156073408458465,1.2043678931210557
1.6597865301631325,3.1082284619620664
1.0,5.973956899007852
