alpha,s
1.1085333554115733,0.0
0.8832042926078806,0.28648136300494587
1.115091428992932,0.7649318126296447
1.3370549687697968,1.5926847868496965
2.464427063959113,3.160187629750593
1.0,5.96629919557232
