alpha,s
1.5593848250749283,0.0
1.1769337773555075,0.4312950919049177
1.2570604905349252,1.4085543260777331
0.9859250181404402,2.822040106792239
7.357633142734133,4.314736948535424
1.0,5.9984193711901375
