alpha,s
1.1882312698516677,0.0
1.027327705463316,0.4312950919049177
1.1260175868021898,1.4085543260777331
0.865100248388965,2.822040106792239
6.810237157245881,4.314736948535424
1.0,5.9984193711901375
