alpha,s
1.1835524788248664,0.0
1.1514631141706122,0.3661079510861006
0.85455539664249,1.173024628165502
1.1691517166193581,2.6188855208644206
0.0,4.381088991152798
1.0,5.9874655182710415
