alpha,s
1.0925553956761007,0.0
1.0041943021355408,0.18637709235294384
1.0767146600219812,0.4926277693568986
0.9954807947889824,1.0930079844758849
1.0448406455692847,2.739333025332628
1.0,5.984678134989034
