alpha,s
0.4130122415426517,0.0
0.5862969338049171,0.11137279663180419
0.8583798201057663,0.3413062619103602
0.9783552085300046,0.8562064421606247
0.6719635579283334,2.9025595730895484
1.0,5.868970685540802
