alpha,s
1.0416807685005884,0.0
1.1104785583981853,0.4518509444060479
1.137779555922347,1.4250797798064976
7.746511228534424,2.7092935969466714
0.0,4.3060999772421535
1.0,5.998944575861636
