alpha,s
1.2851040085911847,0.0
1.175031836295133,0.4518509444060479
1.1537864734135794,1.4250797798064976
7.808158400340837,2.7092935969466714
0.0,4.3060999772421535
1.0,5.998944575861636
