alpha,s
0.33888183549398265,0.0
0.21086420743382267,0.38731904298715236
0.03988245985721461,1.4065502951735245
0.05516118515587834,2.813106095178004
0.0,4.352132631355662
1.0,5.99370963301177
