alpha,s
1.1198497900736748,0.0
1.0367399101113828,0.23593982141514502
0.9755774775829291,0.7021741731016724
1.0769502039341883,1.743876013832059
1.5283265193864213,3.7482224691461288
1.0,5.997868676615004
