alpha,s
3.8175835441064336,0.0
1.6651474572165135,0.0054368316507188204
1.4558702773017067,0.07927628776748889
1.214479635850037,0.4738120498839317
0.5402137121547793,2.3429051713793236
1.0,5.988809505280788
