alpha,s
1.1057835586200988,0.0
0.9926540381185672,0.16575085012396104
0.969981303740026,0.4688519166300322
0.9204490071620257,1.0486919809601536
1.3228071755007884,2.788374318867478
1.0,5.992424663774865
