alpha,s
1.6498433589818442,0.0
1.3950229473373936,0.4053103328848109
1.4895849758925754,1.5136395581455298
165.98951215795805,2.795106376869653
0.0,4.329824275731577
1.0,5.98995665107981
