alpha,s
1.0112722756430514,0.0
1.0125480537318068,0.17073787228050802
1.0046949893757715,0.44553971668360265
1.0653490982757376,1.0049412167299931
0.626091722243176,2.726422583157003
1.0,5.999374084302813
