alpha,s
1.1518455497642863,0.0
1.1491915377846547,0.4048777010822419
1.304501380441431,1.376903968590344
3.2791890886809343,2.8333950572685453
0.0,4.362021261250739
1.0,5.999730283123808
