alpha,s
1.1171316480762703,0.0
1.0424004947426888,0.22806115220787337
1.028299665999335,0.6565421467861723
1.2406169659562654,1.620228591312135
3.392193462072456,3.6297762210858666
1.0,5.999442236297817
