alpha,s
1.5279814125749596,0.0
1.6395406177760108,0.06967854778070258
1.2888603845426803,0.21105916720180679
1.3316008872087304,0.727721806322882
3.240439195231491,2.933507777939461
1.0,5.954668564060269
