alpha,s
1.0981976780831864,0.0
1.207179452589673,0.17663923859152103
1.174596581221083,0.45054925951758895
1.1845379297425846,1.0478300396032392
2.3052787449161616,2.6598944335548995
1.0,5.970164462225435
