alpha,s
1.0553359265271063,0.0
1.0808526147534059,0.17581998496930856
1.078802160470704,0.4757436540339258
0.9639636487279704,1.0709619019458498
0.45633402820396946,2.8024174872072183
1.0,5.998010059904622
