alpha,s
1.5053605399263033,0.0
1.0063024092808055,0.36399100913688437
1.4740970741552297,1.294555450643713
2.93464178085546,2.6978197345789887
0.0,4.410257258971302
1.0,5.981304214782994
