alpha,s
1.815698704291834,0.0
1.6198494905161285,0.06097025495069679
1.3515670375426612,0.21700897804900685
1.041444096852735,0.725608015509073
1.9810503738382268,2.761986783509798
1.0,5.982500055472347
