alpha,s
1.076152472641894,0.0
1.0236807210983878,0.1766090129823188
1.071787284286095,0.47080094083058854
1.0607388110374372,1.0307223899566218
0.9423470622898956,2.6412786159528907
1.0,5.988887338791815
