alpha,s
0.36811673311545084,0.0
0.18154539245684573,0.39027991580867755
0.10402277789589093,1.4311305317513694
0.012807490733500357,2.8537087147438043
0.0,4.464980088403236
1.0,5.999258529575344
