alpha,s
1.0335883307632021,0.0
1.0604601249355825,0.1837202502882557
1.0643110275460375,0.4678907529178889
1.1990884686502163,1.014247250609832
1.1057300509832555,2.7030005588262926
1.0,5.998629096203978
