alpha,s
1.6149112027984254,0.0
1.1154499698685931,0.37127029797330835
1.3559400589136028,1.3446938015463858
2.511947424397141,2.8821345903034206
0.0,4.31553883163151
1.0,5.992726071975557
