alpha,s
0.843926170034155,0.0
0.9993089910363029,0.2676216677998913
1.1454905298969922,0.6810803705306733
1.1812377828689182,1.6827831235435873
0.0,3.4838490294863984
1.0,5.986256058782345
