alpha,s
1.1501283611683255,0.0
0.9019020617282721,0.15617354517125723
0.8335609662925788,0.4604909434119763
0.7896943822488838,1.118985528985976
0.7175142936066794,2.734198644367527
1.0,5.994462679698859
