alpha,s
0.8997069974092826,0.0
1.0121557765284148,0.16365611087032683
0.9946341824550294,0.4116496100830292
0.881712171154066,0.9330870143180421
0.5330441582856819,2.5470344655674557
1.0,5.993701947167311
