alpha,s
1.2985534148833775,0.0
1.1789132118828445,0.06316327737652602
1.0001317745219276,0.22446610628012437
0.7769439187156092,0.706426092948965
1.0693588486851582,2.538479532947631
1.0,5.986694786229627
