alpha,s
2.649202484969996,0.0
1.3486838595970454,0.00692592640370338
1.1040439946836893,0.09252118208437515
0.9837026651785744,0.5765462759484594
0.46140208189748555,2.688437275535558
1.0,5.998979704580568
