alpha,s
0.9259442943469475,0.0
1.1920874709742744,0.28782948294982513
1.361871440586913,0.7078876008067037
1.198568818062286,1.6498113317343404
33.83509007996383,3.7922896896426224
1.0,5.9866148992572406
