alpha,s
1.3351567553687618,0.0
1.3386689336311273,0.3773205703392381
1.8660118578371807,1.3064465225958064
2.3822926266093076,2.7326287277841383
0.0,4.355064160915502
1.0,5.986567518614663
