alpha,s
1.0999077969807194,0.0
1.1960856278627199,0.17179695614201773
1.2220276635807719,0.42740661340746117
0.8631397020517804,0.9220027528881067
1.053668777013356,2.7265102376414836
1.0,5.974774778647364
