alpha,s
1.2789917859732123,0.0
1.2552091244532246,0.0729919486042125
1.3269952494792185,0.2436508157936733
0.9590097227814555,0.7294891053884083
0.8545568634724037,2.9170606053588446
1.0,5.994923665437188
