alpha,s
0.8985180857089892,0.0
0.756005685210033,0.42654496936094427
0.44265760682976535,1.3733055635924425
0.1159969474002341,2.906246956069811
0.0,4.4620014988236
1.0,5.994042077552062
