alpha,s
1.496300306621812,0.0
1.2371024925722902,0.42654496936094427
1.334209170102108,1.3733055635924425
2.1022460124661717,2.906246956069811
0.0,4.4620014988236
1.0,5.994042077552062
