alpha,s
1.0532536010674223,0.0
1.0200369324742249,0.10974449553841722
1.0658813404330174,0.33602810837785585
1.0776443815514485,0.8786737568307743
1.6278654261010226,2.677733167217525
1.0,5.9915540365400615
