alpha,s
0.21461627738189437,0.0
0.13988060506427974,0.3890126538234961
0.06492248791632751,1.4014558533535093
0.029207007571066975,2.94170120085325
0.0,4.458483154333885
1.0,5.985596152272215
