alpha,s
0.2014716095077483,0.0
0.1691007646631235,0.41525361998226623
0.09046458154726114,1.3000423739523645
0.0,2.8019457975049216
0.0,4.324384924007406
1.0,5.997718983048387
