alpha,s
0.4856204063119973,0.0
0.5819982726271132,0.10013099709468949
0.6426217410525423,0.3041595867046757
1.0880748655023167,0.8736728697859961
1.153568043404694,2.44339940029389
1.0,5.992132083538692
