alpha,s
1.2754626804298692,0.0
1.129031978168519,0.14947321853960327
0.9115256810804803,0.44201683671012754
0.8698210953693793,1.1715330822375638
0.44740911816260726,3.0699154477854353
1.0,5.98907053548419
