alpha,s
1.1736576086066741,0.0
0.9883362239422443,0.1680947457862221
0.9909519684362852,0.5075303086113783
0.7585260938192564,1.1780343294618223
2.0645253486134503,3.034336634207024
1.0,5.997789057437351
