alpha,s
0.46855217745213007,0.0
0.5600830882411771,0.09632691288693122
0.8275674562247238,0.32182831413970536
1.0583134051084797,0.8912113280791928
2.2547715956033003,2.8832399216999813
1.0,5.999273335035899
