alpha,s
1.1812186751802753,0.0
0.9701294140422713,0.10730155725802674
1.0218920742291682,0.3498229903786992
0.9953369273214914,0.9129520403968405
1.1488587848227403,2.5499354738672726
1.0,5.98375685828051
