alpha,s
0.43788470702715304,0.0
0.49632970379975416,0.10730155725802674
0.7121333173303482,0.3498229903786992
0.8664114540117186,0.9129520403968405
1.0655212820607192,2.5499354738672726
1.0,5.98375685828051
