alpha,s
1.8959680692124323,0.0
1.7586851327553055,0.0741000943315121
1.4201411255683776,0.2438666757720525
0.8903413474157755,0.8893500510094071
1.9285148980127877,3.044272583950061
1.0,5.965811292060194
