alpha,s
1.5429499330529735,0.0
1.2256458250687219,0.10572152109786954
1.1997398738832723,0.3425800751167591
0.929476311414883,0.9496626255287893
0.5423059928593801,2.860064820517361
1.0,5.929577750150646
