alpha,s
1.1751882401378067,0.0
1.0998302540147677,0.42495559446643344
1.0663751213083852,1.4031489467538616
0.8301330058882508,2.794747835883046
1.6078512271200138,4.455403066269084
1.0,5.996560194742235
