alpha,s
1.1009706087221374,0.0
1.1974174124120067,0.10710168755816026
1.0284594801024103,0.293669469680509
1.059895429508647,0.8530413707075428
0.9328383311112541,2.6583900210365945
1.0,5.99529584164696
