alpha,s
1.154894800198239,0.0
1.132350367172756,0.36424736575179156
0.612309638988655,1.2242635012728078
0.9422733257036349,2.663070698814819
8.127775432261371,4.272274542333377
1.0,5.970874137882317
