alpha,s
0.6347658502948769,0.0
0.5204134386096315,0.339190366137354
0.2624557209330813,1.4378138461023653
0.13562402354477157,2.8586503134733388
0.0,4.481405085004299
1.0,5.920443048986115
