alpha,s
0.9967920196582252,0.0
0.9581514419357596,0.19480413899665774
0.7477388996297665,0.520096297030075
0.9531251267038948,1.2255903984394836
0.6870890858376065,2.9875968311779406
1.0,5.989751914413112
