alpha,s
0.9334225050388809,0.0
1.0294308352418944,0.19717923795946293
0.8913246519938652,0.4876160403681606
0.9325415930102018,1.0774300118868305
1.1504062136950775,3.0250194261076184
1.0,5.988614214887694
