alpha,s
1.028502149551892,0.0
0.9083595254826289,0.2771024149061506
0.9005336884899124,0.6851281219191967
1.2288469803810063,1.3726250422547424
1.665738010289204,2.7618933561107295
1.0,5.932522708271913
