alpha,s
1.2750794384023183,0.0
1.0346922288743696,0.39758114663915123
0.9553148972558794,1.4255507204059426
1.0305346982106467,2.900730235425787
3.4080498366572884,4.408051802877611
1.0,5.993942442661431
