alpha,s
1.2094515201547,0.0
1.082960934613409,0.15210449809975385
1.2363612860489366,0.46111164048143516
1.0093955567132216,1.0622014916466058
2.344916186752889,2.856556889158503
1.0,5.884273689246513
