alpha,s
1.0857239956962794,0.0
1.29843564713206,0.10504780025503753
1.0257943343934397,0.27825608822768855
1.1089062517085322,0.7936486601417013
0.7358903235187773,2.6314038426818445
1.0,5.989314715523989
