alpha,s
1.1423103167428361,0.0
1.115295575993012,0.21913153311148767
0.9979494124918766,0.6795033458927642
1.3698846576725003,1.8545809128527855
0.0,3.864832434948136
1.0,5.99691009218226
