alpha,s
1.3229720934200884,0.0
1.1982456826758574,0.42403359865342743
1.1137253536998781,1.3379520728143672
2.5107713470554263,2.8703133030993335
0.0,4.449531870664488
1.0,5.977024541255863
