alpha,s
1.1020369575571134,0.0
0.9892031301553662,0.1563596176145144
1.0173987870312413,0.4384793278616313
0.9841945649008449,1.029033634335683
1.0080146000391539,2.830794812507443
1.0,5.998703071841247
