alpha,s
1.1426842551406828,0.0
1.3324817902148938,0.46363717313868136
1.3141826639925864,1.3700818049627315
0.7350405025875032,2.716733008225824
0.0,4.48676455975692
1.0,5.965875597820314
