alpha,s
0.9893198377456999,0.0
0.9548022135332478,0.4987308105052632
0.8195630875684679,1.5545322693170969
1.5208802809707882,2.9416276476856025
0.0,4.514295596496461
1.0,5.98085222779734
