alpha,s
1.2408313492623557,0.0
1.19462740716343,0.30465966577009146
1.5871449408677056,0.8770649731455106
1.7748445068000656,1.923709916915045
0.0,3.8313277319834507
1.0,5.980909884058861
