alpha,s
1.0477620884354109,0.0
0.9899516052105206,0.2638081724701877
0.7897241868756079,0.6364362032175431
0.8887925668440593,1.3851620758821104
0.5156102272038318,2.709105867825153
1.0,5.998143848957669
