alpha,s
1.1484141601758315,0.0
0.9367195657281593,0.43808726056711833
0.3964594579668805,1.3067057571166445
0.4618471705127997,2.6887220551509183
0.0,4.332400251077421
1.0,5.99726864179409
