alpha,s
0.35114045309728575,0.0
0.21950764319022043,0.41028839000023515
0.1021351522066604,1.3483953043531547
0.05882369014031888,2.616735051137081
0.0,4.291577930089319
1.0,5.962897467794917
