alpha,s
0.903073155870774,0.0
0.9286231450637005,0.2458355242481425
1.13479597587415,0.6738604404068483
2.593148638180666,1.7718690531551626
0.0,3.733653566846703
1.0,5.957367029533192
