alpha,s
1.0583763895640383,0.0
1.1239421927159485,0.25203328170215816
1.0443875168872208,0.7178859865899043
1.1138991877119935,1.8302579849764344
3.1781005015322736,3.832510236563844
1.0,5.999456506175637
