alpha,s
1.0182095106231897,0.0
0.7081446944578759,0.4635021366173397
0.23093198032642492,1.5223653958657948
0.08958165084997542,2.9276066724803274
0.0,4.429830607038005
1.0,5.99881257709156
