alpha,s
0.973008061452317,0.0
1.0006956633657262,0.191142930508693
1.3490355417617348,0.5021485454920368
1.5024629474859819,0.957079721655293
1.0931717676470563,2.3844553735493648
1.0,5.990249559196086
