alpha,s
2.608445375915888,0.0
1.9962612590091342,0.06572758078843687
1.524380991020737,0.22543352356604285
1.1043233338995295,0.7511542461517169
1.5628923834046422,2.8273164394728547
1.0,5.997559148065889
