alpha,s
1.3111533631179022,0.0
1.2235470560160526,0.4359730907985824
0.9839228649777281,1.3955091105722897
1.0822182459700953,2.851784674928483
1.9785892971495191,4.458405220145145
1.0,5.99625676409943
