alpha,s
0.9057319013511423,0.0
1.008305487256779,0.4359730907985824
0.7987171338071796,1.3955091105722897
0.8501336736323293,2.851784674928483
1.663751425970667,4.458405220145145
1.0,5.99625676409943
