alpha,s
1.4168492833056094,0.0
1.0935582553728511,0.483383275280585
1.205210877768903,1.5864726167488283
0.7468150479349146,3.11663046930656
0.0,4.488780623088601
1.0,5.991482829769796
