alpha,s
1.2112069876727476,0.0
1.223043321158316,0.08337272112850225
1.516840052775163,0.26341273777511565
1.0971378861637764,0.7642220297383303
2.0014338781615444,2.9513417205166874
1.0,5.970419092340092
