alpha,s
0.9670837628028223,0.0
1.0846382071534648,0.18355194671632188
0.9606387890706151,0.43332098729289426
0.9822086199141525,0.9936198582822287
1.3318336860376008,2.6079664477549453
1.0,5.96243556945176
