alpha,s
1.7364736148252962,0.0
1.2180213594846634,0.05701978430168772
1.4342907093162742,0.24755393324935096
1.3093365216780966,0.6416371465708334
2.767684823729399,2.613522672506899
1.0,5.9850246202514406
