alpha,s
0.5926413591508005,0.0
0.8584970907905897,0.10148595126855213
1.1316410861438861,0.2750230314617089
1.366631023150074,0.7212068996948139
1.2281577922604041,2.870054448747953
1.0,5.973734703078591
