alpha,s
1.2923932727117142,0.0
1.4561716091831205,0.10148595126855213
1.4909849033634148,0.2750230314617089
1.5078293784719108,0.7212068996948139
1.2811590659851146,2.870054448747953
1.0,5.973734703078591
