alpha,s
1.0193265630858948,0.0
1.0874984312416414,0.18299395970170304
1.0220108080725723,0.4426898690486943
0.9862885883515715,0.9513013480023644
1.0366699799765113,2.5787001644083105
1.0,5.986473703881984
