alpha,s
3.057455075079853,0.0
1.7285295968443168,0.008486085890565423
1.0341831160731223,0.08442135516108017
1.033090864413166,0.668964057387752
0.614870207575807,3.062823735587495
1.0,5.988549126711121
