alpha,s
1.2773981594344583,0.0
1.3395290073906443,0.11495725202733544
1.6426023040153477,0.30515523410017503
1.3201316267399967,0.7856036549349205
0.0,2.863553857445744
1.0,5.974538728063656
