alpha,s
0.9963679156623154,0.0
0.8336834654930545,0.31915014029272637
1.0604602629202802,0.7719944847893245
1.2132076437877515,1.3820544635175664
0.7522822356399694,2.8460466391644488
1.0,5.980999822150709
