alpha,s
1.0827962955069914,0.0
0.9338394740845095,0.3729077439816088
0.7006503687446523,1.3512703811727604
0.267871063692825,2.7152097474131978
0.0,4.305277702201165
1.0,5.996356970351848
