alpha,s
0.9634356921730456,0.0
1.0448499717472488,0.25066058910019556
0.9904668009119788,0.6838678299768783
1.3746095178481823,1.8236303602738893
2.2843089247959134,3.526915280409685
1.0,5.983616050196993
