alpha,s
1.1138613808140536,0.0
0.9163297660062772,0.27407879773422134
1.0464345830329806,0.6852491374546634
1.1054613661815529,1.4542243959406933
1.0788144455443534,3.021315706201405
1.0,5.998236104498794
