alpha,s
1.2040571868027958,0.0
1.0730960695975336,0.060326150988284186
1.020131728312528,0.21944344006175717
1.1327730983766269,0.7560507271096936
0.7904711003680446,2.8111983665531506
1.0,5.9952888943556335
