alpha,s
1.0786780476144557,0.0
1.2195999358582092,0.43576886954126154
0.8175527183207872,1.3405717996504494
1.0524479292615527,2.8777312232576246
5.001506460464855,4.3646257078271695
1.0,5.998377918435997
