alpha,s
1.2047316740852365,0.0
1.295325510667561,0.1710434766456913
1.252968071399724,0.42992926779412294
1.4249911092645935,0.9946077584922898
1.1856271073128941,2.9346479272745
1.0,5.98086362437597
