alpha,s
1.2535244474435443,0.0
1.4250920601093358,0.4316281988175361
1.0242469714905975,1.3196423015910264
3.8575238213696257,2.827620171303169
0.0,4.478767976402482
1.0,5.998164421600764
