alpha,s
1.1618185929107205,0.0
1.0838175376920067,0.22503229053576515
0.9768886993610059,0.6481828997741613
1.0694822051759552,1.6238877506150773
2.029646865255873,3.4504405566145473
1.0,5.999230239940427
