alpha,s
1.0174661937080336,0.0
0.9734735406754843,0.18075709876537321
0.9971044031790325,0.4766044262825949
0.8613271741707722,1.0701342788015211
0.6399781494471855,2.789195826305386
1.0,5.97765861007947
