alpha,s
1.4714632598201765,0.0
1.175028676033232,0.39871841706142924
0.7996245560444287,1.1672858903119372
0.27203098584911556,2.544214795907566
0.6051418091825341,4.269119490632846
1.0,5.987934325766797
