alpha,s
1.1477658264378725,0.0
1.143241362894213,0.23881042131474914
1.2000907941488699,0.688812078875421
1.14271175539782,1.7430587228012868
1.5038953457434912,3.4860479507884508
1.0,5.997120034992319
