alpha,s
1.3762938434028487,0.0
1.3174733369162273,0.07318542203481856
1.1763147637776454,0.2602681450655147
0.987847005765013,0.8767338888298996
3.7828826615703464,3.0513293047662406
1.0,5.999054387842225
