alpha,s
1.3058353984429631,0.0
0.8827852087603286,0.4149694387340973
1.297872509999917,1.364894787770419
1.155039509388122,2.610798406675549
0.0,4.224927942192784
1.0,5.973583617935206
