alpha,s
2.4198978784999627,0.0
1.4778433150866928,0.010214074421767761
1.013206340260204,0.08670342006065647
1.249031033197681,0.6086842090594278
0.8994517950583847,2.584074930836699
1.0,5.998036486473124
