alpha,s
0.9968132910852754,0.0
1.118145585886486,0.23613199506222834
1.1220906842257625,0.6346435599412279
0.818768563080163,1.5763079215990747
0.9106471551615594,3.3626546812776197
1.0,5.9959682485160215
