alpha,s
1.4034781755723498,0.0
1.5183454483077647,0.06167579727229991
1.3128069165644065,0.18893306876274552
1.1646196860305698,0.7493365177134054
0.6844526346650843,2.5420835656711196
1.0,5.937602307663062
