alpha,s
1.17055963521076,0.0
1.1651409982674616,0.07179223410443689
0.8683331304232432,0.2302742617343307
0.8873468462606905,0.8524285196489254
0.8719699752426153,2.8321118719293756
1.0,5.983768073736403
