alpha,s
0.957032233339626,0.0
1.078797127221473,0.25016929676651306
1.0378676371033024,0.70324706967938
1.2210766474148222,1.7035537334326825
1.388081378729823,3.591489429786037
1.0,5.990555745343017
