alpha,s
0.9510797628737455,0.0
0.47004734116379887,0.4654916846856002
0.16310024349738014,1.634751722282891
0.0329726838230339,3.105999757088599
0.0,4.539189612264518
1.0,5.9908024805934605
