alpha,s
0.9822854015272379,0.0
1.4813872554631415,0.44349962844948215
1.3585958712783206,1.3585404877498806
1.4969188748301703,2.6426082063864964
0.0,4.2130103726229615
1.0,5.977674523670292
