alpha,s
1.1988605852060807,0.0
1.0553256899308077,0.47185275400506743
1.1572303426721908,1.433079018420656
2.422827814784236,2.873030317568642
0.0,4.439069310276182
1.0,5.994807958156363
