alpha,s
15.68893293832169,0.0
4.2402614619240975,0.004411827130391305
2.2575115599887496,0.04819020207265737
1.1456942919763011,0.26882593505133356
0.357682232033062,1.8235859495979
1.0,5.998190044155411
