alpha,s
0.9751266527219533,0.0
1.0686074004432156,0.30047200609164726
1.2114384912209284,0.6642725079933471
0.872824520045997,1.2749060894691575
1.685017416959241,3.131432920243043
1.0,5.991782092960681
