alpha,s
0.9159083789732558,0.0
1.0860395256211253,0.1971030311958962
1.3946270001036387,0.4807103723087252
0.9570631878128957,0.9817883826725475
2.968191697901333,2.7096992370633144
1.0,5.991104247132176
