alpha,s
1.3697883277080456,0.0
1.2208024153656565,0.1575686529189474
1.1448693734378732,0.42743723188522625
1.0448876934941294,1.0318000628474215
0.0,3.2334242952927035
1.0,5.998441140551266
