alpha,s
1.176658646215154,0.0
1.016112732027875,0.4665204870369893
1.0820304745060418,1.4798570217960647
0.6861262074885868,2.935694190822865
0.0,4.395280475023983
1.0,5.989985342472266
