alpha,s
1.4015516741696965,0.0
1.0990217798935873,0.4665204870369893
1.1884831122430501,1.4798570217960647
0.8478201279451542,2.935694190822865
0.0,4.395280475023983
1.0,5.989985342472266
