alpha,s
1.1833154970103932,0.0
0.9758111331917326,0.16644193823742823
0.9715761947833416,0.4949286491074661
1.10034498801754,1.1680801087493906
2.5060216710450045,2.696023241685313
1.0,5.991761275091076
