alpha,s
1.0067534594332297,0.0
0.8367667370196696,0.4221123059842742
0.6666443462042446,1.394129405607529
0.3529190420812739,2.7956063247671668
0.18843383650167309,4.385862272651827
1.0,5.997681492801178
