alpha,s
1.5499173297249456,0.0
1.1527264776239257,0.4221123059842742
1.0916417091558492,1.394129405607529
1.0722395327955443,2.7956063247671668
2.262041795958644,4.385862272651827
1.0,5.997681492801178
