alpha,s
1.6399409417657962,0.0
1.1173437642292314,0.05457221081300592
1.2090280529005453,0.24371553834807325
0.8639677704738175,0.7766648604134815
1.2390472447435217,2.693773471652274
1.0,5.999356363323501
