alpha,s
1.030114700354811,0.0
1.1002189618092246,0.2579640402575553
1.047872355474077,0.690056827320246
0.9945445118140932,1.7064357713040723
5.37003174267551,3.7983709067654052
1.0,5.995179650645279
