alpha,s
1.3459727259475056,0.0
1.3191533406537097,0.4057927975184342
0.561050503783328,1.3836131831578657
1.6870135531658332,3.062486631901479
0.0,4.606696457651503
1.0,5.996218278768287
