alpha,s
1.1193058111511505,0.0
0.957179848808181,0.12498030820677508
0.9658102094356511,0.5153238703458614
0.8514441296898998,1.5997121667091678
1.1704642264404654,3.619725954927481
1.0,5.998659730777918
