alpha,s
0.9369514050803548,0.0
1.0370333757906898,0.2964215666141268
0.9268575854296834,0.6472044873656768
0.9294810892936407,1.3306586891053755
1.210396722061232,3.1790202598616317
1.0,5.959620244805732
