alpha,s
1.1713021636777112,0.0
1.0890813031655204,0.10362467025496366
1.0406314507609233,0.31572139421301193
1.0874535279101873,0.8739941955153254
1.0477065189845658,2.8679652672003653
1.0,5.997789138070078
