alpha,s
0.9246528354630497,0.0
0.5974976662494323,0.4056678263938207
0.502665759898657,1.3863546787156653
0.21699243188417552,2.6889121846343604
0.0,4.351956589206906
1.0,5.9994267186222086
