alpha,s
1.1033449461423102,0.0
1.053374359488738,0.4246597665274411
0.9320729041820743,1.3779916795838274
0.4499556557319705,2.8029398755685553
0.8483852061672922,4.392519864430096
1.0,5.99175470721148
