alpha,s
0.8236629582187859,0.0
0.7721126789279806,0.4627021743378403
0.4975738959042939,1.4995032112900983
0.17961282251371632,3.003174422753606
0.38428819446896345,4.472811813173702
1.0,5.999701302244407
