alpha,s
6.17638346531328,0.0
1.9824131199386636,0.04890667834816512
1.3795917217541915,0.3697997111882351
1.1720096670886453,1.494579269376828
6.300861626687096,3.6126292443679224
1.0,5.997887389243255
