alpha,s
1.2584639802106456,0.0
1.1096237563328994,0.07697714910241452
0.9622482276646068,0.28106334997265925
1.541872419202463,0.9477012355634878
10.960101595041555,2.8750302302950868
1.0,5.999355691070369
