alpha,s
1.1485285572347794,0.0
0.9513925053357845,0.4218860353705608
1.0821171598311219,1.3996313640338889
1.636182187444194,2.809084719437931
1.7891693753309759,4.440041825952272
1.0,5.991700572658537
