alpha,s
5.555140927080573,0.0
1.544040104705201,0.00801667557374648
1.0696381438240037,0.09207072668661427
0.8165777086497809,0.5689218210792812
2.6696208080831285,2.158168317659318
1.0,5.848621700304412
