alpha,s
1.1043065581921605,0.0
1.141001740531075,0.24796202589411323
1.0445395397347126,0.7081611534879156
0.8705040146587454,1.7794236535959762
0.57610573684,3.7194558760463297
1.0,5.99324061820153
