alpha,s
3.6209803608635753,0.0
1.983693079125109,0.01229492368090858
0.9499564314623195,0.10343664050433694
1.0275147357403747,0.7493345579727161
1.4401361341491323,3.1668503513125064
1.0,5.977877827103575
