alpha,s
0.3747080456257104,0.0
0.20000311931935658,0.4298225807953493
0.08908151723272709,1.4570604830660003
0.014881979639095943,2.9828019216058137
0.0,4.446506555588281
1.0,5.997453491548672
