alpha,s
0.6376440017822798,0.0
0.4436817538496454,0.49486073261170455
0.3077250298101327,1.6185541000124903
0.05295905682759437,2.8009422505909534
0.0,4.282370345129045
1.0,5.9804888865809565
