alpha,s
1.2035794259637291,0.0
1.046943324122028,0.4235444456006108
0.7696234580049128,1.4289804514528341
0.8687526208550111,2.8467735876504485
0.0,4.489202168466086
1.0,5.9848824349051055
