alpha,s
3.1898309180746356,0.0
1.5073846629866245,0.009349316896136082
1.2299383692836197,0.11189553997021395
1.1857359370125728,0.6731309703691113
1.4214094905445587,2.887602295711019
1.0,5.99798094487917
