alpha,s
0.9368480258934617,0.0
0.6914210426980558,0.05583308277417568
0.5068329236273257,0.40316857397509204
0.20454809863574863,1.4959218004264163
0.011787356406760832,3.539072957709913
1.0,5.999217262297626
