alpha,s
2.6399233413992222,0.0
1.1512742822401407,0.005536518698671887
1.114915539144935,0.05292061000423366
0.9998354138371619,0.17446305087530828
1.0548603885413372,0.5233961060725433
1.0,3.9808959467555662
