alpha,s
1.2803466641582333,0.0
1.2924039089560178,0.25418698750365903
1.1635205283337158,0.6340508204299031
0.9456820494660004,1.3572160136261853
0.5322176134456268,3.0971242550102493
1.0,5.9200317732935686
