alpha,s
0.5327736867452265,0.0
0.24159025573023357,0.3909379751214751
0.12016327908854467,1.5378103528478466
0.014440156749927945,2.8994361908791983
0.0,4.398492529245929
1.0,5.992673584506289
