alpha,s
1.136659645658968,0.0
1.2748890124214602,0.178110390758323
1.065272932145988,0.44782050990154526
0.9434223669936693,1.0309455813268376
2.3383544541442967,2.839029708654433
1.0,5.998677970538278
