alpha,s
1.0561692635045288,0.0
0.988786876805625,0.19971505049235302
0.9823975658003946,0.613919915390114
0.8752127128520475,1.5828635857445406
0.4892380170703808,3.388457213455741
1.0,5.9985346239739386
