alpha,s
1.9570192713852346,0.0
1.2162336142038557,0.0390023971912357
1.0450955094934753,0.3366264026096853
0.8590630710286395,1.4093957019676244
1.3977400091915397,3.6484167936223564
1.0,5.999943284151589
