alpha,s
2.934123384513675,0.0
1.3952088564833736,0.008283967636464048
1.1588769868908955,0.09204545176830256
0.7977688273462821,0.514410583835404
0.3111951412623785,2.5313214306482803
1.0,5.978278630912781
