alpha,s
0.7210021113724511,0.0
0.2734400288947339,0.3758467595839184
0.1550025853182838,1.456306911179572
0.0,3.057555775784811
0.0,4.390422515096446
1.0,5.989044934213388
