alpha,s
1.2234010491846197,0.0
0.9156267163960617,0.13674357997483932
1.149162014894021,0.4196555053480939
1.2797992647610323,0.9161852976217894
0.9990473948676428,2.5445022036452407
1.0,5.95822343397293
