alpha,s
0.9011125081803611,0.0
0.6427492679879602,0.051022857198129254
0.4023618498758593,0.38427999653854983
0.13770967129187853,1.5170212701325823
0.008759224503733903,3.625113651180713
1.0,5.998875291727273
