alpha,s
4.3645011700968395,0.0
1.4119762936298852,0.0039880547990262
1.2111953508392952,0.046104615204683
1.1557347569403082,0.15899331968390354
1.0087931216219659,0.4510338312718498
1.0,3.73448730830951
