alpha,s
1.0059666055914205,0.0
1.0817369383352728,0.23541287982158676
1.1260565279007915,0.6714234144590271
1.2460822903843314,1.6334031328151806
1.618591608661608,3.601372706039582
1.0,5.993363363747103
