alpha,s
1.1378174314451053,0.0
0.9792736329399242,0.10974114189269213
1.2121081080994047,0.3538534401130942
1.2499988627827547,0.8638722103110499
0.7232416028967021,2.5906590303118966
1.0,5.9931980658023445
