alpha,s
1.055911172229904,0.0
1.0244488478921292,0.18728430379060282
1.1014013645966774,0.5001570192703789
1.2559406159924982,1.103905940674347
1.6643677121990428,2.823008307712323
1.0,5.980201593735822
