alpha,s
1.2097286093571582,0.0
1.0986990812741844,0.10816529980617448
1.258484829326911,0.3412086810994613
1.4650643027616168,0.8558278289172214
1.1018598406244589,2.651753879116103
1.0,5.974171382278626
