alpha,s
1.206583384995952,0.0
0.6020463878261353,0.5103694090765567
0.9685742217667375,1.5599822352734483
0.5521004177649811,2.92828658273406
0.0,4.261199416889893
1.0,5.98099042903326
