alpha,s
0.41698254750313474,0.0
0.5492343937064198,0.10494472103984269
0.7625773927083733,0.320271790074753
0.9118438624673049,0.8332456155285195
1.5445856000994451,2.6946501616416203
1.0,5.986043363956975
