alpha,s
1.0926363237893926,0.0
1.0421650357854064,0.10494472103984269
1.0906787490926497,0.320271790074753
1.0352953186918787,0.8332456155285195
1.634029010220428,2.6946501616416203
1.0,5.986043363956975
