alpha,s
0.9509672599668517,0.0
0.9634209624099439,0.29522499478826064
1.0658334968157217,0.7199704837483833
0.928127497863935,1.416087761114371
0.9356879677884492,2.9145264592446862
1.0,5.999076973199412
