alpha,s
0.9676959466348796,0.0
1.078083800629816,0.1161100355483893
0.9858085648963358,0.32529235998083617
1.1014963613282653,0.9154710527426604
3.3922326511680154,2.9454563019055335
1.0,5.997243253607677
