alpha,s
1.3701358461889543,0.0
1.4165970439345072,0.4465542997552393
1.691441007515868,1.378068320068004
0.0,2.9447677336154277
0.0,4.347805524038904
1.0,5.991819139841764
