alpha,s
1.097528915821698,0.0
1.0949229336264104,0.1786898909766598
1.023827897767095,0.4624233633003742
0.9052103442551336,1.0363809232697367
0.8361708362376448,2.7966304319195125
1.0,5.998430027968876
