alpha,s
1.3331625428627893,0.0
0.9431551746976395,0.4116971579190519
0.28069484854952503,1.4590326547510033
0.5273662973893436,2.8803970548814593
1.6180503505305996,4.58323438730748
1.0,5.998218368046441
