alpha,s
0.3561771018816782,0.0
0.24095858643812268,0.40208219595850453
0.09307681062454266,1.4209998150380758
0.02164931886636939,2.873795840997466
0.0,4.471430147559243
1.0,5.994505379175645
