alpha,s
1.031060374006942,0.0
0.7163986744380477,0.43802438073031214
1.4565470284384745,1.5233352602325108
0.0,2.9127451555366237
0.0,4.468429684556917
1.0,5.996534692393923
