alpha,s
0.7857915817838014,0.0
0.49500825267018217,0.4096678725530716
0.2593979052019652,1.3793410027562265
0.07919654797948723,2.7901257361188874
0.0,4.377731628494056
1.0,5.995838332196469
