alpha,s
0.8278993697010633,0.0
0.7567172056470187,0.42467838766494853
0.5519678689399495,1.4333333378678716
0.2733026673943341,2.6206165774131644
0.0,4.5529274178304
1.0,5.979379251989752
