alpha,s
1.119992644966004,0.0
0.7978577064418211,0.24205939428201906
1.183205400967049,0.8229145310841912
1.7198774923786397,1.8437052999305545
3.901228667436391,3.605391871534637
1.0,5.978641184667813
