alpha,s
0.8224111055490633,0.0
1.0735683015749737,0.29789114236351794
0.8970507173173242,0.655819851320249
0.7841078190905846,1.3285147481274655
0.36671714155088536,2.8598956990677182
1.0,5.982144506339746
