alpha,s
1.6296829348516804,0.0
1.2000843209489505,0.08797407654086337
1.159965420753891,0.3080307183236033
1.1677858223671187,0.848192681981226
0.3061355458404334,2.8016286008712767
1.0,5.970514521199174
