alpha,s
1.1175440008429562,0.0
1.075433557268182,0.500184756281479
0.8249960280306091,1.482335408732915
2.1613904097506635,2.97241213334663
0.0,4.455391019990599
1.0,5.995893861445313
