alpha,s
1.2733660213949607,0.0
1.2283907450403895,0.1497692383598432
1.201635909921338,0.41373696538303656
1.356450213031841,1.0510920289468577
183.73056100357783,2.8238812440862047
1.0,5.96834498537712
