alpha,s
0.6553956864904729,0.0
0.3239333910442666,0.04714911565082044
0.15453284591151423,0.4280737435165568
0.06372423243539102,1.5607335973857441
0.01718169164265461,3.592870998853629
1.0,5.9998675769580085
