alpha,s
0.8778900986183178,0.0
0.8619493104566314,0.18868269452722014
0.8335112252258774,0.4976601777566344
0.6906752029333301,1.1028844931137924
0.7884616616758918,2.6398607746037284
1.0,5.979386527308162
