alpha,s
1.003210365179805,0.0
1.1672809676995872,0.5374867988258403
0.7479427600556525,1.3937432395519884
1.0797373473781036,2.883842549443102
0.0,4.360181250212821
1.0,5.999644615392587
