alpha,s
1.0153200861570812,0.0
0.7630061887987887,0.51144028838237
0.3437977037265035,1.397224634309436
0.0,2.9891154731901155
0.0,4.296559783804852
1.0,5.994951994299923
