alpha,s
0.39188513533152514,0.0
0.21767573313592015,0.36927243334756304
0.09525804742579279,1.3666165428538184
0.017544739012625484,2.779790621594842
0.0,4.317472788079619
1.0,5.998139820935385
