alpha,s
1.3955773947510128,0.0
1.002516300515274,0.12612016252442543
1.1340255657185883,0.4070330749227209
1.0502197389264065,0.9941890963673521
1.022366289636078,2.658737502990692
1.0,5.9765192662799045
