alpha,s
0.9430276236337845,0.0
0.8558775133640334,0.3029263036134374
0.9546552351997143,0.7152237112797246
0.9790056048297523,1.366767072638936
0.6767190657581553,2.8746860641811054
1.0,5.951455723887007
