alpha,s
1.2253173164952198,0.0
0.6330151421656404,0.42460305300868706
1.2246172657513665,1.4953743642269985
2.64756315998707,2.7650559548868814
0.0,4.492699168531454
1.0,5.981653492789578
