alpha,s
1.1335632447558937,0.0
1.0108524488433708,0.5075403965765267
1.0354775976411752,1.5440428496109748
1.8358658784706543,2.8577726235272674
3.516566421034023,4.45206443373688
1.0,5.996508190260824
