alpha,s
0.5498029967164667,0.0
0.7072880749793704,0.10164031470602435
0.9593008190430123,0.30264367617656335
1.2070360831377376,0.7941129585345422
0.5392605262880946,2.7412118069602127
1.0,5.999886293072423
