alpha,s
2.9034760588681783,0.0
1.4801410765764593,0.00977877910105228
1.2690944606683214,0.10733532506409563
1.0722755719189072,0.6201045520249046
0.7394976467843172,2.6864354647340365
1.0,5.996679679828938
