alpha,s
1.0365887719522415,0.0
1.010953801877844,0.24258079467334226
0.924467263048616,0.6957345363124056
0.9747951222388633,1.7237040717960939
1.7110643868600819,3.6156637034616614
1.0,5.997404606742705
