alpha,s
1.6662781048655415,0.0
0.9379459685006222,0.39132726687985725
1.0751581386589109,1.4870786913403464
0.7130538748067563,2.99744424001579
2.5345851833071786,4.450543727569448
1.0,5.995531825556405
