alpha,s
1.1046858763492613,0.0
0.7049905091277157,0.3473754927536762
0.42017406008269603,1.3625492489395394
0.1354044588317392,2.78182700978423
0.0,4.355821341905742
1.0,5.99672227912964
