alpha,s
0.813520465090058,0.0
1.1267580763363974,0.275080451158902
1.2677651882107437,0.6450564416299471
0.988796176985311,1.6023465754228596
0.0,3.658672420975344
1.0,5.997252313451459
