alpha,s
1.0440792592641477,0.0
1.1714598006639452,0.1695625753820692
1.080157627232809,0.4517653411202
0.7622218275387713,1.015041948961314
0.36971471794762845,2.6518306579010527
1.0,5.950409548917259
