alpha,s
1.0838522115507028,0.0
1.0474367131189362,0.4983954957379523
1.8764146937702377,1.5235722069521374
62.49627910901778,2.90804905630826
0.0,4.401440563966944
1.0,5.997563161017589
