alpha,s
1.1974628112853751,0.0
1.0802253762991711,0.4983954957379523
1.9084812021211577,1.5235722069521374
62.56699053580657,2.90804905630826
0.0,4.401440563966944
1.0,5.997563161017589
