alpha,s
0.8816083760871645,0.0
0.9932020137545379,0.3263145648369217
1.0884774782431401,0.7522402855318783
0.7893113891258148,1.3700264749102455
1.1603259840986542,3.159742252343977
1.0,5.993524867467206
