alpha,s
1.002559405391327,0.0
1.160545091824375,0.1129385206618274
0.9651274671776444,0.3061038975863741
0.8257585535733638,0.9098242959291605
0.5033223405301572,2.878621968437185
1.0,5.908071566953239
