alpha,s
0.29359335561424005,0.0
0.5128826395631738,0.1129385206618274
0.6027031239884881,0.3061038975863741
0.6318129472266962,0.9098242959291605
0.2949203904792259,2.878621968437185
1.0,5.908071566953239
