alpha,s
1.2179278408282794,0.0
1.275932581807597,0.1055936650681009
1.1723164841819402,0.30145913682832204
1.3176457634671281,0.8312193374741346
1.1260680304091724,2.4920772339890354
1.0,5.9906734737589336
