alpha,s
0.3753042350131002,0.0
0.5663551834405613,0.1055936650681009
0.7282022049026043,0.30145913682832204
1.0623545365008678,0.8312193374741346
0.8032317690754863,2.4920772339890354
1.0,5.9906734737589336
