alpha,s
0.9799837862444999,0.0
1.161227634992923,0.4821616001497301
1.1146169840572007,1.524695482694759
3.4557325151893865,2.9670957575934596
0.0,4.516632186016832
1.0,5.99682178307242
