alpha,s
1.3465824371644404,0.0
1.1975124039195322,0.4697342232642159
0.8448906402601369,1.4560523905487408
1.5782750731362793,2.857380878436309
1.7195304317849136,4.390561771927149
1.0,5.994843974857551
