alpha,s
1.3594845080200297,0.0
1.1122813137722745,0.4699691820093973
1.2259413759013815,1.4098470207064635
3.7744516653224194,2.8033642761633475
0.0,4.463822661294741
1.0,5.997710185892569
