alpha,s
0.8306978760900664,0.0
0.6579477421042953,0.056573804594123804
0.4638503282842682,0.38438459309159106
0.31698046632716187,1.6653740992993975
0.0,3.5906452851871697
1.0,5.997791725004078
