alpha,s
1.040064749394571,0.0
1.1117838309240007,0.17986124637604103
1.092864314297402,0.4522965920439577
1.023481045920385,1.0232684870212116
1.6611621911826442,2.6032302293647467
1.0,5.981720803800149
