alpha,s
1.1384731440855573,0.0
0.9853828662388542,0.22905522412357238
1.0243201712626742,0.6730232563748353
1.1543745021527858,1.658760913914402
0.4887346942131981,3.5762460163597933
1.0,5.977266945946234
