alpha,s
1.1653457855285907,0.0
1.1110521661476023,0.45373419612130944
0.8691145429363221,1.5228486891899347
0.8934499619234367,2.9652763415255117
1.543252413973664,4.470116752712463
1.0,5.998725011278486
