alpha,s
1.2680469327533428,0.0
0.9715571371353571,0.5203689661100015
1.2551885140710093,1.5824903384785403
9.51891831313971,3.0178590886424184
0.0,4.456895696899168
1.0,5.996469828617975
