alpha,s
1.1149595082435366,0.0
1.0087174342920293,0.16142572866547752
1.1608751320817359,0.47843891706066594
1.8320407747374756,1.0574267551980592
5.246412774496524,2.4635854986795076
1.0,5.959430361068391
