alpha,s
0.9441683951702271,0.0
0.9836967726547758,0.2975865180268912
1.062186833879639,0.7005308352763786
0.9808839715700416,1.3233830784789984
1.0289331018900167,2.7956595223354457
1.0,5.997506240261599
