alpha,s
7.622040905568206,0.0
2.3711132475039904,0.00697599424177316
1.381330243136116,0.07077556502041936
1.1046868591570724,0.4682673587882613
0.8352385942372061,2.5534407245624564
1.0,5.976421062859618
