alpha,s
5.54108884507057,0.0
1.8302843017349497,0.05274549793642741
1.3057492267390371,0.38226501476179187
1.4354094080453914,1.4421403554338659
0.0,3.5754644342723174
1.0,5.998502250545753
