alpha,s
1.1598519773598805,0.0
1.1078889124299838,0.07116604358520359
1.0324080159295732,0.23704590082673005
1.0537793531547726,0.754039458876131
0.7564921495357154,2.7222136309670875
1.0,5.9922883977251065
