alpha,s
1.6260363656617793,0.0
1.335205857258902,0.05906748417443778
1.375356314788038,0.21490970892674582
0.6559342868871436,0.6944379737286248
0.0,3.0842039924774736
1.0,5.973819832742309
