alpha,s
1.3100927185291817,0.0
0.6573549139349991,0.3814636651287618
0.3478121486433252,1.3953141662496584
0.0,2.922102572026524
0.0,4.40142173289065
1.0,5.999053640921187
