alpha,s
1.1209721338502103,0.0
1.1220251070284937,0.11282184587580872
1.180854175708596,0.32901346579925983
1.1099428487330014,0.8371672398455906
1.356862762829885,2.711709585255778
1.0,5.997917949188818
