alpha,s
0.412800482553595,0.0
0.5656890001064057,0.11282184587580872
0.7984203727240042,0.32901346579925983
0.9430653984187859,0.8371672398455906
1.2150028068127354,2.711709585255778
1.0,5.997917949188818
