alpha,s
1.1086293991319058,0.0
1.1130307336144996,0.176025558846761
1.1195715592086997,0.4540537696598488
1.0992744600251434,1.0389822868320078
0.7432579765653279,2.750163126840536
1.0,5.978407414898308
