alpha,s
1.3252875938100361,0.0
1.0641616359736907,0.4395723100076363
0.46196823988467733,1.2950469561423699
0.0,2.557717279039056
0.0,4.143013340245402
1.0,5.94769756022935
