alpha,s
0.6882825952664161,0.0
0.4432870923431273,0.046302841649360646
0.32541102828402096,0.3892383257457256
0.07352521594836443,1.4709106136845684
0.031221823966150728,3.493342277355364
1.0,5.997835174327021
