alpha,s
2.1560464084949165,0.0
1.1782045167967348,0.011979195808012521
1.0787312419209618,0.1369284955136044
0.9256322566355737,0.617460861334861
0.4342932210751851,2.5998236130341983
1.0,5.97386771149171
