alpha,s
1.0369161939123215,0.0
1.0730988617490185,0.16414399695834855
1.0382914581173035,0.4360568491819658
0.9295144743853907,1.0087532359339855
0.9084127103283857,2.8130508273500334
1.0,5.995819782184931
