alpha,s
1.18443977285845,0.0
0.8356971337787733,0.46179617347116375
0.7942850132442952,1.387213225789277
0.6418447677130539,2.7536872337173404
8.46728791511835,4.32893601705875
1.0,5.997351834575884
