alpha,s
2.5503922805329453,0.0
1.6437650837909321,0.009889973478441068
1.1776445551787418,0.08992223379801996
1.0946500743760623,0.5810843800424801
1.3395002545856936,2.7483410600663607
1.0,5.990733750465376
