alpha,s
1.224144365198551,0.0
1.0302559937373692,0.4411243048542381
0.7217687029900572,1.442301300320432
1.9692341855616267,2.7939006872953103
0.0,4.334250099731578
1.0,5.991178434570172
