alpha,s
1.0569810464076421,0.0
1.0968495923502002,0.16079032184708547
1.0805348127670193,0.4181203093355889
0.8795549295925097,0.996283655058302
0.766738288929339,2.7594684500864193
1.0,5.989153939487268
