alpha,s
0.9621879261733465,0.0
1.0369066912244733,0.3051489757062513
0.9406895928803068,0.721868285252846
0.8665484106556735,1.4273980591498057
1.037646581476521,2.9738526781728027
1.0,5.985980846549393
