alpha,s
1.4413380526703083,0.0
1.3587965791826966,0.06855653865841937
1.1741231061609179,0.23249434754417053
1.0892777392008766,0.7940985681082887
1.7072898514036507,2.812941530502978
1.0,5.985556460614765
