alpha,s
1.6902176566323286,0.0
1.00573994269351,0.35561571266731057
1.1081796244228796,1.4103104203769223
2.3441581902455284,2.7982531243674704
0.0,4.268727537227678
1.0,5.969523000140964
