alpha,s
1.0491367363954025,0.0
0.8621137648261781,0.48719506686563635
0.7426971836828946,1.5023755370217626
0.6705950262216026,2.8187583108351784
0.0,4.383394727397759
1.0,5.999621345896408
