alpha,s
0.963251354613933,0.0
0.695993682501919,0.45355657283796114
0.4705856458308594,1.491278843828593
0.12373559724237373,2.8327513687717176
0.0,4.436287685988932
1.0,5.999083414815106
