alpha,s
1.0531957276252724,0.0
1.253238220138041,0.11828600850272977
1.2950413857707748,0.318620017902156
0.8630611420995425,0.8023804731273434
1.0380525617235437,2.7701988249741967
1.0,5.956862988814711
