alpha,s
0.35763137750197715,0.0
0.608251334196233,0.11828600850272977
0.8584862597646362,0.318620017902156
0.7190913023243349,0.8023804731273434
0.8844495621859435,2.7701988249741967
1.0,5.956862988814711
