alpha,s
0.9978071978241448,0.0
0.9299806911787772,0.17951529159661334
1.2552288577249218,0.48177941256858786
0.7534854747207326,0.9398424802742225
1.5137903053915904,2.8756064239990318
1.0,5.903782074554241
