alpha,s
1.4774901020144489,0.0
1.585037898759993,0.45492553972973515
1.1911234713143852,1.3728967703526882
1.7182432934671978,2.835333662089686
0.0,4.484939038807121
1.0,5.998643872869289
