alpha,s
1.142106443731399,0.0
1.3920851810651373,0.45492553972973515
1.013073045280259,1.3728967703526882
1.003923261608381,2.835333662089686
0.0,4.484939038807121
1.0,5.998643872869289
