alpha,s
1.1663368366475848,0.0
1.0852458164488015,0.16596347358860133
0.9391366973321469,0.45051816174843246
1.2707565585433902,1.0965735481136494
2.966911463682181,2.5984914235792385
1.0,5.998117016891023
