alpha,s
1.6423112880633568,0.0
1.311305849123302,0.39370986644736233
1.2134771262766175,1.3861994218384628
0.9619700767797857,2.7224201617655437
1.643991351619521,4.3638365099143535
1.0,5.993623166090293
