alpha,s
1.1964147608645206,0.0
1.0989514326293017,0.39370986644736233
0.9986762636875508,1.3861994218384628
0.6644725552113651,2.7224201617655437
0.7869236601544436,4.3638365099143535
1.0,5.993623166090293
