alpha,s
0.8330786974845951,0.0
0.6004897519592554,0.42379348733877903
0.34471659539730043,1.386298491013424
0.11284680087222987,2.6977793735872737
0.0,4.387469695459658
1.0,5.999415315832808
