alpha,s
1.069674279388023,0.0
1.1102953708467194,0.22577464664860256
1.1973528586200328,0.5849477229463186
1.0232157757465286,1.2960855259431898
0.8874638640960565,3.3518959016498466
1.0,5.995979911022396
