alpha,s
3.2203925861631104,0.0
1.5342458664060363,0.008022658444659742
1.1107496049411167,0.09579684338549047
1.0542447370637793,0.6775037422694051
1.5126986416330264,2.7801684309963974
1.0,5.99942260314096
