alpha,s
1.469161265063341,0.0
1.0702367377282749,0.3954551882346793
1.0958150772961968,1.3344395594696188
0.6396074259310015,2.7717428234391757
0.0,4.320067526968606
1.0,5.998325395689664
