alpha,s
1.0593903882994882,0.0
1.0345934060693354,0.16739822920427383
1.2930477538232512,0.4527046246117239
1.0311657972291173,1.022251373521276
0.8953267037392956,2.726166941393403
1.0,5.985041863044691
