alpha,s
2.6417605959587918,0.0
1.2892529304062335,0.008599718848289981
1.0696079520057578,0.10871092681430371
1.159370311314588,0.6460567046977628
3.642922019418874,2.811738565024988
1.0,5.991811176183849
