alpha,s
0.4512903391793112,0.0
0.25133814322709225,0.4326445326277825
0.08366539920089816,1.5731958004938715
0.02859921868461678,2.9840204302068387
0.0,4.439495649633878
1.0,5.999128107432568
