alpha,s
1.200731919978956,0.0
0.9714890465179539,0.2546417073558312
1.00658136735333,0.6776425040081682
1.1243243299259003,1.3715716677044252
0.7236535586350749,3.011620688766679
1.0,5.976259952993053
