alpha,s
1.412340012702882,0.0
1.7455916232748685,0.10779975056532391
1.1516840423556218,0.27619584731690605
1.4010839874092396,0.8608128782476563
2.4580444276094893,2.510218015889307
1.0,5.9710973199684405
