alpha,s
1.0143335193970107,0.0
1.1562800715910788,0.511174189533647
1.0330962445139633,1.487906452501702
0.928555737691552,2.866741615896344
10.915600743976677,4.436770408938166
1.0,5.998809038490671
