alpha,s
1.0613669805734496,0.0
1.1826943415206876,0.16445250169077388
1.0297643780527428,0.4001150889772063
1.0875405366082553,0.9498432842740061
1.4481706793172242,2.64851071486347
1.0,5.903671770441862
