alpha,s
1.5290728773184623,0.0
1.0319241326210578,0.3594984230233321
0.5829260382062881,1.294263727090161
0.24590954930277495,2.7289336677710994
0.0,4.541176573492796
1.0,5.990248999559076
