alpha,s
1.0074572926679655,0.0
1.0570487000135556,0.19537989435037095
0.8214908827922273,0.4916841304511748
0.8793030964004834,1.197590538449288
0.5220028224109925,2.613826590239577
1.0,5.976350134526134
