alpha,s
0.9903290624293901,0.0
0.588779286964798,0.402869250314151
0.46013365650358623,1.4215998556669711
0.0,2.86561219865659
0.0,4.596785171925434
1.0,5.974808962890655
