alpha,s
1.1192323213793098,0.0
0.9663060565142243,0.25789867330624977
1.0977218947671479,0.667049646752085
0.999128766354719,1.3242406669947162
0.8937561532382173,2.8112149648673586
1.0,5.982833902069547
