alpha,s
0.8267775328353805,0.0
1.0022029970170447,0.2711415757927288
0.958842521287741,0.6844240519492479
1.0762566498703878,1.5209893039153572
2.2516545517025985,3.485286751927955
1.0,5.989778510261839
