alpha,s
1.4519602253595283,0.0
1.189827727212352,0.058293793947312364
1.3314835906893725,0.21363114500589617
0.9677218237463111,0.6819403296684516
3.934084427993785,2.6074146416907427
1.0,5.996340177605133
