alpha,s
1.411137844405478,0.0
1.3368585672275197,0.23865279440640866
1.3358834492213851,0.6524552987832799
1.5200601672310479,1.5580783010356298
1.44499486477057,3.5612565185947997
1.0,5.998907870164146
