alpha,s
1.302852934663568,0.0
1.1123383952166694,0.4475372372277009
1.512242788267574,1.4513032854253016
1.0397269658296724,2.8553100532955433
4.4671471727286285,4.371461905515511
1.0,5.998963477480443
