alpha,s
1.200553825559003,0.0
1.3364293223015176,0.41657641027608516
2.5492712545666234,1.561741535158938
0.0,2.9985770630146558
0.0,4.451995491926889
1.0,5.998233272515379
