alpha,s
1.5090960733770407,0.0
1.2528770614001983,0.057893247913164685
1.3720944767569168,0.23639813510257446
1.062785351400259,0.7278321936660548
0.539760114637067,2.5989708629002006
1.0,5.989230068797619
