alpha,s
2.4956344176418828,0.0
1.3623140135238023,0.01334133813035074
1.396295270373801,0.1275672078613488
1.0653617038707328,0.5386882248855436
15.968343262022335,2.494121079020104
1.0,5.997880106497636
