alpha,s
1.1459941936007407,0.0
1.113142072404202,0.09773744307172359
1.0183429691331742,0.2939135952329346
0.6991777364721966,0.8378866217408767
0.4482386640159097,2.760893949396846
1.0,5.989720684823589
