alpha,s
0.3823999912873932,0.0
0.5397339687815828,0.09773744307172359
0.6738490470043822,0.2939135952329346
0.5611626013498825,0.8378866217408767
0.33602182763657135,2.760893949396846
1.0,5.989720684823589
