alpha,s
0.9325705092576838,0.0
0.918058055881039,0.40671904785930785
0.7550950105576725,1.378666241717029
0.7906273333265034,2.7937138337158602
0.0,4.4328428779928934
1.0,5.989603728948454
