alpha,s
1.4805502352713837,0.0
1.3542201272866798,0.18386190810482678
1.5431619083097072,0.5725179144418682
1.4305188397611188,1.5002040366555
0.0,3.340860850321731
1.0,5.943604014966226
