alpha,s
1.2548828955435016,0.0
1.266762891802622,0.15678422621939345
1.1717580691532083,0.4150548913206676
1.3175843782900865,1.0026802569200093
5.9959429157146955,2.998344321511753
1.0,5.94817612553649
