alpha,s
0.5218064192447257,0.0
0.32229849744005623,0.362202694307258
0.13545733528217255,1.4113868796358444
0.027224215723557748,2.8710651161217635
0.01630411415423077,4.429000008176945
1.0,5.9974016589590144
