execution_times,loss_values,loss_val_values,converged,steps
10.358693599700928,0.963385755309241,0.9508317281008155,False,2
