alpha,s
1.0173553967631106,0.0
1.0063126483481057,0.23497072371630728
0.9463959022471767,0.6760518615377374
1.1682528072665537,1.6733077562439977
0.32228955660270087,3.637707442680978
1.0,5.993838830361533
