alpha,s
0.6016320935805233,0.0
0.42428355897837855,0.39030690515795763
0.2972884480954273,1.476714446714703
0.052726064163939615,2.8544599096231646
0.0,4.603802707543721
1.0,5.997663511011248
