alpha,s
1.005652640474458,0.0
1.0117496172179756,0.15349210059048402
0.8867215585763074,0.3883118819464824
0.9731523676939167,0.9422152334220744
0.952268003288099,2.4678494543657625
1.0,5.959051923637284
