alpha,s
0.9676594240987045,0.0
0.9857272186026272,0.2946598932127979
1.0354248133635138,0.7219453352526123
0.955937455431487,1.4191267604148206
0.9436122249178107,2.9943182054908153
1.0,5.998293514872076
