alpha,s
1.5093001923770655,0.0
1.212498674743857,0.060632749826976716
1.1089355604643902,0.22779185040729186
1.0322827111100128,0.7356246389195863
1.0610650594535607,2.672432876954598
1.0,5.9946204181927065
