alpha,s
1.2441808133521757,0.0
0.9290116460434816,0.4254941413724117
1.2056827000117163,1.59425894942889
0.8423998913434139,2.961483059961904
0.0,4.437956794935091
1.0,5.999299299945852
