alpha,s
1.164969338002683,0.0
1.1543117883739566,0.15106095858667762
1.0222996808323814,0.38970060660580963
1.1812174640029927,1.058842862761757
1.8422744218943174,2.771579064373674
1.0,5.998222361215791
