alpha,s
1.0118357790251218,0.0
1.2220375972819575,0.5142856387320358
1.8393153734944578,1.4157960412120523
1.8331732326295895,2.7304596249642734
0.0,4.491794340721319
1.0,5.996019135381486
