alpha,s
1.062589992997685,0.0
1.1036826865427338,0.19681071814823697
1.2292762517489633,0.4953362229042282
1.3579583292203874,1.078633430306109
3.1354230647487507,2.83582116042911
1.0,5.992106617375892
