alpha,s
1.0860743481468178,0.0
0.9912744020238305,0.2630032126303638
0.9662869248991962,0.6735344700179584
1.0416599907490558,1.38332456594856
0.9367953477340967,2.870522917340681
1.0,5.99189909394325
