alpha,s
0.5777407015362765,0.0
0.2860752824750995,0.37566828044349443
0.1707280124355065,1.437011108778858
0.01753452418928536,2.8960882420749914
0.0,4.434456376418826
1.0,5.99727657344803
