alpha,s
0.9557103074058183,0.0
0.9297518701005195,0.3040083715073074
0.9990110195800569,0.7344132842584077
1.2769495309789571,1.3731055505764926
3.6886141612630814,3.019070982255041
1.0,5.986894997671119
