alpha,s
1.054864081650345,0.0
1.1307698120160155,0.19263294089408453
1.0443058133709344,0.48435958643013405
1.1362974379933592,1.1248731231219582
0.9115059801588741,2.841321017984303
1.0,5.998937122128527
