alpha,s
5.5019499871408,0.0
1.8011247294539425,0.05794785750752149
1.4504240541891111,0.4104761714607541
1.1859303996205663,1.5697611573128631
5.8446546938051664,3.741416572518083
1.0,5.997895693887964
