alpha,s
0.381341241400391,0.0
0.4938114413973787,0.10567865416192639
0.7539894153548097,0.3267218858816664
0.9867951869467638,0.8387105343237665
1.8982280885999012,2.6915506527248385
1.0,5.997677346706798
