alpha,s
1.477583059778913,0.0
1.3431585305909852,0.0625357135256165
1.216584965992033,0.22000056766952314
1.009058067017229,0.7513647287324605
0.597889734723409,2.835188959790329
1.0,5.986537783043153
