alpha,s
1.0996437478134249,0.0
1.0353403477921923,0.17837238694180263
1.1321634466157113,0.4707980748455608
0.9558201368513396,1.0466432251848257
1.3362387204108854,2.855840604905861
1.0,5.9889535300863646
