alpha,s
1.0594932656967766,0.0
1.367193475269469,0.16513095321830493
1.259376410148619,0.40215034991104126
1.1392604846378867,0.9156882241703113
1.6429206353002013,2.455419328415316
1.0,5.981763043804008
