alpha,s
1.1909688615966907,0.0
0.9938890814839322,0.14360058265493392
1.167780867373807,0.4147310330705856
1.0079873046188097,0.8745276772133159
0.5113711623788958,2.5130582741340937
1.0,5.9540660773457805
