alpha,s
1.002803561522265,0.0
1.0424982065098116,0.11247223104793462
1.0042060218229014,0.31667882747566495
0.9519993624005331,0.8145503979463382
0.44687079258700896,2.524484461555061
1.0,5.981900132524043
