alpha,s
1.3732241390997266,0.0
1.297052148548533,0.10010581751099458
1.303728114347623,0.2956631031494287
0.8906817240264381,0.7616814184270784
1.4311174492240337,2.9804754720145694
1.0,5.944524031840736
