alpha,s
1.2504776905473904,0.0
1.1171435496125521,0.39355698195120575
0.9285694607093179,1.3959687724348406
3.110735441440943,2.886623381532
0.0,4.475964915631364
1.0,5.989777061736032
