alpha,s
0.48118959745890294,0.0
0.284205979679,0.3922877951098804
0.12896653690778434,1.4357891839804404
0.07495193098566413,2.9263217900164546
0.0,4.5608811603242465
1.0,5.998494295785069
