alpha,s
1.1610455303522054,0.0
1.173356986125262,0.10596034874514033
1.0323732432166655,0.3130386823836537
0.9603255097743634,0.9144970694277549
1.4015055445981108,2.934493899697453
1.0,5.990097807264705
