alpha,s
0.41124496033156777,0.0
0.5857103434976582,0.10596034874514033
0.7034017396258749,0.3130386823836537
0.822400921686917,0.9144970694277549
1.2881468237503038,2.934493899697453
1.0,5.990097807264705
