alpha,s
1.2479986584033054,0.0
1.186126527316382,0.06218606928730946
0.9854440328408509,0.21616112610381008
1.3773738143451948,0.7559155401254085
2.4789013361738177,2.5379433131252376
1.0,5.996828290657016
