alpha,s
0.3697124938871474,0.0
0.5388341820826263,0.1104951333741431
0.6927974765257999,0.33446101094211383
0.8723170988142301,0.9079363326281384
0.8630287777530058,2.7899554907497026
1.0,5.995120072160573
