alpha,s
1.4358969481017143,0.0
1.0312349390339988,0.44185657990360344
1.3302936806580816,1.2931633111420735
31.020454623633665,2.7767799785176805
0.0,4.39174366007173
1.0,5.998420025616726
