alpha,s
1.4977540311788466,0.0
1.2593131684546413,0.06928483738543795
0.9116250405385702,0.43605018347777474
0.8212096908056058,1.6762791737865013
20.36150567271054,3.596014824453371
1.0,5.992421840344555
