alpha,s
0.3958558999966415,0.0
0.5689481890127681,0.1089240954889369
0.7355838389432868,0.31506340809275546
0.7013999262481071,0.8906362327737247
0.21462944802975553,2.9757982800731164
1.0,5.996593914006238
