alpha,s
0.7420451663271989,0.0
0.5333624987390512,0.05917686543775201
0.48737272347161664,0.37168634939859074
0.1299649721505368,1.2987550961092547
0.05357920723318425,3.6487252221235256
1.0,5.9904970751699445
