alpha,s
1.0275883189199848,0.0
0.9842907114730041,0.28563939670516486
0.9435179491191397,0.7164312545296468
1.0006403446130137,1.4696787968171636
1.0853736943876477,3.115971506927422
1.0,5.995230764574204
