alpha,s
1.0268189359052078,0.0
1.0951068006539353,0.16971453459151767
1.123281000380873,0.42878291245960426
1.0559805654440648,0.976391898081155
1.3595159432744375,2.7777848683004223
1.0,5.991992337018089
