alpha,s
1.0696488461946527,0.0
0.9960178627071916,0.09968790057474286
0.989103584777105,0.31116001710210006
1.0060892968376014,0.8942978034455003
0.6451847667906342,2.5584001214792327
1.0,5.98735469700126
