alpha,s
1.0019064533290192,0.0
0.9279830290639305,0.2479301317580188
1.069933564865342,0.7203763439992249
1.2750077181666954,1.6822940752602749
6.347835198290932,3.6261173059071563
1.0,5.997731046227301
