alpha,s
1.1592624618478806,0.0
1.1713092299957444,0.1507422036885876
0.972987901620993,0.4087870549036935
1.041288409207437,1.0989424416552014
0.6974546631562194,2.6536823460578973
1.0,5.9954971709906255
