alpha,s
1.009870103137188,0.0
1.0219422049196294,0.2760162120085301
0.9527483731254311,0.6559091720311275
1.0373111948661806,1.3541660952338352
0.8810739784827674,2.8891915934784986
1.0,5.996865940217942
