alpha,s
0.4519203024108704,0.0
0.3559753292019329,0.060805900970962605
0.24350638412572465,0.3814121758681002
0.06855959220234432,1.40055874677595
0.02117592081550128,3.419898162467243
1.0,5.987920179916229
