alpha,s
4.428918741414409,0.0
2.2388588153416302,0.009047005383922944
1.716253562512787,0.07785232868127401
1.1055830504372104,0.5475243172140449
3.3215093114534624,2.748004847859123
1.0,5.974239644358677
