alpha,s
0.9972042238045696,0.0
1.0333626188387703,0.19089789305608745
1.0162708066690915,0.4837218253249019
1.0385026988471044,1.0597772339612508
1.0433823442711783,2.826326337597182
1.0,5.991080511924903
