alpha,s
1.077041918679799,0.0
1.025319476506708,0.1588539339276386
1.1164232090116455,0.42720422044157375
0.9868213625918617,0.9490427683967779
1.1225654157645943,2.678476613901793
1.0,5.998835578552598
