alpha,s
3.8056698029703075,0.0
1.6433641313663643,0.008550334328238339
1.1487839209642454,0.1030317017224839
1.1800539540771606,0.6838716589161834
1.3540509196309694,2.743793805779188
1.0,5.993599504841487
