alpha,s
2.064239426515348,0.0
1.382126088985213,0.01013142464084248
1.1917089323622847,0.1030507785435802
0.8896982578681029,0.5901072564730196
0.30193872661398213,2.742627875630008
1.0,5.996628428725439
