alpha,s
1.4715116915049655,0.0
1.0893735018347328,0.46396960546466665
1.2630081974920908,1.6002423843545759
0.46127022600552625,3.0134545522237453
15.687233835481797,4.500468996521741
1.0,5.998970140149566
