alpha,s
1.504319967355278,0.0
1.3184931942078357,0.3952287456027516
1.1406792150448353,1.3750293823751756
0.6212107877320974,2.8309305752702176
0.0,4.472602039719843
1.0,5.999983367294961
