alpha,s
1.1779680465108957,0.0
0.9319360960595937,0.0442415653535098
0.8135021850135993,0.34309110416586347
0.3806080800617978,1.3376610844960473
0.0,3.6713926508389094
1.0,5.990829238819948
