alpha,s
0.5958359137289305,0.0
0.6786050294208622,0.08901460674484024
0.9902889165954425,0.3023460498257017
1.0592568270787601,0.7378861743580756
6.928671367907033,2.6409431036080275
1.0,5.95038081534514
