alpha,s
0.8353445254422611,0.0
0.7346657918744534,0.45529117698206223
1.7362003890924604,1.525564028097381
0.0,3.025093333780707
0.0,4.369605876612264
1.0,5.999803763813588
