alpha,s
1.0921950821492898,0.0
1.0961891917422244,0.22797180890134364
1.1308818362766653,0.6440404403904147
1.2918860791178253,1.6558507258065998
1.5726214419627418,3.6302811261995735
1.0,5.994392777277777
