alpha,s
1.3946052347754405,0.0
1.395402424724818,0.41761617929898986
1.0896290876073522,1.4109146487417226
1.3242013798633074,2.7893507887222806
0.0,4.285996363212396
1.0,5.928366860918359
