alpha,s
1.0376559241672494,0.0
1.1866941430367586,0.2604843196371223
1.0372813979286852,0.6550387926809631
1.2639853225048325,1.8393807563881213
7.56499433016392,3.6007068763622567
1.0,5.976590196594957
