alpha,s
1.3297282078919084,0.0
1.113877383728641,0.06171605228485233
1.1165161771794494,0.22902091270505603
0.9752313343599162,0.7245814443071144
0.8665359150532609,2.793993722825266
1.0,5.999763340630306
