alpha,s
1.0881070455432007,0.0
1.3297767464294261,0.40932838502226526
1.2113764202026418,1.3919001795279327
5.346386658441215,2.8197838880770747
0.0,4.52679121962752
1.0,5.997041185822545
