alpha,s
1.0075561997672677,0.0
1.0619021512064117,0.2212587317283642
0.9471790855624921,0.6304700980300457
0.8412886214989489,1.5790372271937154
1.717927342429099,3.751477100527826
1.0,5.987898777991541
