alpha,s
5.359715273073353,0.0
1.841637035745435,0.05550938868603873
1.3885976070903423,0.3870983078516112
1.007643568338473,1.5518082610980903
0.9832090933179418,3.81279416205524
1.0,5.999454362081591
