alpha,s
1.0260044763153868,0.0
1.1267440526150039,0.2455613496356929
1.2331444772487838,0.6495566655360069
1.243745892390904,1.8304460067430728
0.0,3.9662075970294928
1.0,5.992205395879067
