alpha,s
1.5145112554406803,0.0
1.3622238724051114,0.22503229053576515
1.1848167390526636,0.6481828997741613
1.2680067117418008,1.6238877506150773
2.5134368473453974,3.4504405566145473
1.0,5.999230239940427
