alpha,s
2.4715276735391933,0.0
1.3529978608226232,0.009272148009535722
1.146814158011658,0.10068184367316603
0.7619396776064677,0.6400195883634765
0.42380029793434637,2.8802406307988835
1.0,5.998619712614538
