alpha,s
1.0759206503218508,0.0
1.0209004603350857,0.21952075553975023
1.0315067663751574,0.6681396598502385
1.123929639207351,1.692778676641631
5.588526171695555,3.625937058197214
1.0,5.996519874516591
