alpha,s
1.1698336517214996,0.0
1.0257409527008872,0.17214217190632403
1.054388811320981,0.4910424647652628
1.1769116855150583,1.1565597236362302
1.0495660471256585,2.924101836736529
1.0,5.990756608744356
