alpha,s
1.6052632837092742,0.0
1.3138811169415094,0.059498902004151144
1.3820584367566662,0.21238244122947747
1.1549779205389277,0.606021047865715
2.1532556757279564,2.542219993427954
1.0,5.962756217762007
