alpha,s
1.3339628491974587,0.0
0.9508054607859696,0.05300073663900288
1.136866056396544,0.24151594876464424
0.9256768820848625,0.7190776157124277
0.0,3.056261001298206
1.0,5.9920449521542976
