alpha,s
0.979016895105349,0.0
1.169539951140452,0.18426216586536556
0.9415826478851801,0.4312205038636707
0.8868914165981486,1.0308605466348573
2.241575578994267,2.7048306684029244
1.0,5.992354728539381
