alpha,s
1.0361616874079447,0.0
1.0120117295758546,0.19727283322879097
1.0886806662794837,0.5284950582222423
1.105591020214467,1.1273921413570531
0.803646136491963,2.8922091684485842
1.0,5.99944547504691
