alpha,s
1.5370970113342801,0.0
1.2316289896855805,0.3403722757442288
0.5624418591400062,1.195507799876292
4.090984131024443,2.7199024125377167
0.0,4.302597756206357
1.0,5.999863387116547
