alpha,s
0.8717946694650265,0.0
1.0440360560506134,0.2837771376364971
1.1494747688547602,0.7062309022346978
1.5235451553777102,1.5512828494682176
0.0,3.5192883640942676
1.0,5.989004886591844
