alpha,s
1.0070699794303746,0.0
0.9014789072886712,0.18697943959315524
0.9951115712965795,0.5108535120667624
1.093206153696795,1.0956653221712267
1.586936334378576,2.8112374782624885
1.0,5.997876319481562
