alpha,s
1.3894969473901173,0.0
1.1918899033916455,0.40671023091265623
1.029190849735861,1.3251292438426003
0.7218209169165604,2.7884124157779375
6.9478233954113024,4.424918633531214
1.0,5.997405314267287
