alpha,s
1.14048012384859,0.0
1.101645129847247,0.16996360899274635
1.1124143827546773,0.4574450116766779
0.9819114435882464,1.1048610813519757
1.4789469098855432,2.9278423845138146
1.0,5.988826068289516
