alpha,s
1.0002675475610638,0.0
1.0434846437819512,0.2350244960688141
1.0028650337976204,0.6609596523765321
1.0546891031816799,1.622866900218656
1.9370489521343022,3.583620822661031
1.0,5.996674198509254
