alpha,s
0.46232710851911174,0.0
0.525508142093209,0.10259728431597216
0.8254091538823694,0.3185493755422107
1.1670280888678457,0.8264385228515222
1.4370573849617663,2.6307686115043856
1.0,5.983320067869595
