alpha,s
0.8082176137537739,0.0
0.664588239494506,0.5785069340281148
0.4959903868912915,1.5755195414745267
0.0,2.9212945194926587
0.0,4.447961183673233
1.0,5.999347341798796
