alpha,s
4.020114645206159,0.0
1.5048293224805347,0.005976581037283241
1.079522274151542,0.04977919176584035
1.0581989045836013,0.18422681151004533
1.184038094466023,0.5197161916100516
1.0,4.825804190556182
