alpha,s
1.273444489157458,0.0
0.7834754307122016,0.05243550297052879
0.7035882749267574,0.3981636843032467
0.33002717441560797,1.5031547624736332
0.04926027599431788,3.6472520037760146
1.0,5.995256986073459
