alpha,s
1.2003440806100263,0.0
0.9384504571586337,0.4129236652650584
0.8190522078252144,1.3720262965146153
0.55923758278552,2.7628552382600424
0.0,4.498919248890682
1.0,5.963526276046737
