alpha,s
1.32181485050265,0.0
1.3417111524816794,0.1233570432581862
0.9792887768090671,0.3577762236283395
1.4057794564647144,1.0438499377973414
3.900649610515719,2.7912778339794264
1.0,5.972632613141738
