alpha,s
0.6205752276461085,0.0
0.8096005247315252,0.1233570432581862
0.7525312385223462,0.3577762236283395
1.2724753297062177,1.0438499377973414
3.7743031179934485,2.7912778339794264
1.0,5.972632613141738
