alpha,s
2.651130618478059,0.0
1.3555999741377112,0.00853644310198266
1.031300840172159,0.09328378292435278
0.7790886190537141,0.5611672102968797
0.17305740082028442,2.6299907813602457
1.0,5.997744416645027
