alpha,s
0.7769143224797134,0.0
0.44014885317968355,0.5324169742554185
0.2514886907386403,1.7383075261651755
0.06884518065149757,2.9525033100291886
0.0,4.345354007807513
1.0,5.985579278835441
