alpha,s
1.1983172765325603,0.0
0.9473646982487451,0.06201547653531754
1.0950371109944765,0.25150734393385443
0.9663853953151978,0.7435796371427832
0.5355676985019552,2.600127935995689
1.0,5.981310619879397
