alpha,s
1.1305597777888285,0.0
1.139946929132084,0.23424592138691755
0.9663889694017305,0.6838972937804176
0.763698991438147,1.7978682413357692
0.8598957719875625,3.720523140367868
1.0,5.993267238928421
