alpha,s
1.1034751560871867,0.0
1.1981660127052431,0.17527866958692126
1.0602945243578288,0.4745040912938335
1.4449943921620334,1.00725696846607
3.250896259145938,2.5511042972065296
1.0,5.997851384475823
