alpha,s
0.96062945752234,0.0
1.0117581223570344,0.19717349555185051
0.8806731291567003,0.5317860823431689
0.8627708332124571,1.2179582585049735
0.32227480207541254,2.779315601056184
1.0,5.989136145654254
