alpha,s
1.0573227360297601,0.0
1.1380249698586784,0.2566485176174237
0.9297668864163775,0.702659536193777
1.04993433304492,1.7687174880979633
1.1113406107592791,3.7660886527463098
1.0,5.993485856530269
