alpha,s
1.013100835072004,0.0
1.04630857937463,0.4102217674093626
1.1907040256893389,1.369415217518982
7.7923564746895835,2.8854452069475442
0.0,4.3180099500614295
1.0,5.99214592210283
