alpha,s
1.2422815092505364,0.0
1.1180076213053012,0.0645804614245412
1.06170093509146,0.2243399511494305
0.849101003238049,0.7324525151048563
0.5828057323659541,2.6189122767265953
1.0,5.998778906552211
