alpha,s
1.1561143775274505,0.0
1.1283636576448874,0.14597595000553903
1.1115917341326027,0.3941709791181329
0.8807816443314754,0.9290419344502521
0.07193663425005653,2.9364317636329673
1.0,5.996586028658868
