alpha,s
0.7657584481729882,0.0
0.42706202740774984,0.048134348557771975
0.2662212234789915,0.39907085879973264
0.1036821105805856,1.6116222532454851
0.0,3.8952830056047043
1.0,5.98571421937207
