alpha,s
1.110349781867763,0.0
1.056712049297123,0.4149405724519063
1.2218707000182396,1.4628505995487353
2.2106363431980283,2.9504748250543478
0.0,4.422645657714303
1.0,5.997503101352423
