alpha,s
1.0361430764851849,0.0
1.1079269174900075,0.23811809970298103
1.0461893165442873,0.6666702252259339
1.0304510326263983,1.6606477789108873
1.1657531638236307,3.683431681405158
1.0,5.994849932790936
