alpha,s
1.3034068411470894,0.0
1.2195655350452212,0.10711164946798127
1.3015396109998616,0.32929177760741046
1.2143202840216627,0.8507858045228155
0.6887613079785555,2.7795795634477543
1.0,5.997617016774276
