alpha,s
0.30745786980196266,0.0
0.49885773832064595,0.11413361544553502
0.6048560217996727,0.30618178011113173
0.8774752123494042,0.8623004892340715
1.6318483529849785,2.6238510016346903
1.0,5.940729483683739
