alpha,s
1.0341863138871483,0.0
1.211972710362683,0.0716632471734811
1.1284923018678206,0.21506624356193324
0.8121549461282064,0.6523643261827606
0.7722901002808261,2.506611062605799
1.0,5.980604995527625
