alpha,s
1.0669168989925115,0.0
1.0772537204863903,0.13545380547599079
1.128410417781637,0.5120794772412831
1.1379858716464213,1.5260025029430295
2.4300506659916907,3.612423436180811
1.0,5.995386149567954
