alpha,s
1.537137994036777,0.0
1.0531384596772508,0.35163926402959816
1.0579587295900796,1.2103892829569327
0.6223274543905494,2.4994067535776066
0.0,4.345518404873774
1.0,5.997838942383881
