alpha,s
0.7296610219461667,0.0
0.3232126357649838,0.2944330497333099
0.35262825894042193,1.4650405664762807
0.09663000747277567,2.675715751673455
0.0,4.3528327773546005
1.0,5.996910144234047
