alpha,s
0.9273808956165399,0.0
1.0610767916242008,0.31859439836905146
1.058547820035,0.6769507326581602
0.8526285241577104,1.2978234784702645
0.6588906370683801,2.74233069214515
1.0,5.9881950429790765
