alpha,s
1.334235653664802,0.0
1.0949704562644487,0.0709653088384001
1.1099443790361756,0.2687169363688084
1.034999580607476,0.8624136904970704
0.7014652413270599,2.876013702514663
1.0,5.996304851235085
