alpha,s
3.6288250568613503,0.0
1.5901334036006884,0.007344934705270664
0.7147375261803159,0.10068041034877015
0.6844900071995784,0.792231716454469
0.34524881599440954,3.3904820442797066
1.0,5.98131890839548
