alpha,s
0.31659940471416104,0.0
0.48037587819463434,0.13997256703842026
0.6574702121891137,0.3520582276648308
0.47845991146278183,0.8375943920834898
0.18107069420785873,2.5552891106463727
1.0,5.950981399778546
