alpha,s
0.9205951388918613,0.0
0.8926850902125036,0.3032033525949741
1.1648657714254282,0.7523088390072741
1.038159738763576,1.3764647121159648
1.297399670357928,2.9191593452383646
1.0,5.98585272456551
