alpha,s
1.4442030537112205,0.0
1.2482560346181852,0.4276423713121596
1.3804607779951745,1.4279813253105267
1.6950051717697856,2.872877870250172
0.0,4.406690399530631
1.0,5.999715157542193
