alpha,s
1.1869110244753176,0.0
1.1376557963659162,0.4276423713121596
1.286062329436853,1.4279813253105267
1.5134820677091616,2.872877870250172
0.0,4.406690399530631
1.0,5.999715157542193
