alpha,s
1.0564323489496983,0.0
1.123945662430344,0.19946384773051717
0.9894825579799744,0.5042173268394937
1.0550842223308632,1.145377797910142
0.5683282298488985,2.797755066322896
1.0,5.9868384686315785
