alpha,s
1.1535665402162767,0.0
1.0473583049643203,0.1713617857790004
0.9534589179011345,0.486764066078516
0.9030122083511615,1.1119229749531927
0.9280790689669082,2.9393193201438312
1.0,5.995844145544156
