alpha,s
4.643396567091803,0.0
1.8495456862335171,0.0089851687547256
1.521737396321896,0.10627065102386697
1.2284647980107328,0.5569006020821801
0.9552341123711295,2.6954995762242575
1.0,5.979780396943748
