alpha,s
0.41327820157686856,0.0
0.257945290203042,0.41012931842055406
0.07406645432520437,1.4225326569628884
0.03805369422451744,2.8718926856854163
0.026813049503376787,4.50272895548304
1.0,5.998192038501863
