alpha,s
0.3919101675164286,0.0
0.21884692905463668,0.34788010149476223
0.07969141325046769,1.4188447098715948
0.03384236912612393,2.849147941199111
0.0,4.4408670641667936
1.0,5.996643833615625
