alpha,s
1.1396482861051316,0.0
1.0089096906659758,0.36671132581226623
0.9202576252729371,1.3030280163107133
0.0,2.8718219437555685
3.267124727664126,4.451707984544904
1.0,5.983797292700604
