alpha,s
1.2581946481078987,0.0
1.0327468116250282,0.4254240022858275
1.7215132279612124,1.327962924796907
28.690684399498995,2.733449857291145
0.0,4.2430562373131195
1.0,5.998981004874641
