alpha,s
0.989453920205808,0.0
0.5479146048616574,0.44777382700545926
0.20151911813516868,1.4221621640881112
0.0,2.77093810531331
0.0,4.3932442842466255
1.0,5.983179813832157
