alpha,s
1.1263504851659174,0.0
1.0823720989970518,0.4346019826970021
1.2781873872584566,1.3914398246224775
3.286350514817964,2.734845725871514
0.0,4.328453081524031
1.0,5.998567175527499
