alpha,s
1.1804754662050077,0.0
0.9239343917478844,0.06136003546608298
0.8200736608627917,0.23128907826324296
0.7273176503507307,0.8006748161450027
0.15805082496563824,2.3715997265575623
1.0,5.991425933324822
