alpha,s
0.8994365514291687,0.0
1.0561248070180236,0.19139155491472146
0.8928062675148221,0.48667399083102847
0.6671715916664177,1.1630927045733568
0.30206753270229303,2.9338976217770085
1.0,5.959040789113859
