alpha,s
1.3184870767225632,0.0
1.3232161463846912,0.1751995262944876
1.2662648199035356,0.5548341723826316
1.547610775395201,1.5107272536503602
2.0197790768240433,3.6164524890722762
1.0,5.997357923785989
