alpha,s
1.109055849263672,0.0
1.0284147194533066,0.1558474718668806
0.9117952246252665,0.43076117808875697
0.9432761045068176,1.019953104588326
1.0129134878934536,2.5779748526496085
1.0,5.990022476412504
