alpha,s
1.1551930215439947,0.0
1.208804274903875,0.1078000401355565
1.0801045593531224,0.3039819796983611
0.9266279988302197,0.8467751104149117
0.8976927774113818,2.580326795599867
1.0,5.997268522882777
