alpha,s
0.39358250103738224,0.0
0.5689323027840403,0.1078000401355565
0.7009377380356663,0.3039819796983611
0.771660650098742,0.8467751104149117
0.7937917261302117,2.580326795599867
1.0,5.997268522882777
