alpha,s
0.9231518532904768,0.0
1.0266665763363005,0.2352319576885798
0.9866404358701147,0.6490836168001415
1.7497425470612766,1.5997895241087865
3.7540391386171272,3.420479158082536
1.0,5.983682774670284
