alpha,s
1.2324681368877155,0.0
1.1682319612513572,0.4325316357551241
1.4106402801871951,1.4596700634422362
1.7267953065157222,2.574096582001505
0.0,4.118053139152056
1.0,5.968192121003253
