alpha,s
1.483278870783552,0.0
1.048332535914099,0.42003061767549416
0.8681378062569173,1.4337078328849249
1.4405673552117297,2.8760302763391663
23.32784410714201,4.394531971416919
1.0,5.999369162472115
