alpha,s
1.0410742479650148,0.0
1.2199063865736903,0.42206365891824904
1.5276886080093772,1.3683377544526742
1.3995262592445536,2.806121890630629
0.0,4.062130297159776
1.0,5.991083133940517
