alpha,s
1.9240339483287388,0.0
1.3100269975497472,0.3685735421248835
0.8704083406901592,1.4119507653862553
0.0,3.002960248821238
0.0,4.532479633150251
1.0,5.988562158702106
