alpha,s
1.1825941923535932,0.0
1.082685602496685,0.4736555603966837
1.93811778294208,1.3733639383983298
0.7790737584307419,2.734358446092843
0.0,4.241023753212636
1.0,5.998365687460009
