alpha,s
1.1508059865035722,0.0
1.0005020644877698,0.17949452863731052
1.0876929451635395,0.5249414362064464
1.1892823697204713,1.1978990762738235
1.0367284859013957,2.9251618855210486
1.0,5.998829717369412
