alpha,s
1.1740114851024985,0.0
1.0705379875537915,0.24234355934452326
1.2466792322766682,0.6948507812404784
1.6069817045168557,1.6773803850761035
4.5026104379505485,3.738054955545136
1.0,5.994578621491913
