alpha,s
0.44749538778469605,0.0
0.2706880184569795,0.4100638993887596
0.11405472539358356,1.4050944344048186
0.040527369607903777,2.8584006768094614
0.0,4.34267560083603
1.0,5.996775602384192
