alpha,s
1.2487899497457204,0.0
0.9110376334242697,0.43177288543485737
1.0656133965075272,1.5187452684104468
1.3596598647507145,2.9575133171880816
0.0,4.479053159350118
1.0,5.998955617287442
