alpha,s
1.1622949609433637,0.0
0.790266051338392,0.16874973131073903
1.0595542915740348,0.5273748603692846
0.7600514927832397,1.093954027395231
1.0590272537777654,2.770527351207868
1.0,5.844984941405407
