alpha,s
1.160500782184116,0.0
0.9657279220617028,0.21552625683916338
1.255297803258151,0.6675160236762384
1.099011003120925,1.5264238308770892
7.3205124123017455,3.4232930615548796
1.0,5.949132121083742
