alpha,s
0.8336793818675563,0.0
0.8487862767774357,0.3161851605331593
1.098751394417871,0.7968829801763805
1.0095205120569957,1.3800850017798998
0.8708722881569464,2.8898558927569877
1.0,5.911162394610911
