alpha,s
1.133828363157245,0.0
1.14971412585634,0.07016440702168163
1.0604459143266796,0.2365693341584909
1.276260471178867,0.7743658372187047
1.7913615093115345,2.502532852798019
1.0,5.986085576458887
