alpha,s
1.084226882750023,0.0
1.2218801473487575,0.20219556239889339
1.1744537336678762,0.48490547826410046
1.042945846623222,1.0049735272877443
0.4707179032366479,2.6422924859556076
1.0,5.991667312725068
