alpha,s
1.0148326117092568,0.0
0.903597456161104,0.2324170456806739
1.1034004151436123,0.6672648572944101
1.4316589475790436,1.5175560179221113
0.0,3.6729092297114723
1.0,5.993114895252838
