alpha,s
0.812916003076951,0.0
0.8749229626974115,0.36052070273742026
0.9139516708150386,1.419033735217099
4.798792002117666,2.9462353764898723
0.0,4.5397239679441395
1.0,5.992920493281719
