alpha,s
1.7217090593564934,0.0
1.5183545070157223,0.31447820556421663
1.0935429330328066,1.1864625710353414
1.2843915544536284,2.702096958778776
0.0,4.459457136476528
1.0,5.966155601372216
