alpha,s
1.3919956390708002,0.0
1.2354066749763424,0.39790315222547945
1.3902831758497738,1.2940080702695782
1.819794951553035,2.7673711806764656
0.0,4.307604009349181
1.0,5.976953084941795
