alpha,s
1.0296159734502242,0.0
1.096865398349492,0.2840358505238679
0.9600359733756715,0.6602361224339371
0.9588518501140704,1.3619859134026886
0.9815873678260048,2.924226873117617
1.0,5.998829994829251
