alpha,s
0.8968201841482522,0.0
0.959017403705564,0.17243226469524692
1.0028171131222525,0.45222342844071345
0.9313145003822552,0.9974883373858499
1.0374079524505344,2.7555680799662468
1.0,5.994241322274335
