alpha,s
1.0069448166004864,0.0
1.0554365952961389,0.18412863514319996
0.9624705033171927,0.45580087798081187
0.8948593483478577,1.0425064693805668
0.927185527635646,2.886643764308566
1.0,5.999210628142439
