alpha,s
1.1908342729047012,0.0
0.7824107311792199,0.4423093974502438
0.7316940864590642,1.5116045466837917
0.0,2.91733604609642
0.0,4.515469499910061
1.0,5.991665923571212
