alpha,s
1.6419754985305428,0.0
1.176711516156781,0.33838776962405187
1.6449756765114056,1.2563918949578958
0.25602994154928294,2.605600148432611
0.7802947479550315,4.302318706206901
1.0,5.999410728146355
