alpha,s
1.2029333225130299,0.0
1.0878597556861291,0.4575942646694921
1.0828988963031474,1.5311333772107785
4.343321425278253,2.806409327823267
0.0,4.479483944820248
1.0,5.998191574513026
