alpha,s
0.9579182547416868,0.0
1.0649281563548336,0.2225095904216857
0.8904914029088021,0.58156624681537
1.4850931370907599,1.5457788106494275
0.0,3.2338630300132483
1.0,5.965190294611224
