alpha,s
0.3942286739039908,0.0
0.5957638883546317,0.10741885099258239
0.7435960471064831,0.3062322066809659
1.0438048144606067,0.8335151604984178
1.8603788230713303,2.7108178216152656
1.0,5.997162781863061
