alpha,s
1.1873618154875238,0.0
0.9029202521942292,0.43021150336494757
0.712294368873944,1.3968823517386182
0.3215088190766987,2.904910565170693
5.214858508159336,4.517292768460232
1.0,5.997300972640516
