alpha,s
2.761947041899678,0.0
1.4958272454237111,0.009293805612098163
1.154081576713513,0.09168382782163856
0.9044365582590992,0.5364116372695544
0.9675177678209048,2.660525002945744
1.0,5.97921965665919
