alpha,s
1.174362585342139,0.0
1.230245776696092,0.06477505853565518
1.0574505207005513,0.20690558317718205
1.2688984229208964,0.6770881252513216
1.091834182558138,2.602160717252236
1.0,5.954080639247693
