alpha,s
1.0613370316557154,0.0
1.0624803387992132,0.16803010377709976
1.1350003324267133,0.46807424136595666
1.0189613271500575,1.0622939474302262
0.6692546454685491,2.8504345193057214
1.0,5.977371321480622
