alpha,s
2.472773005549394,0.0
1.361891429661037,0.011666729241946021
1.114904924375734,0.1324130517071703
1.0335534396456023,0.793887780633475
1.4371232160476028,2.856522965900152
1.0,5.940724368524393
