alpha,s
1.1566012755080575,0.0
1.4490793616729045,0.35234620959811286
4.145901656830797,1.3564641591907862
0.0,3.083914243883466
0.0,4.542995136235861
1.0,5.999558231457929
