alpha,s
2.4691122932526657,0.0
1.5552415556726658,0.11393283896901006
1.3801056839118788,0.4844911806807464
1.3082295862376119,1.4948552505503108
1.3319412821200338,3.6021478117232975
1.0,5.998457587587991
