alpha,s
1.117259738987743,0.0
0.8917913411993614,0.440092494468107
0.6756146044421845,1.4599136057282804
0.0,2.846857646479695
0.0,4.38938027557603
1.0,5.992276466560506
