alpha,s
1.0076531598330014,0.0
1.1212282126741893,0.1903759899089128
1.1843515032734313,0.4566227987710083
1.2622050503867401,0.9965212356209074
14.380672323669799,2.902912746365992
1.0,5.997714104440398
