alpha,s
0.4931321452156037,0.0
0.32552132230163033,0.3905401342879157
0.11608620465685726,1.3506060522804992
0.032491563541531654,2.7867666370501194
0.0,4.458685229170186
1.0,5.9923504745061305
