alpha,s
3.1116920790897837,0.0
1.5916182918494406,0.009017671250878044
1.100345101734237,0.099686156974726
1.3940590341304708,0.6205528168710261
64.47160263801115,2.692419434158616
1.0,5.999117757197631
