alpha,s
11.49204281290714,0.0
2.0265675519124193,0.00594362273623188
1.5678916443678272,0.11383945007373765
1.1838459734036613,0.6285982001904623
0.0,3.1629268935198094
1.0,5.999375892726023
