alpha,s
5.937404709257058,0.0
1.7707740246589294,0.05315871185596504
1.351154070350427,0.40004513679346837
1.3542589008566779,1.624096508559485
4.968457167289588,3.69204722507477
1.0,5.999436132948119
