alpha,s
1.0966807827977083,0.0
0.8927353154532217,0.15292929402736888
1.0139270573640355,0.4593196351075646
1.0222057647420373,1.0169306038569916
1.9067745804864835,2.44523726638526
1.0,5.9964613057376
