alpha,s
1.4868418356447524,0.0
1.4460845342442823,0.5045991700238202
3.507068636447846,1.3982270431595414
0.0,2.764367256010827
0.0,4.413075424132565
1.0,5.954695908066356
