alpha,s
1.1234906520467438,0.0
0.9355796703780435,0.19021799927051772
1.0867675323095642,0.5350750600229011
0.9043854292231353,1.1990150910402497
1.1766716478810624,2.9467957271947016
1.0,5.934483245181116
