alpha,s
0.9968952799589027,0.0
1.0020341321493569,0.184897614266376
1.0701957894603968,0.4829547559958114
0.8701307079045503,1.0728606624767634
1.0183567772689355,2.7869482403056725
1.0,5.993362711522556
