alpha,s
1.1649733262435173,0.0
1.5584941926694815,0.18504677865944427
1.1810828482900668,0.4125272946239138
0.7694917398622001,0.9484942107238931
0.9408129203406684,2.4214821401263396
1.0,5.99831223755541
