alpha,s
1.465874989935396,0.0
1.2136328811247163,0.08901460674484024
1.3332750971173057,0.3023460498257017
1.17427585859872,0.7378861743580756
7.009153498703539,2.6409431036080275
1.0,5.95038081534514
