alpha,s
1.4603460667029589,0.0
1.1453241594877361,0.37085425056725074
0.9316467938554214,1.3471370654525114
0.9747856223962926,2.6932804142536053
0.0,4.421153013858987
1.0,5.9812226556581605
