alpha,s
1.185162227182555,0.0
1.1725284204761799,0.2262113552594486
0.9245242502283701,0.6379583028083305
1.2687169912374834,1.6540738792106549
11.38397935388464,3.610102589291554
1.0,5.995051011545758
