alpha,s
1.4214444609296395,0.0
1.4755967703826172,0.06359684439796028
1.3124940684585267,0.1994317928510549
1.1225507088130808,0.6477688751746367
1.9132150630781066,2.6318184840374768
1.0,5.998144229121014
