alpha,s
1.0694876826339794,0.0
1.0208187776658249,0.07156955558449182
0.7969262337455871,0.23989087999878309
0.9143761150707119,0.8165261218541007
1.031409817122123,2.7672710714734716
1.0,5.906972672199344
