alpha,s
1.3575662276747025,0.0
1.0090082019652284,0.3903511439079018
1.234304678030612,1.5004044404049415
11.513874849150943,2.947014218510451
0.0,4.42664140707829
1.0,5.978215960431592
