alpha,s
1.4758483604881667,0.0
1.1513041710086498,0.41000225599095075
1.1972486487686491,1.3568804571675568
1.6322492106098458,2.7233876935474113
1.3814579738314134,4.327719803725869
1.0,5.997860860067533
