alpha,s
1.499279914234262,0.0
1.010165934072184,0.3513525464868974
1.4735267546664523,1.3130872955516892
0.9593101338072729,2.7099900216743875
0.0,4.078300004846517
1.0,5.987714370054924
