alpha,s
1.0823342521498018,0.0
1.0329558969731298,0.22806115220787337
1.0459026317639437,0.6565421467861723
1.3025291635418672,1.620228591312135
3.5662312192576784,3.6297762210858666
1.0,5.999442236297817
