alpha,s
1.0815339679170655,0.0
1.0762993491158164,0.18060846606687042
1.0375590272842454,0.4749855011875618
0.9006344909078143,1.1073295166116581
0.9386489446425054,3.0858506219238215
1.0,5.997458558402134
