alpha,s
0.48576196192378945,0.0
0.622944043309826,0.10472531638610313
0.6383050745664541,0.29733538285072814
0.5784356292153986,0.880725665984844
0.10190775621855457,2.8158552368465104
1.0,5.976749457055773
