alpha,s
1.1097221734112421,0.0
0.9419544558752738,0.38021017683095615
0.7614040188820377,1.2998110229445887
2.051633487545194,2.6653451523446723
0.0,4.350891643491656
1.0,5.997078031150459
