alpha,s
1.1613279603524138,0.0
1.0302372561584,0.4785737712723364
0.8327451781600198,1.4831574845432283
0.7917356793680377,2.885029534785797
3.4918049711272046,4.443354757265399
1.0,5.994390360211752
