alpha,s
1.078288428582094,0.0
1.1284360077908513,0.18561628509091785
1.038436498481967,0.44886429810205347
1.0826364713110934,1.0257249985199435
1.566606073860401,2.495907201980665
1.0,5.975320082819783
