alpha,s
1.1704321177519037,0.0
1.2688853639185398,0.17687086495847676
1.2811778131524458,0.45525977333306084
1.1603381765434584,0.9846022976746496
0.7909847632518395,2.5431831316432665
1.0,5.923917492048076
