alpha,s
3.330371053277237,0.0
1.8913281748158468,0.00839618496054904
1.1552886617529405,0.08070343432629148
0.9312172892781173,0.6390210755097773
1.1272555968170839,2.6946988194144037
1.0,5.978114288379439
