alpha,s
0.9941178664640854,0.0
1.0846115257996636,0.26404082197902073
0.9637335511799069,0.71431549366896
0.8390615277926873,1.7103353909142682
2.885935254609912,3.6195314297752597
1.0,5.995447138104861
