alpha,s
0.9930108535863416,0.0
1.073353288857797,0.24407832220508438
0.9883136580727286,0.6740316368664113
1.1945904280526267,1.6329446483420509
0.6692181501687039,3.7062005207156083
1.0,5.998209198246192
