alpha,s
1.0405905005257685,0.0
0.9965477621163298,0.4888585736406277
1.1623460539254338,1.4499113994114037
1.4934776440221642,2.800174412871017
0.0,4.33989288445087
1.0,5.997764959324179
