alpha,s
1.0591507610428181,0.0
0.9748097210471967,0.5277075189268049
1.30778196410744,1.6095172870864873
1.2730154316591344,3.053008990922519
0.0,4.5279997798202345
1.0,5.992491347347812
