alpha,s
0.5996086166265958,0.0
0.3617994780859406,0.36948283876699745
0.1386946686115543,1.3626165655308908
0.036886959781185905,2.7932293597057276
0.01789138886085318,4.341765545436391
1.0,5.999635763299539
