alpha,s
1.1511637128298833,0.0
0.8910339838463966,0.19522387785868112
1.0567323770157246,0.6212826437896485
0.8042571629609738,1.560871677986814
0.3288516716065582,3.6836967129799727
1.0,5.998335084892102
