alpha,s
0.6605480452831337,0.0
0.46142174392395524,0.3553890654042012
0.0998029200153294,1.425613925975905
0.03967752137903898,2.8991948884077448
0.0,4.545335212762638
1.0,5.996972359435022
