alpha,s
0.384955230450851,0.0
0.5066459114499372,0.10852993840207784
0.7296694184303394,0.332227418703343
0.9235025054179161,0.849187674145939
1.2502416249840556,2.794681940312297
1.0,5.993569030079645
