alpha,s
1.2821427987698406,0.0
1.3208467344636996,0.06584701396886229
1.2817524694669846,0.21860093257477206
1.2587804460556038,0.6824042430013907
1.0193005477360602,2.6607179120937046
1.0,5.936802445284593
