alpha,s
0.4101400608710442,0.0
0.21545111698785296,0.39142368470805355
0.06713623382703415,1.4346145373109795
0.010346440413895779,2.938772453851378
0.0,4.47923806902347
1.0,5.996220837204462
