alpha,s
1.3605480868124797,0.0
0.9967865798258255,0.048247548228245625
0.8236260404654099,0.2135671504493881
0.726146295393933,0.757391931146345
0.8876310622648974,2.473953683044306
1.0,5.998194042380735
