alpha,s
1.3610190972401262,0.0
1.3136214423365002,0.3311770232144745
1.6414181955961424,1.0907957433893536
15.590612513626018,2.6691009287498533
0.0,4.334877928049205
1.0,5.994139645056164
