alpha,s
0.4003204805924949,0.0
0.2513129810480203,0.46542106760265367
0.10079591758321052,1.543004895087244
0.055740322834224816,2.8864006045570387
0.0,4.432693375280401
1.0,5.999075914627941
