alpha,s
1.526192572720286,0.0
1.0828790745676877,0.4667987098028616
1.2456885851278359,1.466528712049192
6.717450539803178,2.8893679110938004
0.0,4.436965106308594
1.0,5.997354463081261
