alpha,s
0.7711302865648217,0.0
0.8937852314751122,0.21826418456036875
0.8826874103525131,0.5292653111806507
0.9217148421034056,1.183663476914941
0.7189413462878145,2.8015153229331804
1.0,5.87974195311366
