alpha,s
0.4804105592447106,0.0
0.32382165503038196,0.42877026346315694
0.10170849353054393,1.5062051034983859
0.01658808506675055,3.0323038284540464
0.01663678580372361,4.511647688026942
1.0,5.999097334131157
