alpha,s
1.03489794379611,0.0
1.0640463195977077,0.2560931376584808
1.0843465773882424,0.7279875910453321
1.196744739351386,1.7361439920284212
5.979318880640895,3.6941676583801923
1.0,5.99859771665745
