alpha,s
0.4668403472259835,0.0
0.6861602169257216,0.11223198439649697
1.0480695067184245,0.3315641034527644
1.1216092614748205,0.8231186471666577
2.0134267172130387,2.6646945677517175
1.0,5.996585243507156
