alpha,s
1.431997010569236,0.0
1.6817963934087903,0.4091057687556579
1.3683713134311728,1.1760312121388155
36.39537262456237,2.5717998012872765
0.0,4.31712983441032
1.0,5.992398151712648
