alpha,s
0.8333257344047245,0.0
1.1117169968247846,0.18677475758988324
0.9732404314829755,0.42145238180620515
1.0458791510281427,0.963393025545544
1.7514300909762488,2.601402325387501
1.0,5.995756295161498
