alpha,s
0.8715501877587492,0.0
1.1029133103494488,0.20123960670129115
0.8353890776292541,0.47764794491259444
1.0491663857176765,1.1619610088283305
2.391643051893061,3.2709638806046475
1.0,5.871287165935163
