alpha,s
1.1243119226307654,0.0
1.0978694894253136,0.14971665590157388
0.9730956257969129,0.4061569863356091
1.0553761066215568,1.0127699550625862
0.8651347719771973,2.7881759130695474
1.0,5.9974803698336
