alpha,s
1.3366906829274103,0.0
1.285279203416771,0.06548201825850872
1.138407080546889,0.2109510137020966
1.1443053903914089,0.7354696492249048
1.3210334972142146,2.6964433786931994
1.0,5.990086075819238
