alpha,s
1.0814271432200895,0.0
1.0864386748807138,0.1656638586635015
1.093843310717371,0.44112861923963975
1.1161271415336647,1.0318047867945834
0.9881342325962623,2.853778934665215
1.0,5.997565711587666
