alpha,s
2.5902149486134336,0.0
1.6214808281024307,0.011113683178369362
1.243754857193327,0.09245924226450063
1.3227808390803457,0.6634225784388785
1.0487009275719834,2.438631752660853
1.0,5.975006770585816
