alpha,s
1.11685625861872,0.0
0.8009970682427385,0.16408353914100057
0.8306252280389538,0.5051968941141686
0.7609526055560935,1.1561002764646477
0.23914317896601714,3.024522541030653
1.0,5.988931182377516
