alpha,s
0.8798031576219087,0.0
1.0033357675951944,0.33892295547116597
1.102292001639898,0.7666557505625536
0.9358888070636655,1.4566306866378047
1.3659013884958635,3.1741716719357993
1.0,5.954046433254884
