alpha,s
1.1569071966469446,0.0
1.1548831050639299,0.49484628938318576
1.5139738643018579,1.5076515763847478
0.0,2.991804852390627
7.06877242379996,4.533810131294905
1.0,5.999073563740728
