alpha,s
0.7616286303616847,0.0
0.5577020355000222,0.34663713808301483
0.15632570624027425,1.3218672260141038
0.05802576855091712,2.9075395340177517
0.09262272342252138,4.396082087581347
1.0,5.998808270301184
