alpha,s
0.49838051157607294,0.0
0.21248587027961868,0.35157648437709627
0.09424443908695042,1.529123662411117
0.024518139343196757,2.96999559232888
0.0,4.493307912496068
1.0,5.999078249898282
