alpha,s
1.0288508106447465,0.0
1.0812295235135345,0.22562493298637323
1.015653297740257,0.6213019892551968
1.29274151049759,1.5462411063908714
0.766797289837709,3.6345936194869974
1.0,5.998369962246958
