alpha,s
1.083686894905156,0.0
1.1573643155242184,0.21921657705124334
1.274115528290131,0.631393104599984
1.4354283004344106,1.5228393911742042
1.8104279337415548,3.5248755967110275
1.0,5.963834982265677
