alpha,s
2.082572155516852,0.0
1.3587121977537955,0.015192312489085227
0.9460945163970594,0.13619952650624467
0.8373146831364697,0.8225463039132411
2.6152198875166133,2.7408194180708483
1.0,5.990702574605216
