alpha,s
1.1065445184351708,0.0
1.1284680044403186,0.11150357829782248
1.1993154212195969,0.3188748560504322
1.0870728193034034,0.8313934777634914
0.8756567656751917,2.6859923738598135
1.0,5.999018468543362
