alpha,s
0.3760665545789016,0.0
0.5396311718355883,0.11276183353319319
0.6861619720943316,0.33126721120977837
0.8633300517814123,0.8765683248522479
1.088983546486414,2.813032815538661
1.0,5.999173484196661
