alpha,s
1.095565107945059,0.0
1.0981679508219928,0.11276183353319319
1.0347618544064088,0.33126721120977837
1.0247326460012158,0.8765683248522479
1.2458013574318838,2.813032815538661
1.0,5.999173484196661
