alpha,s
2.676897794091238,0.0
1.544104848622927,0.04871516259288721
1.0857868278503038,0.2157351874746192
0.8603881003496644,0.7790898438047854
2.4412808660037,2.8637104586110964
1.0,5.9579608050233634
