alpha,s
1.1892360682458807,0.0
1.4919132962337334,0.1519407539623619
1.197509105498043,0.36312353778758755
1.6239336652821303,0.8877085958912683
0.8328783940986764,2.6368048887204916
1.0,5.84224273566121
