alpha,s
1.7455936955139215,0.0
1.618352527273385,0.060259396060518944
1.512755531957249,0.2003637857744482
1.849697965172937,0.7040807627891225
0.0,2.743308816880953
1.0,5.943692216469111
