alpha,s
1.3120829387792121,0.0
1.0086256246008467,0.44591639171754605
0.6478474816516608,1.461125260472228
3.449656419276224,2.774277639271653
0.0,4.494571778286223
1.0,5.967088352299303
