alpha,s
0.42143626427290787,0.0
0.5194358418722754,0.09680271270822018
0.7172100350743694,0.30116037322886996
0.8684610135476247,0.7924068759942303
1.1562728131043214,2.5252479214388406
1.0,5.99231021888279
