alpha,s
1.1804375751929814,0.0
1.049472209066847,0.09680271270822018
1.0743691885713214,0.30116037322886996
1.0228714041432379,0.7924068759942303
1.228417614501691,2.5252479214388406
1.0,5.99231021888279
