alpha,s
1.0793577347804904,0.0
1.1840780662914767,0.1797010203650048
1.1241341230309363,0.4686151085022258
1.1080742972029705,1.0099907429308201
2.231728176627399,2.685678127963453
1.0,5.991883309439237
