alpha,s
1.1577613832687492,0.0
0.8799561046586799,0.1255416813595505
0.7909641823881618,0.37589818056141355
0.6936126964380942,0.8873823484517275
0.5076468946993579,2.304060735193609
1.0,5.999105636179406
