alpha,s
1.0162945890886848,0.0
1.060972557716196,0.10798627822412031
0.9994974022742533,0.3052397836881217
1.043817926818058,0.8381517595901755
1.0626618466049824,2.608737049685517
1.0,5.999400564440112
