alpha,s
0.31696152186015375,0.0
0.484232619215367,0.10798627822412031
0.6437920403831939,0.3052397836881217
0.8830716545199806,0.8381517595901755
0.9677241282838517,2.608737049685517
1.0,5.999400564440112
