alpha,s
1.1030626098260132,0.0
0.9746499473252402,0.17759167197653078
1.0066625755129477,0.49691001412072333
0.9426949116654241,1.0686216676566005
0.5378990845855622,2.6053446551578148
1.0,5.998528378037154
