alpha,s
5.3295435531935835,0.0
1.8581683325220393,0.05583308277417568
1.3553799543887795,0.40316857397509204
1.3072447478550673,1.4959218004264163
1.8999458862396474,3.539072957709913
1.0,5.999217262297626
