alpha,s
1.1198252025437496,0.0
1.086460821461738,0.3984751546089529
1.1787118342273935,1.4207245624981846
1.0720481748266226,2.8846248750487558
0.0,4.396189967112354
1.0,5.999795945640617
