alpha,s
1.5666823607172953,0.0
1.5848976784117879,0.06710536763592546
1.2131130196707656,0.22231167621972622
0.9795816246304058,0.7851442185691124
0.0,3.017187194271925
1.0,5.97810243379088
