alpha,s
4.153447888554719,0.0
1.8212501030691424,0.01015758065687648
1.3983895304650265,0.1050215828894642
1.2308290499249435,0.5421617430405169
0.614309481325314,2.774525907988294
1.0,5.994210634465227
