alpha,s
2.5715062960755635,0.0
1.4616919958681094,0.009193837547176705
1.23554199670858,0.09828592872349307
1.3318254688551836,0.5307498698633534
0.78131606673269,2.711740828335123
1.0,5.994944466168092
