alpha,s
1.264954977070224,0.0
1.0578395596778556,0.4299720523275528
1.0182462594813173,1.4942892435293642
0.8265686749708866,2.8502949897785816
0.0,4.4580383656422935
1.0,5.999246632436552
