alpha,s
8.423296486823409,0.0
2.837294988601173,0.004987954819996521
1.7716541856093222,0.08355038586565858
1.0018730768296735,0.6073975825053544
1.242641693430344,2.967136454481335
1.0,5.988306824560743
