alpha,s
1.375738619117295,0.0
1.3128502747675836,0.06000708504397124
1.0730408771499311,0.20669300173299268
1.1096900796308427,0.7462681304446338
2.4284784013276672,2.7331269342204134
1.0,5.995194339755022
