alpha,s
1.133846238156619,0.0
1.0580287292433292,0.16989719462895525
0.9478130867848062,0.4873233398450331
1.2073344074669237,1.1369937595397073
1.0251606046555541,2.742609337728048
1.0,5.975477238592216
