alpha,s
1.0433033486164403,0.0
1.0620509012084614,0.49410758924810366
0.8707090728630024,1.3722671753498779
1.7031808463603333,2.7625500588038854
0.0,4.30128250427607
1.0,5.990278375252441
