alpha,s
1.0068052696346816,0.0
1.1352231497597023,0.3262195443140492
0.8565188457875959,1.2256026459595648
0.0,2.8018329549902132
2.3704300978143484,4.5167664228317
1.0,5.962345743337403
