alpha,s
1.0685992920312215,0.0
0.9755004734408325,0.18236584251567511
1.1147674021368634,0.479760075671627
1.0735437672455648,1.0329788219440315
1.7752670941187778,2.5635856126713787
1.0,5.997440325888324
