alpha,s
1.1674357587676127,0.0
1.1603935160192613,0.09914708700816284
1.1500319267101455,0.29804427500841946
0.9316923076846834,0.7974057531894985
1.1048529364784327,2.8075245668610056
1.0,5.995031980169604
