alpha,s
0.4149512150918075,0.0
0.5729091801892122,0.09914708700816284
0.7774186982491912,0.29804427500841946
0.7924228318168408,0.7974057531894985
0.9885282399809684,2.8075245668610056
1.0,5.995031980169604
