alpha,s
1.3908662044570128,0.0
0.978896434008922,0.43677485982939074
1.2071771693308606,1.5379979917192037
3.542709132868245,2.902309091813244
0.0,4.446341683488276
1.0,5.991759401515986
