alpha,s
1.216064560035388,0.0
0.901672838250614,0.43677485982939074
1.1284769213343162,1.5379979917192037
3.301649150613432,2.902309091813244
0.0,4.446341683488276
1.0,5.991759401515986
