alpha,s
0.5357942087236688,0.0
0.6457430696012206,0.10638265896070913
0.7968752372098558,0.3525386573956164
0.9405162795327948,0.9316162752844728
4.441186976465578,3.0001074021278114
1.0,5.968320194507566
