alpha,s
1.2843764391538033,0.0
1.1338098049290146,0.10638265896070913
1.0860482987668378,0.3525386573956164
1.0343166252249931,0.9316162752844728
4.462585767447589,3.0001074021278114
1.0,5.968320194507566
