alpha,s
1.0699130444080183,0.0
0.9374966393161346,0.15933095569686848
0.9159203744925007,0.4456892786898369
0.7599901195017443,1.0140203402361094
0.4291505916703197,2.633761636306183
1.0,5.980941546848924
