alpha,s
3.564098543501647,0.0
2.1662522563617954,0.007284535224744981
1.3863405314867596,0.06989487600425483
1.0812937401021172,0.5322321804949784
2.6458420522861745,2.6558169042828657
1.0,5.973389229349944
