alpha,s
1.0687703882919048,0.0
1.1010384370720707,0.16003621563332335
1.0828928113323661,0.4139664908173349
1.0768745776665725,0.9745726003824761
0.8130744345395653,2.745390082590822
1.0,5.991533201835322
