alpha,s
1.4690282945670394,0.0
1.2245306894288415,0.43156257535126935
1.3189054269963294,1.4881283516734032
0.0,2.7792441681569473
0.0,4.24846768009484
1.0,5.970417752012774
