alpha,s
,0.0
,0.2715129258990157
,0.6898380341420632
,1.619587768659582
,3.70086007702749
1.0,5.961767999554998
