alpha,s
1.161442095609606,0.0
1.0768253169882152,0.3968989785441779
1.1164772337753228,1.3607564628676736
1.4071459531355053,2.7342367156909746
8.532782330015173,4.3804189845091575
1.0,5.999499810967668
