alpha,s
3.898031053218448,0.0
1.8747753736462125,0.0063591205344719105
1.1912251428890013,0.07276972665966179
0.7666075254701089,0.4602482364006669
0.6158792908895051,2.426500973700828
1.0,5.996808862627963
