alpha,s
1.6757760999188105,0.0
1.4130466753054658,0.06304130826603403
1.4794320780153105,0.22993850119785575
1.2227892205152475,0.7475385351249072
0.8559590264894947,2.6039156795265965
1.0,5.977315282118802
