alpha,s
1.1528074742801533,0.0
1.2372444960534126,0.23532010362018263
1.2567466220881536,0.65022534223394
1.2580914898583242,1.6678840062759743
0.0,3.7495516790903496
1.0,5.997032577588572
