alpha,s
6.307215573697627,0.0
1.8153018366825173,0.006067076527011602
1.1892967988589864,0.07961369945747097
0.840808489643929,0.4771974503647516
1.588111604767164,2.492568778189777
1.0,5.9963639502040165
