alpha,s
1.604649032043904,0.0
1.341653916992417,0.05965603206398186
1.2472840908873084,0.2096771286393386
1.4086688067108386,0.6409706245836416
1.0998865172402146,2.7077947238147853
1.0,5.999467737119267
