alpha,s
1.0310351471665387,0.0
1.1762619658602866,0.5231188132892872
0.2032513895096424,1.6242926415265464
0.4206421282293363,3.1330534171032776
0.0,4.482791542192595
1.0,5.995000520467378
