alpha,s
1.0936356622086936,0.0
1.3315117804996248,0.5231188132892872
0.285811820499589,1.6242926415265464
0.7239472063955172,3.1330534171032776
0.0,4.482791542192595
1.0,5.995000520467378
