alpha,s
1.1605808905686343,0.0
1.1839506670722777,0.17055630602179964
1.3155012141713662,0.4544336339170805
1.3398153384653029,1.0211581435682373
1.3474462411024204,3.094901459510429
1.0,5.996803766820575
