alpha,s
0.94163689440795,0.0
0.9835501897352436,0.23685802353027044
1.0561701931714025,0.6648403553117981
0.5994608795004451,1.5905689370923797
0.618667779296207,3.6931614931138204
1.0,5.999657707306432
