alpha,s
1.0421672602434493,0.0
1.0325045621009281,0.4042010779478475
0.7341579703887476,1.368228014855182
0.7991278668696695,2.859082221052345
0.0,4.442275911092925
1.0,5.995471372923409
