alpha,s
1.4132891174268831,0.0
0.8068620998975352,0.04749702955500386
0.7846700937836515,0.3782528753593406
0.3438799393881088,1.5405260655531376
0.0,3.5709571130335016
1.0,5.997628406161082
