alpha,s
1.2810970668011235,0.0
1.0547197404750748,0.10259728431597216
1.2517205327864895,0.3185493755422107
1.358251204424636,0.8264385228515222
1.5974833238067654,2.6307686115043856
1.0,5.983320067869595
