alpha,s
4.165716071534017,0.0
1.3720626532791877,0.004242935071261962
1.1527943432610837,0.050560450733392645
1.1415728749152498,0.17535923247364357
0.9940498020835825,0.4752247469652515
1.0,4.424852157860208
