alpha,s
1.1527614754892377,0.0
0.9780251117204662,0.14168765973852426
0.9891997681746101,0.42194671529587807
1.0436654254076716,1.0088306909674718
0.6156474980759687,2.7495053962926166
1.0,5.999251940161309
