alpha,s
1.3158781201150163,0.0
1.0342388578992048,0.452493031119585
1.054437335729414,1.3900937578756531
0.7682212329149912,2.8371692244168543
3.0547894590430795,4.415147331061062
1.0,5.998424962036409
