alpha,s
1.6550047784455466,0.0
1.3238673323297623,0.43203962997307044
0.8455761456455427,1.413135935982867
1.717060165977089,2.7070734764890907
0.0,4.328021300383144
1.0,5.985853425591802
