alpha,s
1.4222022743632012,0.0
1.1571546167959277,0.43203962997307044
0.7029548357732585,1.413135935982867
1.2059092098449593,2.7070734764890907
0.0,4.328021300383144
1.0,5.985853425591802
