alpha,s
0.3260837607296415,0.0
0.2126381832159279,0.40648993726544247
0.06962695530991717,1.4667498733197861
0.04757495966265982,2.887629806145416
0.0,4.402802443621704
1.0,5.998044769061281
