alpha,s
1.0851130319186677,0.0
0.9433483082828057,0.10196277736801848
0.7481791974154416,0.35009158911762495
0.6703973372232045,1.1533993650227188
1.0723742749651946,2.8842225519148967
1.0,5.90372698853433
