alpha,s
0.39394366179498763,0.0
0.4989414957767035,0.10196277736801848
0.5322540166096047,0.35009158911762495
0.5970574792782453,1.1533993650227188
1.0185902603444095,2.8842225519148967
1.0,5.90372698853433
