alpha,s
2.4003289240566374,0.0
1.6523108029173454,0.12344337442795732
1.3307242593469153,0.49572577845846616
1.6204035745032674,1.5998062455014936
3.682925427052058,3.6704773468117025
1.0,5.995091075811882
