alpha,s
1.173964123763589,0.0
0.9885282705818461,0.4106729112380749
0.9000074292091144,1.4339765658123858
0.8612397636862326,2.803510338980464
8.908381606004614,4.46843724906614
1.0,5.994702647338537
