alpha,s
1.2931182566244543,0.0
1.0161345448813757,0.4106729112380749
0.9076346822296031,1.4339765658123858
0.8591470868578717,2.803510338980464
8.926636982885817,4.46843724906614
1.0,5.994702647338537
