alpha,s
1.0452141481417443,0.0
0.9792297458134701,0.2722254639596545
0.9972422239251725,0.6841527589311399
0.8786212181545201,1.3744382082335804
0.9334771266833513,3.017463238044766
1.0,5.998300601555684
