alpha,s
1.0449038945569615,0.0
0.9753627174488734,0.28072190846383904
1.0350179571053677,0.696581781732991
0.9836957387815399,1.3718151719562304
0.9182668515073805,2.9810558562283394
1.0,5.999611123994403
