alpha,s
0.8454547463262884,0.0
1.0230630013191429,0.10000573065616203
0.8797075115904726,0.2719042285300682
1.249678063524948,0.782010881596667
0.0,2.835424533366647
1.0,5.948082697220924
