alpha,s
1.1375360040151645,0.0
1.1498388287963812,0.18068473038691651
1.0036164477971443,0.4731007203235468
0.9235491303905089,1.1233128936950647
0.8051010667443159,2.964614919033737
1.0,5.9990378657098615
