alpha,s
1.1098288085557964,0.0
1.2280064386512584,0.10819602873492243
1.1161664737895696,0.3023128334145354
1.0408415608552177,0.8333873136382919
1.1081011060568378,2.715349908878553
1.0,5.999677279686948
