alpha,s
1.0699473797920576,0.0
0.9723226352193368,0.17752354182607638
1.0633482260298264,0.47451560704519447
1.1892028430315,1.0265705558928224
1.53177293218699,2.852972179556066
1.0,5.996512130222153
