alpha,s
1.4457038705334893,0.0
1.0790344292581562,0.36106831837952363
1.7796421338686246,1.3689275806665357
0.8767160536377749,2.683410848900365
0.0,4.344384783092051
1.0,5.986875465050268
