alpha,s
3.211846675250836,0.0
1.8317883522001472,0.007381427102741062
1.321596202069673,0.07717574129004325
1.1734068633132406,0.5222751828420343
0.8298730133410337,2.6818616364089998
1.0,5.995804325942354
