alpha,s
1.1343220097871465,0.0
1.1143519683359606,0.15790906657440232
1.0893064205105598,0.4352433850915306
1.1689003158476643,1.0372867881518264
1.3922401576242915,2.8375322829983487
1.0,5.998724874340079
