alpha,s
1.390874843406319,0.0
1.1941213947806104,0.05922641827489156
1.0645671274806057,0.2197067048534907
1.0895049422699081,0.7600118285081127
1.2830570493785136,2.8280961352907217
1.0,5.994034081431833
