alpha,s
1.0397080370491119,0.0
0.954565410005273,0.43760530386478197
0.8640962718233443,1.4123891340895178
1.0662198813513404,2.863174883188553
27.50459700693504,4.454135130414601
1.0,5.9999769346903005
