alpha,s
0.8446313109776533,0.0
0.8537802276317327,0.2010758950226448
1.0537587620111735,0.5252098530562785
0.9969217199873682,1.1269427606592208
1.3441129074143885,2.642933995874991
1.0,5.991140152872466
