alpha,s
4.928571736900081,0.0
1.3657478030687948,0.00408040222071852
1.1251465777385108,0.050416226850317866
1.0547453613237063,0.16917519282916035
0.9169246414364733,0.47479744871620494
1.0,4.980269443795029
