alpha,s
1.014546059696175,0.0
1.0752007618032922,0.15996209201601277
0.943606128521178,0.4141548932970263
0.8124856718753435,0.9937786565545295
0.45532066208707234,2.68715613494237
1.0,5.983819160255657
