alpha,s
1.0275868782997193,0.0
1.1604448836289085,0.19289217873095862
0.9787537018931546,0.47609753097334234
0.959075933963007,1.1384678494014497
1.0658500475490376,2.8336523748797497
1.0,5.999564300144225
