alpha,s
0.9733146815118585,0.0
1.033178779295757,0.4718555579501713
0.8635723935909857,1.478823762290341
0.4023969467626558,2.7880519419355068
0.0,4.424235712955328
1.0,5.99836542041765
