alpha,s
1.3960828071637412,0.0
1.1915160042935267,0.45241831006941624
0.5766463465858016,1.3733061477735429
0.5434529974704464,2.64716353655101
15.656601694975233,4.107769217097876
1.0,5.995455584922951
