alpha,s
0.9055662955349656,0.0
1.1350079558752033,0.2321745274184885
1.2997755496180001,0.5667115419813158
1.3064829242354237,1.2435588469837071
3.005575211905614,3.376936804042001
1.0,5.994534855530722
