alpha,s
0.9253824927308272,0.0
0.9877482560054432,0.4926355397262311
0.8278224620173557,1.4380048780818269
0.550716533105446,2.787243390525183
3.8250955566295293,4.354730917549659
1.0,5.990970498814232
