alpha,s
1.0306230975868875,0.0
0.9915373848500248,0.15954806994749848
1.1167500628124176,0.43555233115440023
1.031068730664627,0.9160469709612084
1.4270969660815116,2.6259914303266267
1.0,5.993471080855023
