alpha,s
1.1086211087389617,0.0
1.0731357423105792,0.4369871902033333
0.646579866723399,1.3430558678017013
0.8971238957147921,2.60905827177765
0.0,4.310013924593074
1.0,5.999891027689197
