alpha,s
1.297455340308752,0.0
1.2166361445987177,0.4369871902033333
0.7737747388894374,1.3430558678017013
1.170060616608686,2.60905827177765
0.0,4.310013924593074
1.0,5.999891027689197
