alpha,s
0.9484371923334244,0.0
0.9936494760672995,0.19537400878960695
1.0034308838527695,0.48626401817986575
0.9610962674650119,1.0428773005547152
1.3256144674447956,2.6992308268448584
1.0,5.998293853220199
