alpha,s
1.4844786747028609,0.0
1.0018918268860957,0.04875260485136773
1.053834867324624,0.3671724989495761
0.9474209930265196,1.3830723625197676
2.785786034712139,3.6579553371511953
1.0,5.978452935989928
