alpha,s
1.2569904889636214,0.0
1.2275003514927882,0.09825740349197451
1.0756313883655129,0.28703409873558283
1.2018775782522513,0.810475272787012
1.8105841564790044,2.50758596476454
1.0,5.999936733675709
