alpha,s
1.0894461639462825,0.0
1.0811032288650466,0.43775178780339363
1.0759545970161788,1.3820189477954
0.9919577218769045,2.9221548583361474
1.3200116863298108,4.439624929614131
1.0,5.999598190115034
