alpha,s
2.365142677856606,0.0
1.432587576606343,0.00848680980650252
0.994944974402227,0.09105022158199258
1.0225417194560893,0.5921362893761315
0.5406652171615842,2.629073991392243
1.0,5.9976726573533945
