alpha,s
0.5094224776217396,0.0
0.6467323920359161,0.10207909227518377
0.6545395823146484,0.27065368426785236
1.0376633383715148,0.7622493300515663
0.6751560930202373,2.730410532874108
1.0,5.992604456828145
