alpha,s
1.1978216727071216,0.0
1.200455164315809,0.10207909227518377
0.951845643090655,0.27065368426785236
1.225723174536768,0.7622493300515663
0.8557501518705006,2.730410532874108
1.0,5.992604456828145
