alpha,s
1.2511245374731021,0.0
1.255857550713659,0.06594972214293124
1.2250044333246142,0.211452123541111
1.0973414480042945,0.6516936124913263
1.3981730359450515,2.58105771622263
1.0,5.996123456128764
