alpha,s
1.3718200338939726,0.0
1.2133796178043401,0.07105669548317467
1.1462302335092633,0.25796194688900365
1.0568425119205227,0.8015188593342746
1.055017851804111,2.7836463838926035
1.0,5.996774684234845
