alpha,s
1.0992993911174291,0.0
1.0358144362218402,0.17864763646903065
1.0296912075554103,0.48067689173186856
0.9033996826054876,1.0818072164015504
1.0918646722999388,2.8959938964951126
1.0,5.998909538167982
