alpha,s
1.0891016799456306,0.0
1.0754234293211846,0.10394535099196309
1.048525490539894,0.30620394886494806
0.8919302598793242,0.8134227278647893
0.8682155000232095,2.583916323434617
1.0,5.998244958396064
