alpha,s
1.6416444115313462,0.0
1.113941517519639,0.3301812334409434
1.1585167725496877,1.3053135288251496
3.861628644430793,2.872787174995141
0.0,4.416781922611681
1.0,5.998977102909214
