alpha,s
0.4311254857380243,0.0
0.2626434338900316,0.35235006981287104
0.16949632572036827,1.4091547969351534
0.02923391912305817,2.8544806441166326
0.0,4.400580689690091
1.0,5.999801386982507
