alpha,s
1.2817331978158992,0.0
0.9798651885136949,0.052990361255049
1.1039237798819692,0.408113334035529
0.8244736164283617,1.4988992336930274
0.1784050678989065,3.6444473743768784
1.0,5.995972233102584
