alpha,s
1.0469152394893775,0.0
1.1028880048042449,0.07386502082701789
0.9476665992797239,0.23907526453126454
0.7431542732234343,0.9118534201624965
0.3882219009976837,3.199257956412049
1.0,5.997564857624876
