alpha,s
0.9374986610436984,0.0
1.2263475536480573,0.2614325728521257
1.0984335383185355,0.657350638618329
1.1231959064635766,1.7246936284063756
4.557309393403277,3.558031790374896
1.0,5.983105178523413
