alpha,s
1.23466181353509,0.0
1.3762342571916484,0.4984198318420902
1.288069744546806,1.3684623833678318
4.076723229641968,2.758455333746324
0.0,4.468574251813746
1.0,5.981625632343354
