alpha,s
1.084585673844581,0.0
1.0292037646476,0.17579739087964175
1.1778290146261883,0.4651216782380741
0.9145707393222556,1.0358656408137041
1.6012622748499563,2.678509265917188
1.0,5.917352664882361
