alpha,s
0.9353146897566221,0.0
1.0534528380494637,0.17155416149130684
0.9272732324466343,0.4198833869746382
1.072014301670934,0.9937673236448797
1.3275692202177114,2.7798627981810915
1.0,5.990739552924256
