alpha,s
1.1232257549123332,0.0
0.9218053431381472,0.15850071693697715
1.1357681319905044,0.4455686047085787
1.429659834003279,0.931375127841264
2.279754253648858,2.498761976185647
1.0,5.978567964580826
