alpha,s
1.184052555514301,0.0
1.2255583938986407,0.16603164920020577
1.1060061628599296,0.43493278831755666
1.216274556782196,1.0852591134850398
1.413397709496109,3.0275312115745465
1.0,5.99947847966622
