alpha,s
1.1003252214855264,0.0
1.070274970459563,0.11135802357488664
1.1346497464679004,0.3308970454246569
1.0119596356367355,0.8615148654189253
1.667038129310545,2.7864626980593012
1.0,5.985652469402353
