alpha,s
1.585064209256175,0.0
1.0835273121153175,0.009834184769039
0.8092407255620175,0.10415914740008633
0.5904855015928694,0.6413573558293717
0.1763852454323097,2.5058526878857443
1.0,5.991594317481518
