alpha,s
1.4951751655996435,0.0
1.077436321941951,0.4630145360841182
1.206621389067359,1.6165886303828032
2.332585070950997,3.1316583908805526
0.0,4.699206092244281
1.0,5.993277860483059
