alpha,s
1.1349424197367963,0.0
1.0871239792380663,0.1299966292000813
1.0992775909907646,0.4933878083996465
1.2276654035267833,1.479453762670222
32.76728713681599,3.554015810582356
1.0,5.9937634951354255
