alpha,s
1.0259449881378029,0.0
1.04237577771148,0.451297916546649
0.28871826102678066,1.5574591096968686
0.5077312953641393,2.7456345651072396
0.0,4.333021509298779
1.0,5.990660350824558
