alpha,s
0.36791546486947085,0.0
0.5102411410897455,0.10974449553841722
0.7249925072999365,0.33602810837785585
0.9223554060016935,0.8786737568307743
1.5254630793731283,2.677733167217525
1.0,5.9915540365400615
