alpha,s
1.2218342757483707,0.0
1.129312299339298,0.17369610145718334
1.0719561719263984,0.46996136432445945
1.330644566793294,0.9938291967221635
0.8380653887640039,2.6149632312728954
1.0,5.991458970330124
