alpha,s
1.2008271661414747,0.0
0.9412357730358643,0.358110625161163
1.659791422828213,1.243645642832229
3.0145019769571073,2.53528158355967
0.0,4.296003023104695
1.0,5.985721860290075
