alpha,s
4.09213709250292,0.0
1.460191595207585,0.007714611901026001
1.0152482055578214,0.1151366107499328
0.8137285668281478,0.6216534524961018
0.9514806466425334,2.9695001753523775
1.0,5.987434167858632
