alpha,s
1.1697644395821092,0.0
0.7793941815196487,0.37491218146649385
0.42458846590727045,1.3541667415448302
0.18818068730192825,2.9188700004298993
0.0,4.478437222535333
1.0,5.999839386591089
