alpha,s
1.5786060593330358,0.0
1.0060521803360936,0.4067324241827717
1.650648635550957,1.4925075096995266
5.686107946391136,2.82943767946266
0.0,4.440490834746871
1.0,5.999807796826409
