alpha,s
1.4952723523525902,0.0
1.0696932183208487,0.3832944345281225
1.2896370434490767,1.342569598512612
5.04793435679752,2.74888734552794
0.0,4.414266539864763
1.0,5.99883700612066
