alpha,s
1.2631364662806084,0.0
1.0605301884101883,0.26045519944319107
1.160507944013903,0.6752247283086906
1.2109174724049534,1.3335955853921961
3.1995623131870508,2.7451101708660297
1.0,5.979690007366748
