alpha,s
0.6490406826366362,0.0
0.4341870940488851,0.41482346916697266
0.27905789944542736,1.4235668781814583
0.0,2.814434018465695
0.0,4.447047779270447
1.0,5.997830577986714
