alpha,s
1.4164436008413626,0.0
1.642647982154445,0.07164965070447611
1.5584872936044276,0.1989881047034319
1.1326376208588982,0.528991443641277
1.013025426299127,2.253730407329674
1.0,5.98785318398944
