alpha,s
0.37329868101227,0.0
0.43948316328908593,0.1095777775568541
0.6720382968322565,0.3265452659680273
0.8301082152480864,0.8390222565037478
0.4591754293511989,2.4958997889972636
1.0,5.993315282002331
