alpha,s
1.0218074528524692,0.0
1.0104495021596744,0.22810839309661524
1.0107491810763962,0.6740158187447206
1.072156523337573,1.7556433081742318
2.4938425825263226,3.760058236014943
1.0,5.998034321996839
