alpha,s
1.1520023804683348,0.0
1.1112782343792666,0.4011520187569245
0.7509127137026796,1.3017334150658415
0.4198532838916739,2.875650279017183
0.0,4.379049649805246
1.0,5.969763370248255
