alpha,s
1.4634272581492491,0.0
1.0838532558315712,0.37317091103788935
1.0499214305974232,1.3125241963235692
2.149400407384314,2.713212033868061
0.0,4.328231250681616
1.0,5.998721553878267
