alpha,s
1.1403970089924462,0.0
1.0994525795181307,0.25499207420966297
1.0096784950298137,0.6399799451124193
1.0775521683731029,1.3671804947414707
1.459826744688971,3.121682492124425
1.0,5.999276555531072
