alpha,s
5.54522255220601,0.0
1.2949729889551043,0.011792909516381546
1.3125940333987147,0.1384854164981391
0.9545368278842792,0.5858898014980795
1.7618839929474088,2.6928367868065157
1.0,5.985049185441856
