alpha,s
0.9710050540055144,0.0
1.0432268030955667,0.25213038870717697
0.8408653568822234,0.6960198570430497
1.3097773961726238,1.8096258063906407
1.378140737977111,3.566183842429756
1.0,5.98991343332208
