alpha,s
1.132409638083004,0.0
1.083389560886607,0.18316349887598227
1.080442250483783,0.48158034169249775
1.1692011292456996,1.1026812516629778
1.2398920158000561,2.9248904879883764
1.0,5.999960215426464
