alpha,s
1.0681763012020318,0.0
0.9483636400048021,0.22728460470837453
1.0540949746599415,0.6983803995462725
1.2410649475029705,1.6314451991854118
5.525998598193971,3.6059948877132073
1.0,5.996442622644949
