alpha,s
1.0505731553570001,0.0
1.0771233543239664,0.258972730842587
1.0172134015718404,0.7041617088283199
0.8064304308395884,1.6514746341247657
0.0,3.618242319334161
1.0,5.970232759172143
