alpha,s
1.3146995780174697,0.0
1.112807592912311,0.16502903899948884
0.9369134114089936,0.4882800136038977
0.6969578212881091,1.2459693043860989
0.4708272561489454,3.0949401025770706
1.0,5.949996554114176
