alpha,s
1.2397981329739387,0.0
1.4054393497726976,0.18165063096697773
1.0293198922114453,0.4718987764646704
1.2051651257583023,1.0572115475665105
1.540732676834326,2.5660478106635045
1.0,5.976128755169329
