alpha,s
0.9898143114857659,0.0
0.861237649055721,0.5487432003965186
1.4003406144235238,1.4526803168956621
2.3163163243292972,2.9033772692180855
0.0,4.321844366687677
1.0,5.970500371492396
