alpha,s
3.902643884848225,0.0
1.3966771079046425,0.0054984968148484
1.004859643300508,0.0502563591743518
1.132483689872482,0.18593813934993697
1.0661726532622904,0.4925082885521079
1.0,4.861742307437988
