alpha,s
1.0277272515443931,0.0
1.0517633631641328,0.2350244960688141
0.9983152433646771,0.6609596523765321
1.0294194657573899,1.622866900218656
1.7227024684044854,3.583620822661031
1.0,5.996674198509254
