alpha,s
0.34327447324882804,0.0
0.28837143528752857,0.3614496086781192
0.09821829587282978,1.3035720715179007
0.03638310202461032,2.8096938272322425
0.0,4.329278532379645
1.0,5.991319830203729
