alpha,s
1.409867775293748,0.0
1.2587996524080174,0.053879956900076104
0.9068615048204649,0.3501432394536788
0.8769663897798247,1.64787767237318
0.7040324287730492,3.61892674679154
1.0,5.977574369541449
