alpha,s
1.0867279992382903,0.0
1.0413648013968115,0.26814698902043194
1.1468759347563584,0.6770288487994104
1.3867675001305664,1.3470358808922391
3.0334433497189557,3.205418452363274
1.0,5.976281585061056
