alpha,s
1.0937186336648526,0.0
1.0454728525557007,0.2370836170393224
1.003037234207661,0.6846161579962801
1.0669572613746352,1.7413250429360223
2.28511399962561,3.6486730938574294
1.0,5.989210531599419
