alpha,s
1.0307989181537962,0.0
1.107089362313273,0.19897198842445626
1.0244324558144147,0.6097677363055904
0.6755889704875556,1.540256949789
1.250860381311285,3.5656650649791404
1.0,5.973919740033363
