alpha,s
0.9446257893556333,0.0
1.0539172977792066,0.18585630260074493
1.153416908166208,0.4595409374341898
1.2277293256039385,1.0541110569933136
1.4361809114585498,2.951760817306361
1.0,5.967243417585875
