alpha,s
1.4124460422678338,0.0
1.1437124217115238,0.12301790895836681
1.3713321222602104,0.4029573784010388
1.4154575688451179,0.9543667185258667
4.191332508272257,2.517828090165586
1.0,5.907666722054583
