alpha,s
0.988513056186665,0.0
1.0550947384798761,0.19668432898439378
1.0847079338800392,0.5032429899036437
1.0164246430616102,1.1674670569077217
1.4203179903554706,2.9231345599538163
1.0,5.995371590621071
