alpha,s
0.96024484098791,0.0
1.0529653931587326,0.2551409841741428
1.1424922915716882,0.6916142600069218
1.0764024954374922,1.5682109080564264
0.981567512709201,3.6211523040839073
1.0,5.99768922895692
