alpha,s
0.9250687770242983,0.0
1.0820837788985884,0.2780322792262032
1.326194516573159,0.6515488020752211
1.2119332233137188,1.2000498588912851
1.8467910408776853,2.534722834823231
1.0,5.986949106882029
