alpha,s
1.128002729355005,0.0
0.8141223800248869,0.4430099867628377
0.6293404032528115,1.4461030920741038
0.6342646928307613,2.838615502614562
0.0,4.47316473380136
1.0,5.966856761895418
