alpha,s
1.388792804760094,0.0
1.06475456659971,0.5339242309689411
1.2893429195205945,1.5468899628683868
11.675894002461428,2.9462177301810044
0.0,4.57285217195032
1.0,5.995488152819434
