alpha,s
1.1946882540296808,0.0
1.068716034065455,0.06601839095165028
1.0616475708135358,0.2261807345382113
0.9983549564378003,0.6994102409541617
0.3027040368725414,2.6944811732560976
1.0,5.999680545785051
