alpha,s
1.3516756193353838,0.0
1.0525638071679535,0.4385422618008392
1.0488302210246823,1.4404981690823115
0.8993379185253134,2.8235797333103405
6.877013579918998,4.421565953954
1.0,5.998089268936185
