alpha,s
1.2413661926788255,0.0
1.340309998165549,0.48012558783771847
1.0700097166293283,1.5315299812616063
12.609532846349564,3.1076723775704367
0.0,4.516117196107926
1.0,5.99953529908537
