alpha,s
1.089825861046191,0.0
1.4085890728786197,0.17964387946666371
1.1214541426076552,0.41927831876780647
0.8669234973387131,0.9840743401181069
1.2903374280372004,2.9137383567824373
1.0,5.984153527303048
