alpha,s
1.0799429051299565,0.0
0.8204587667152772,0.320872191509856
0.4387020137219092,1.4597496102370748
0.146587855677279,2.7201787766494467
0.0,4.236805091061875
1.0,5.99882973263151
