alpha,s
0.7545238523419435,0.0
0.7670769749900829,0.5606707739811451
0.7706106046362339,1.5951526486312677
0.4271805402467773,2.95135865130564
0.0,4.349412618206157
1.0,5.9884984166428605
