alpha,s
1.094430853955072,0.0
0.5056434551477279,0.5101025109412535
0.3043905236332515,1.6461156752255042
0.0,3.0036374506103245
0.2621774704591183,4.453277358500193
1.0,5.963203552558563
