alpha,s
2.965517918877662,0.0
1.4448244420134486,0.012275446784586197
1.407039732961209,0.1175372697338127
1.1856160837404275,0.6018537008150422
1.6768172923469813,2.80063351257151
1.0,5.954274517797082
