alpha,s
1.4888545658450785,0.0
0.9236806017429412,0.05921810860064066
0.9548382062685111,0.4548079114160095
0.7567487135424446,1.5801166806108207
0.0,3.9521208305888678
1.0,5.989984452989803
