alpha,s
1.0852244130535578,0.0
1.067526524216996,0.20603524147609942
1.5423574395011872,0.5092122702433103
1.6512603116319755,1.015313174775555
0.5678893898931424,2.7549611076971288
1.0,5.995248593416807
