alpha,s
1.0359863069737976,0.0
0.8593198778713123,0.3690294216336304
0.9563765044184052,1.2056332206703266
0.29567625359498906,2.787884595034583
0.0,4.218442766333842
1.0,5.986999125179341
