alpha,s
1.1844360316883988,0.0
0.9065051004183875,0.3522083069647328
0.7299471631919502,1.2361245938811765
0.78631033947247,2.686055330475057
5.135662009606403,4.374914905384186
1.0,5.9784232976697815
