alpha,s
1.0595822720526589,0.0
0.7996585422292791,0.501707550393906
1.1012074730647463,1.5171631292264265
1.4401152905198717,2.883160162819646
0.0,4.326084769495235
1.0,5.996132467863774
