alpha,s
1.6212303091361775,0.0
1.254532935741354,0.4273242872717465
1.347538031841541,1.442811912218423
1.7121867740710133,2.8424623194317356
0.0,4.470717718315089
1.0,5.988765084171332
