alpha,s
1.0675503429121083,0.0
1.0580783426762213,0.1835824162146584
1.0305120646995025,0.4732879806387401
0.9657082856468353,1.0521408354744026
0.9479285160199649,2.735394292178099
1.0,5.992197517877976
