alpha,s
1.1253778785161113,0.0
1.0098790892845837,0.14615061273697288
0.9169543361993503,0.4023825869806281
0.743493318912038,0.8941077970556555
1.0197925651419595,2.5755326815659307
1.0,5.977891954211063
