alpha,s
1.1312498083796325,0.0
1.0627022883150357,0.1610698145009431
1.0264208514299327,0.4425828040478906
0.9412743129562285,1.0814331715759617
0.8333131831467607,2.8007752165359627
1.0,5.996935291562867
