alpha,s
1.3100225960527867,0.0
1.104474372330054,0.403272325887143
0.7805229768116779,1.3860243229913793
0.8701418629007538,2.7307134033410723
0.0,4.277402674354877
1.0,5.995483141469555
