alpha,s
2.1765518107111808,0.0
1.3923351152053345,0.008251754105693301
1.0493114646284403,0.0856008207383036
1.0304762477415454,0.6231948214149358
0.9798173156732193,2.789692758433191
1.0,5.992228912994263
