alpha,s
0.9636603268205134,0.0
1.0559480062284863,0.16232520613635446
1.1012245659108566,0.42090521621988264
1.1200056282949857,1.011221050809032
1.4207397631651586,2.820985118641506
1.0,5.999502639887871
