alpha,s
1.1070946047595749,0.0
0.9020634678577454,0.06263238687332301
0.9056272232563735,0.23896797666775157
0.8020193970121059,0.7502553724513956
1.2368639436083344,2.4404733389340834
1.0,5.997721537020611
