alpha,s
0.5653447126279333,0.0
0.29540471225775283,0.31927427860358554
0.056743575568439626,1.5044229302157182
0.0,3.0899576240976905
0.0,4.446565411187267
1.0,5.999405589302173
