alpha,s
1.144846678105761,0.0
1.0747224794505108,0.2370836170393224
1.0127100195667862,0.6846161579962801
1.0713618600143817,1.7413250429360223
2.2476039248923967,3.6486730938574294
1.0,5.989210531599419
