alpha,s
2.6328725703297784,0.0
1.4950546932981525,0.008894750442378543
1.2873512762541592,0.09757457867651441
1.0920609979248155,0.590928692439473
1.489784705089318,2.7216579775143788
1.0,5.998705227972924
