alpha,s
0.7140158592503868,0.0
0.7606096412325797,0.23084619175974383
0.7955173663984572,0.568917798038354
0.755149701180424,1.1830140451249265
0.19036211541999903,2.58822773269532
1.0,5.99257401680063
