alpha,s
0.989135991543093,0.0
1.195026366282337,0.3878173860454991
0.8051011100528971,1.2017358044845527
0.0,2.6108874374244175
0.7182125639362885,4.084697748593492
1.0,5.966272720531057
