alpha,s
1.0996810150846679,0.0
1.1005124948770908,0.42146657534136706
0.8428852788378443,1.3834828217165547
0.5218515111048276,2.7976474592875062
0.47496059582501693,4.41586300365898
1.0,5.995576633210321
