alpha,s
1.3278063295151106,0.0
1.1073403478163852,0.1522984235423689
1.2980479160912526,0.4574372708677285
0.8101714464744746,0.912947132369382
3.0262945360958313,2.7108814382851225
1.0,5.96319220845906
