alpha,s
1.550519560510999,0.0
1.139807063687682,0.059852968191750136
1.0023480177792217,0.43024113844135675
0.802486886894073,1.5761807857002368
1.4589790133812304,3.673944824750646
1.0,5.995526914142716
