alpha,s
3.391640790448729,0.0
1.345160237969125,0.00524877348031008
1.188025396785565,0.0512343745275623
0.9625238675749707,0.16249173084195373
0.9287852911376779,0.497614746871834
1.0,4.608661105838519
