alpha,s
1.2443346092429384,0.0
0.9680318612517875,0.5203689661100015
1.2547156127678807,1.5824903384785403
9.514750335031582,3.0178590886424184
0.0,4.456895696899168
1.0,5.996469828617975
