alpha,s
1.6233009175815711,0.0
1.2412210389109712,0.4753944939015684
1.3275868316844273,1.6191049781905873
0.0,2.997408027344648
0.0,4.557052835902981
1.0,5.998708146790172
