alpha,s
0.5452375827615518,0.0
0.6351056725275561,0.10746989464476059
0.7320965411437635,0.3585710443956941
0.9209292555390518,1.002691707033872
0.40599112950960276,2.933893812113945
1.0,5.983120641027741
