alpha,s
1.3643353236310178,0.0
1.1443712060701159,0.061765403197181885
1.1548472475817824,0.2322815488111913
1.0378991785559073,0.7281504940973841
1.0539150654564684,2.698686912131773
1.0,5.999567109804477
