alpha,s
1.2808609401057383,0.0
1.0013036767386336,0.40656365096030944
1.1687296197464299,1.386916623883984
1.971628079067311,2.825499879459047
0.0,4.396482756608249
1.0,5.980682723931919
