alpha,s
1.0107013474901787,0.0
1.0878755195945187,0.2780181836678857
0.9694499258102893,0.6694161750764981
1.0151020022688477,1.3635795251242342
2.005337491684794,2.834595766546856
1.0,5.958834847160003
