alpha,s
1.2044249533198463,0.0
1.454828019324973,0.10667010491442679
0.9748686127088154,0.2693271072862754
0.9980247337003754,0.7811734866435532
2.4007714087525125,2.5931985122791543
1.0,5.979876766749045
