alpha,s
0.9100295908229931,0.0
0.6471640727271966,0.3719071232513827
0.30201356754306374,1.2820345776023476
0.15335211047521158,2.6680721726856578
0.09359658009018182,4.40842844607487
1.0,5.996356243583343
