alpha,s
1.370450092090946,0.0
1.1500819854133082,0.4614936349249419
0.993322455195263,1.4508733552104156
0.7622086148482614,2.8166367053959602
3.966225983103952,4.422548152725717
1.0,5.998401053208826
