alpha,s
2.2509670621941966,0.0
1.3014785163965883,0.008434091865107442
0.90534921941322,0.09270656878736087
0.6577841702623171,0.6138733858987435
0.34497565208988085,2.6838471772892687
1.0,5.983238461591982
