alpha,s
6.633512319394182,0.0
1.7501627558808845,0.044597348588549704
1.2259366757148775,0.39791557335474176
1.157984298688278,1.5358149904733986
0.9337893429130806,3.6159470349359926
1.0,5.985750096732589
