alpha,s
0.8594569949361318,0.0
0.8994530288600012,0.18258018285775804
0.9594279324121302,0.4782728144639304
0.6512187077115614,1.0496117793168038
0.10056842892426898,2.6478741109109856
1.0,5.949035256859686
