alpha,s
1.0053083389007815,0.0
0.9934036474438945,0.24166171671603756
1.4327065287589211,0.6510697482459596
0.8918206457356693,1.669496938362727
2.085759997432161,3.5467550731890616
1.0,5.982178960269838
