alpha,s
0.9067607882364618,0.0
0.7862445395672177,0.4066146883263899
0.3899055327327356,1.3788511685683842
0.11543615575244708,2.8664924733724715
0.0,4.433086084844524
1.0,5.997426435963089
