alpha,s
1.0264318549491003,0.0
1.0087577315493914,0.5745719559556886
0.5820634385974011,1.462438152926497
10.216662059698663,3.073469809094758
0.0,4.299965199672257
1.0,5.954654588952101
