alpha,s
1.006257351226023,0.0
1.0890531398313212,0.2817110228955244
0.9720080499675514,0.6478881947077342
1.0237645781047713,1.3194761138582685
1.2435257465078842,2.839974606064327
1.0,5.991930354413394
