alpha,s
0.5160080557899194,0.0
0.3517652251854752,0.43800299141249815
0.2137247096337239,1.41563823777774
0.07812583646714097,2.794864670958294
0.0,4.2666879894317
1.0,5.996465942665566
