alpha,s
0.9114761893945028,0.0
1.1793599276965032,0.21412285141787335
1.0443494124804085,0.5027436579658333
1.0253430563070365,1.1779417755002384
2.0035067184222966,3.063700365813111
1.0,5.998006729585288
