alpha,s
0.9686010507261856,0.0
0.8206688452978673,0.16902192231557936
1.2542640318925729,0.4562639186657973
1.3429000862279932,0.899544336807571
1.4210054883584478,2.597638535727846
1.0,5.9445941345937605
