alpha,s
2.4602439513789425,0.0
1.554371813019427,0.012561909348890826
1.309715037886394,0.10902304712867658
1.2295622630852532,0.6099793626083369
1.304164913544724,2.6399936177452417
1.0,5.966735097159626
