alpha,s
0.7500208228478961,0.0
0.530207428338687,0.42433510672458913
0.22314161312685749,1.4397470137239594
0.06724534591094873,2.8922556767741767
0.0,4.506650476821986
1.0,5.998791795892823
