alpha,s
2.9678091046593336,0.0
1.6849937249178129,0.010033459366564882
1.458792259069754,0.1092292865827752
0.9572055307770261,0.545277774650527
2.6527409734359018,2.9812736558935304
1.0,5.993909030570366
