alpha,s
1.0382127252430926,0.0
1.0989631790180905,0.11395973388370603
1.05269489850789,0.3230483554335004
1.0858378992661177,0.8247697902210256
0.4756664414243722,2.5356878398309255
1.0,5.997523036361285
