alpha,s
0.6954014217754078,0.0
0.5839418365806608,0.4279412357999485
0.23887601276015513,1.3548101852433776
0.10820585294803046,2.6956205558413195
0.0,4.240392355049741
1.0,5.9999536275706005
