alpha,s
3.3577370376288433,0.0
1.815106777171385,0.00858012728443242
1.470171701175995,0.07875584072105597
1.1818659671038327,0.44244581042471787
1.2722042439910073,2.5467043901434647
1.0,5.928519068678619
