alpha,s
1.0448257656406155,0.0
1.0691469983543056,0.1774540842858078
1.0743692565659018,0.4657299526855993
0.9400840958157427,1.0278675518912996
0.4175545393331254,2.836004514168283
1.0,5.999186453024904
