alpha,s
1.1047823595966417,0.0
1.1416798154320595,0.17201056432526038
1.4078315767645007,0.43914633525127006
1.2163110892415907,1.052190514502442
0.2947163602697392,2.8758473891701386
1.0,5.997253690662353
