alpha,s
1.2299272910790873,0.0
0.9187965027256038,0.361866479742416
0.6827786103576201,1.397149258048747
1.9066861938336144,2.6954022804466375
0.0,4.180007204582777
1.0,5.990498735925731
