alpha,s
1.5000171961878175,0.0
1.023425384722772,0.361866479742416
0.7624924772706337,1.397149258048747
2.310113359688599,2.6954022804466375
0.0,4.180007204582777
1.0,5.990498735925731
