alpha,s
0.5080004949607186,0.0
0.6720882630355158,0.1295214510072459
0.8489059270461092,0.3746829506015433
0.73254466458531,1.03702878522184
1.9874679964455295,2.9314748475732206
1.0,5.997263603065021
