alpha,s
1.4545904989475378,0.0
0.8054500545639206,0.41602135907064935
1.9511527553595776,1.4216860793599717
0.0,2.9396421878468195
0.0,4.465181119872245
1.0,5.983174701651089
