alpha,s
0.9520649296490384,0.0
0.9769888381542963,0.17838574555518175
0.9862613969341795,0.4410280491469845
0.8838822019126336,0.9012615802576402
0.8136899557322296,2.1998634073911982
1.0,5.997828663138479
