alpha,s
0.9490593193285589,0.0
0.7950755744182084,0.43016623806078336
0.6193405550399168,1.3784437032663284
0.29771194684448565,2.7608884132041833
0.11703699289182394,4.384296632022511
1.0,5.998593104385001
