alpha,s
1.436836903433158,0.0
1.1335180883878815,0.43016623806078336
1.1451102659140058,1.3784437032663284
1.0515032768445107,2.7608884132041833
0.8103666945931658,4.384296632022511
1.0,5.998593104385001
