alpha,s
1.0876396611098693,0.0
1.0952146625777541,0.15619666735086984
0.8553915384801716,0.3706700699561369
0.7398716748607113,0.9626082606246036
1.0864794300396061,2.6496258591376383
1.0,5.932555468495546
