alpha,s
0.2134379742964346,0.0
0.39856942194806805,0.10880578950766973
0.4661862321440709,0.2840753721438179
0.7574230397290971,0.8293781406248628
0.34204373978221836,2.651001134577452
1.0,5.988519576429552
