alpha,s
1.3036719522272768,0.0
1.6528212814503989,0.4847837521092077
0.8726984875927173,1.3014104181351374
3.239596902758785,2.805100665206693
0.0,4.375330451019302
1.0,5.997558244764739
