alpha,s
0.8103692679161741,0.0
0.42889227086835086,0.5112557929216632
0.16305573374608912,1.610959163509186
0.0,2.89661096216953
0.0,4.418377626198009
1.0,5.997112108230447
