alpha,s
0.9494651413080204,0.0
1.0248320609351664,0.18720932434446833
1.049259682360724,0.4589798881657039
0.9429033367011529,1.009253989082335
0.6063741215697943,2.761849586618865
1.0,5.98702286354632
