alpha,s
1.2297354588368277,0.0
1.1929783858495162,0.06479401792321768
1.085878652712664,0.22152883594421896
0.8271978513543221,0.7527680294971852
0.43314753260308103,2.710532756314657
1.0,5.998132991172083
