alpha,s
1.054774973544233,0.0
1.05656743319548,0.18664052169426626
1.0860412400951018,0.4736279678489278
1.0746042527795854,1.067516926004651
0.5578775076551484,3.125460298474133
1.0,5.9880482613846855
