alpha,s
3.388086230610239,0.0
1.6530702904752654,0.009650277648947924
1.1786588281034283,0.09743096465451452
1.0322261442097949,0.5862079252804516
1.318150061811362,2.6928217602523805
1.0,5.999075088689382
