alpha,s
1.2282877586310608,0.0
1.3028204892019823,0.40458161560585093
1.8337726129479885,1.1993874901302892
37.591798758841826,2.526326433444422
0.0,4.277546626434722
1.0,5.998172751465444
