alpha,s
1.14800758811086,0.0
1.115674727118918,0.19814797360156303
1.1932650571404302,0.4962017658347559
1.2312894179678426,1.1133377174014893
2.0117505247660747,2.9165471353903816
1.0,5.972066873891889
