alpha,s
1.316979334172499,0.0
0.9781960733109477,0.23606734251731779
1.151655716220775,0.6504788126070873
1.1268477268494608,1.3390814564828226
2.5055378731228912,2.964813930326834
1.0,5.934382622605672
