alpha,s
1.2358151946244171,0.0
1.1820497465573838,0.06917666283442643
1.052009080780953,0.2297843280232392
0.960704082344261,0.7853082891293944
0.5755311346378426,2.9705363156159956
1.0,5.992664380926978
