alpha,s
1.073389193518989,0.0
1.0305041632425271,0.4475372372277009
1.4365650000810253,1.4513032854253016
0.977276816918324,2.8553100532955433
4.31552639231264,4.371461905515511
1.0,5.998963477480443
