alpha,s
3.098662562010603,0.0
1.6349789437742341,0.00690447185589264
1.2506109029804884,0.08304693223819062
1.3568530074461718,0.5663564876512781
3.402969743242059,2.6495319945570857
1.0,5.998617672180125
