alpha,s
1.0334967441231215,0.0
1.1046808310169662,0.24866975979581254
1.0551428451811289,0.6698912853924779
1.169234371570072,1.688902769088215
2.184864555682544,3.5670316726154727
1.0,5.994343774209929
