alpha,s
1.0842019984397215,0.0
1.0239263965793297,0.1909070954137326
1.2543831124312577,0.5196313787530239
1.2767002505907452,1.1137505969963755
1.4912675259719113,3.1497380870148852
1.0,5.995420010282989
