alpha,s
1.3128668741155511,0.0
1.2165826550058794,0.06423300706077194
1.258174324886448,0.22695811737308258
0.9206138272893964,0.6983609007809596
1.2617314640525414,2.665862147210097
1.0,5.999719658076984
