alpha,s
1.0039968540508453,0.0
1.2724443135594456,0.19184052645705338
1.2793948621271793,0.4545780181094915
1.885705379208022,0.9828458953337973
0.9337425339145876,2.566464110672009
1.0,5.988796595159404
