alpha,s
1.1465687735760646,0.0
1.0715799463042286,0.4237078631628005
1.4163417814482637,1.3647701193826407
2.4398179029819778,2.7781432568521134
0.0,4.387921571707255
1.0,5.993226612680717
