alpha,s
1.1354008733158873,0.0
1.1203620019996603,0.1104951333741431
1.0458116471234509,0.33446101094211383
1.0489016604397592,0.9079363326281384
1.0641523518500258,2.7899554907497026
1.0,5.995120072160573
