alpha,s
1.1830535292740239,0.0
1.171662075038365,0.0599404957863258
1.1472946998033613,0.20586833789379283
0.8390547902741642,0.7083457790556976
1.5021991847450635,2.595864288085572
1.0,5.952084261621906
