alpha,s
1.0576350649121007,0.0
1.0191288042197675,0.2342173510866968
1.0367317754360748,0.7006488160211756
1.1199080797680367,1.617015622084894
1.0905714833007223,3.620746888288552
1.0,5.99700427776362
