alpha,s
1.0553816558963665,0.0
1.0885363155194085,0.16893659528344282
1.0736192494073316,0.4449316326657665
0.9509571395545613,1.0309554554815394
1.0215112205730401,2.8678265830768237
1.0,5.994399491225344
