alpha,s
1.2303268747098126,0.0
1.108148728849964,0.09653339114770058
1.0995614770273934,0.31114782621140613
1.0467585817466847,0.8595245963132748
1.7359965253175742,2.758063682532571
1.0,5.99506167012229
