alpha,s
1.1844554042185549,0.0
1.0669093539910806,0.16911859374765692
1.2317151231976204,0.4636314683372434
0.9111388184882709,1.12799099928314
0.0,2.8095095061877773
1.0,5.986442410172959
