alpha,s
3.297544336514682,0.0
1.6982177704132653,0.009089920675265442
1.2971264605475226,0.09475327461767409
1.2369093852056792,0.658726388997773
0.45223060414131816,3.0000450480884666
1.0,5.99828672905393
