alpha,s
1.0181627564023437,0.0
1.0291141809145041,0.431761881767408
1.3828060516115879,1.40068170344772
11.567936086554473,2.787156042247313
0.0,4.431296244408206
1.0,5.994464753163374
