alpha,s
1.08936663197604,0.0
1.0044816790284208,0.46451690089564973
1.0046442936978521,1.4882390983875946
2.786535039492762,2.953757054520405
0.0,4.500794318711848
1.0,5.994357896963691
