alpha,s
5.991181083025719,0.0
2.052472138288458,0.047019330162287404
1.3760230350181657,0.3491627300760298
1.414892861493586,1.4649607572771228
7.23380747098155,3.620771242305478
1.0,5.999769503518467
