alpha,s
1.0400142110172204,0.0
1.0261970903836144,0.443377148158461
0.8277147573636731,1.3517000791069975
0.8806838287608282,2.8055895102623203
0.0,4.399151886481852
1.0,5.998975945060474
