alpha,s
0.9648488916269766,0.0
0.7388386004921956,0.4392131001061048
0.7036189503543011,1.407078387916435
0.7924574453315092,2.6957937518973427
3.026764405976184,4.31839084613971
1.0,5.998071021827802
