alpha,s
1.0904833139129362,0.0
1.2916454604031093,0.15302769856288412
1.0973358323011868,0.35984666009076477
1.137770559787557,0.9106456755057709
1.711809339820378,2.7480557463384083
1.0,5.998419712258707
