alpha,s
1.2121459510339831,0.0
1.1557325556585862,0.43673742983817593
1.3467250186672184,1.3652449076144628
2.0510438809183764,2.813813765301453
0.0,4.385349056171832
1.0,5.996309781561109
