alpha,s
1.0850828521125575,0.0
1.163322055299238,0.16346540371296778
1.0650403058628357,0.4264118067985453
1.057029496634127,1.0162024386905733
1.5417612840230708,2.7467678967318236
1.0,5.997158744377196
