alpha,s
4.145486606769649,0.0
1.4322094587136411,0.00865548120191362
1.2993758746568091,0.12040090904817985
1.280728827325954,0.5935520744189408
44.08398632547059,2.718286280952159
1.0,5.919219803887793
