alpha,s
0.30592266600494344,0.0
0.5315405524670425,0.11162234187335217
0.6977362773632133,0.29081269980312235
0.6084858626005478,0.8135938064658657
1.2550810233256684,2.6170893960262323
1.0,5.990678413368976
