alpha,s
0.9863448961639918,0.0
1.1819494452434787,0.11162234187335217
1.0919908738326398,0.29081269980312235
0.7301267006016207,0.8135938064658657
1.3855838214858567,2.6170893960262323
1.0,5.990678413368976
