alpha,s
1.241247421881956,0.0
1.142569499169591,0.053219060465278724
1.2020724048765594,0.19930507455921642
0.9778028515609908,0.5784141536226557
0.190551668840469,2.9394682121868723
1.0,5.88791966284554
