alpha,s
0.5638354493636151,0.0
0.4008746884403856,0.4035830792499133
0.167300343980312,1.427980924860452
0.013603071985023403,2.9399759459651524
0.0,4.48939954896167
1.0,5.9985309765305335
