alpha,s
1.19986390848022,0.0
0.722007936920332,0.28655721849778215
0.46217583143780394,1.2068779960382168
0.20949633498977616,2.711997108021138
0.0,4.320512817471678
1.0,5.991742979091766
