alpha,s
1.0413021444778687,0.0
1.224908919755271,0.19032074588831918
1.1261675645026428,0.46072598563992057
1.2037839169616575,1.0618263273692803
1.1181950533870502,2.7976014545173156
1.0,5.997432025501201
