alpha,s
1.0743689022837961,0.0
1.2167867802292913,0.1769754824938918
0.9837472577208806,0.4509931150390858
1.2323154224372097,1.110478707193557
2.3168391362837464,3.035185625772583
1.0,5.992558090880804
