alpha,s
1.076307898238758,0.0
0.9833990708603276,0.1590201332707276
1.142331892526121,0.44759330624906185
1.0076327267801886,0.9610794355798216
0.7977948630814634,2.572412130387037
1.0,5.981761681913231
