alpha,s
1.635516352547048,0.0
1.3345291105466974,0.059839820051270726
1.4071150962076853,0.2288602582036635
1.0180795695841796,0.6352458419611464
2.8207599834140162,2.541533762689386
1.0,5.991789154920808
