alpha,s
0.9276612429178608,0.0
0.9667575988963929,0.2704546153700699
1.5440683398458714,0.6843721621135287
1.0910743783728132,1.1651433943656002
0.46889458737442186,2.8183021967995696
1.0,5.96838960732946
