alpha,s
1.072000899162939,0.0
1.0406733286645746,0.15819904238317975
1.0344244500885105,0.4422253076717684
1.0537056458474343,1.0442502738757269
0.7122201580943229,2.855498405459688
1.0,5.991090685524355
