alpha,s
0.9624699927087124,0.0
1.0110228400539272,0.3044832934203396
1.015843751544159,0.7210215867038099
1.029643439281991,1.3914922711458149
0.9821673389507716,2.934892321248513
1.0,5.992741344369023
