alpha,s
3.387042334648203,0.0
1.7900616396202702,0.00703015691581366
1.439237201311434,0.0833585387710709
0.9485814404996726,0.5931840260609296
0.7434677985844556,2.6426503473573386
1.0,5.998337533251275
