alpha,s
1.3764816019727313,0.0
0.7332311203007115,0.36174454966848335
0.7982322973450543,1.3079786503347288
2.700770268322869,2.6314162457076202
0.0,4.157069666032473
1.0,5.9642293967214215
