alpha,s
1.1241217487821027,0.0
1.0765685808687384,0.2444774348014466
1.2463348622607846,0.6118318122983523
1.4242238835996606,1.2334592044273043
1.4525961852966163,2.8320752609632667
1.0,5.974893732831837
