alpha,s
0.4091054426703318,0.0
0.5739653519223148,0.09769431697625693
0.6937810246948661,0.29324792005060546
0.8374192340732265,0.8260223312557573
0.604434141960637,2.7535014019896815
1.0,5.999025309699774
