alpha,s
1.4801230435076804,0.0
1.1843116766353323,0.4526302452939078
1.1733006035618003,1.4631054727561088
0.7508605215296013,2.9263583645606634
1.5012557579777561,4.494522170878716
1.0,5.998162085147959
