alpha,s
1.2817364942390677,0.0
1.039637714201481,0.4526302452939078
0.9494319051833537,1.4631054727561088
0.5053205403669153,2.9263583645606634
0.6232381579311471,4.494522170878716
1.0,5.998162085147959
