alpha,s
0.6328139738894147,0.0
0.90222034959574,0.1383592338745851
1.1094360063240722,0.36204631311100627
1.0235020336929541,0.8162843247643594
0.2042627218799862,2.6464179961714223
1.0,5.987195759628097
