alpha,s
1.2291013513298092,0.0
0.9758644249763619,0.4513908494515854
1.073751370344307,1.4010113789759344
1.7377603982610907,2.9100527692055507
0.0,4.308067287202498
1.0,5.995758963819289
