alpha,s
1.382768100616415,0.0
1.1276768455616157,0.42155820638659436
1.0248585429824015,1.3994809969585305
2.599834042206989,2.844314093537901
0.0,4.437121402375776
1.0,5.998959404314155
