alpha,s
1.0686529507243436,0.0
1.2164488280650263,0.19972050036566377
1.1550358128883813,0.4848134563696807
1.1476325895414385,1.1095308789004352
1.120965803746738,2.6628919372678133
1.0,5.980003378681984
