alpha,s
1.3487215166719229,0.0
1.2743764723846471,0.1155317013533095
1.5441467192064162,0.3517911673184987
1.401395585007626,0.9010624442778649
112.77745504365545,2.840389850953872
1.0,5.989032960454418
