alpha,s
0.854918708481428,0.0
0.39439608425806005,0.36224924025094263
0.1238587244634232,1.2624156250308471
0.032269733084643606,2.563098805290897
0.0,4.127365555317979
1.0,5.996222965319819
