alpha,s
1.0014388074196576,0.0
0.9755268060022263,0.28837527524683
1.0094031087172919,0.6950097126904116
0.9292875563441201,1.3516135040650952
0.8983422315481772,2.907096798470099
1.0,5.989831843175328
