alpha,s
1.2778082889508682,0.0
1.2304303060385753,0.09519561189966193
1.1730562566063951,0.2774159247529429
0.9975702187669873,0.7481956332481188
1.2436038188194414,2.7681765866916503
1.0,5.995958065284429
