alpha,s
0.6743781668827019,0.0
0.39829163382060934,0.04918440521240701
0.29423927752857737,0.4407027246704369
0.08562338667920277,1.543663178274147
0.0051475161927212265,3.561193012475556
1.0,5.9879094670701845
