alpha,s
3.735529861034583,0.0
1.6374823251487194,0.004882287412880922
1.1369669701453788,0.04112461104878309
0.9749137808002558,0.16137582738655767
1.0060400226751778,0.5132997715842408
1.0,4.030669869508386
