alpha,s
1.8543719324671724,0.0
1.2007895402639548,0.3727131081807732
1.05710089464298,1.3888952400634824
1.5403752054985858,2.902384862943767
0.0,4.440164606770554
1.0,5.999598035292282
