alpha,s
1.1428109242050797,0.0
1.0213879019296639,0.4603668847079757
1.0132103538976858,1.451597551491888
1.107476873343482,2.805112354910265
23.306278868323894,4.395246008917366
1.0,5.998727805879163
