alpha,s
0.661881299034433,0.0
0.3619708882109022,0.39142552175712747
0.19681423432325673,1.447144357812089
0.029600713513465455,2.802042657827988
0.0,4.369194700684115
1.0,5.99414678716171
