alpha,s
1.4459861811914865,0.0
1.232672649596767,0.17175748653391645
1.0399930692756048,0.4963987835474956
0.990995657962602,1.1751064623522272
0.7401317250701616,2.9116581717522254
1.0,5.983864204289365
