alpha,s
1.0135878622978682,0.0
0.9491946134128016,0.44151680541951166
1.2191831675640643,1.326007631695421
0.1846125069604315,2.672009760989385
0.0,4.374071623061739
1.0,5.994895319145571
