alpha,s
1.367509616891508,0.0
1.1509219350874567,0.44151680541951166
1.5911476591606524,1.326007631695421
0.3890382503935257,2.672009760989385
0.0,4.374071623061739
1.0,5.994895319145571
