alpha,s
1.6068126011152755,0.0
1.3389594883401754,0.05441726865147003
0.9939277708808646,0.4222503975764337
0.8447595319951158,1.630096581178078
147.22405633867123,3.7808685945452893
1.0,5.965897896125922
