alpha,s
1.2245542728355576,0.0
0.9236361861437724,0.193374152308177
0.9851163673164625,0.6925773264048458
1.0381909997286785,1.6935733989547967
1.7374943045695876,3.8645036419499372
1.0,5.9930111908819566
