alpha,s
0.895030151995548,0.0
1.1456207621755221,0.21444353807245087
1.0425030869583523,0.4845125489288553
1.2099628466789267,1.1033486817866267
1.6227191723946988,2.6110071479631416
1.0,5.984482668928418
