alpha,s
1.7281072717149817,0.0
1.6993101806158022,0.34124698967464706
3.206469752202823,1.2551791127246452
0.0,2.8279004622279897
0.0,4.2798936728232775
1.0,5.976128175194743
