alpha,s
1.024510201925479,0.0
0.9997847738845715,0.28305693140610927
1.0145159781143576,0.6836620301810981
1.0268177434965564,1.3944314230949693
0.7175189308169907,2.978650379067528
1.0,5.986257610724483
