alpha,s
0.8081750808691588,0.0
0.7153918992857304,0.4578414173482493
0.44486813267432024,1.4426825534205123
0.07942250151099459,2.8786781532925265
0.0,4.396999769314362
1.0,5.99524598671664
