alpha,s
1.1607692011826323,0.0
1.0038488271546024,0.14350738544552658
1.036856479129138,0.4117200060898245
0.6092429982893023,0.9327217147934173
0.32453746804901323,2.5208176589489186
1.0,5.9991902478145125
