alpha,s
1.2696619126202284,0.0
1.090924200860537,0.15444806467153022
1.2881458926625284,0.457262863134413
1.1170019784347522,1.045381297523475
6.582947294380006,2.8442252696933004
1.0,5.970974250955695
