alpha,s
1.651145829077857,0.0
1.4786934181842033,0.06324687774028688
1.3138484034341964,0.22887155325450795
1.0633007359262237,0.7731038427799419
18.000647813463935,2.9605836140208597
1.0,5.98716798415742
