alpha,s
0.4208118660615469,0.0
0.3033914342487197,0.054977726049487925
0.18772231843870807,0.3726832065617584
0.051199754042958893,1.3755486773693681
0.007955224985205577,3.506457355079826
1.0,5.992771514617036
