alpha,s
0.37643170550190863,0.0
0.5511691471526142,0.1201212764127402
0.7707414566206875,0.347911559760686
1.0259215224054905,0.8719799315077614
1.5556997297227912,2.9956363830243555
1.0,5.988756829888748
