alpha,s
1.301467778422339,0.0
1.2425452700179938,0.06530883089759472
1.1338639469909095,0.22004175826649822
1.057589971148972,0.6857084441106259
1.0435041516436399,2.720878344071362
1.0,5.99810814390683
