alpha,s
0.9448989911574079,0.0
1.084575329380194,0.2069514722775772
1.1373263899992376,0.5015949456020143
1.1711116448703787,1.090353862334589
1.5814899480732105,2.8254241450416426
1.0,5.996286395689716
