alpha,s
1.0499365985218614,0.0
0.953158489101628,0.4614037826474645
0.8962451933322366,1.4606563601226987
0.6722905825770159,2.864606734877672
0.0,4.478045235070021
1.0,5.999553041570033
