alpha,s
1.4146429527635598,0.0
1.2238378104867709,0.15282145240442288
1.1595174896365328,0.42184113005549284
1.1147016564360828,0.9965652053657751
1.3533828920176878,2.5370429916609893
1.0,5.968098088958268
