alpha,s
1.0487711766234633,0.0
1.0938677821699887,0.1114482405426649
1.0527169908945584,0.3215163197359579
1.0694976125519677,0.8713559633909486
1.4842501232464191,2.8367345914188875
1.0,5.995758258853687
