alpha,s
0.3611712041383288,0.0
0.5321883379879431,0.1114482405426649
0.7050833362473888,0.3215163197359579
0.9154533274524189,0.8713559633909486
1.3576608417468954,2.8367345914188875
1.0,5.995758258853687
