alpha,s
1.1642960862783205,0.0
1.1722345695422345,0.4865065456199581
1.1871233246354795,1.5443842492770545
3.192548826034915,3.0157407376686143
0.0,4.451495195266408
1.0,5.998111654362048
