alpha,s
1.0031457220949893,0.0
1.1104078797332189,0.28726738068926144
0.9310517179738897,0.6595146189188389
0.9996222149688282,1.3837040693131766
0.9160619553622003,2.939950071144093
1.0,5.993755162543328
