alpha,s
1.216335107031475,0.0
1.3030153456103684,0.17361912487146958
1.5627554711356575,0.46494128918137817
1.042124047612269,1.0401167647505298
6.195812798219459,3.36263087353982
1.0,5.952872514322562
