alpha,s
1.2137161799363885,0.0
1.0133631045334703,0.34731528600762845
1.1117004050433816,1.3899031918208054
0.2880868550909473,2.7609823826564894
1.937377321999299,4.399672005871364
1.0,5.997426933918258
