alpha,s
1.2370223351781686,0.0
1.2078071944526885,0.4187716160593528
1.2186216407554065,1.3549925172203352
0.3228903471685842,2.860639599467675
0.0,4.447276036605411
1.0,5.996265016896626
