alpha,s
0.4334859279311641,0.0
0.6726388388038028,0.13072512519829876
0.7877754568692893,0.3510036133244654
1.0660141158557979,1.0246539665870726
2.727135051652014,2.9660331514969474
1.0,5.987777685680699
