alpha,s
1.0374683232879003,0.0
0.9905290920606824,0.11174548956655543
1.0376442027331825,0.3297736608996145
1.1743001861634592,0.8669655030257506
1.3022542666791421,2.833776046419359
1.0,5.997216026178226
