alpha,s
3.9308263272586736,0.0
1.590459582888603,0.007653172877543062
1.232249248622349,0.0989975054147336
1.159643244864341,0.6753017396431954
1.8150691028301174,2.638170556350107
1.0,5.963690970256378
