alpha,s
1.32029078768855,0.0
1.3206487192350576,0.39544952341914086
0.9850041787890871,1.3368233715852325
1.954974205021008,2.8531010812478015
0.0,4.405012166846625
1.0,5.9841991483133645
