alpha,s
0.9837264228043809,0.0
0.9690518324015277,0.28223637717011696
0.9906983186490965,0.689375412268145
0.9907591551547424,1.378248811886249
1.228115502454371,2.9000144529997334
1.0,5.999242493720307
