alpha,s
1.1786656717327202,0.0
0.8390827756602354,0.46179617347116375
0.7981235763324999,1.387213225789277
0.6454669511687526,2.7536872337173404
8.50912433017407,4.32893601705875
1.0,5.997351834575884
