alpha,s
0.6261168151502602,0.0
0.2875142100528738,0.40473428123806643
0.10910029218020921,1.4783360535575005
0.052150219399805846,2.939267054746971
0.0,4.516730600609146
1.0,5.984671825098133
