alpha,s
1.4678771109421045,0.0
1.1727764816429787,0.4373145711508491
0.7346524501699069,1.298218172569691
4.046785055833821,2.9542081941178937
0.0,4.353173584417077
1.0,5.999259907536572
