alpha,s
0.34278358437860107,0.0
0.47275835971559266,0.10515427600444656
0.6515966405516737,0.29921683964216295
0.6389010754794715,0.8017711324757316
0.19528539824064703,2.5407453246253886
1.0,5.955717213651653
