alpha,s
3.7570725941346335,0.0
1.390379366531462,0.004435040736413622
0.9490233669155456,0.0471572804714016
1.022245142001915,0.1912930608301212
1.0425247807695361,0.527756369642314
1.0,3.769059160013608
