alpha,s
1.216394000472051,0.0
1.1298053311549416,0.4363820021349156
0.9347012969567926,1.3431152160865205
2.610594513242015,2.853222347693912
0.0,4.4847514106158295
1.0,5.998523860857459
