alpha,s
0.9561301208091083,0.0
0.8587805827223869,0.18961060965743734
1.021852720107081,0.49169172664943167
0.9221562225142891,1.0313335305533284
1.7620729212437085,2.5490672979867597
1.0,5.975584270730263
