alpha,s
1.272862801478306,0.0
1.35459929331634,0.06524756393001913
1.010794066698766,0.21893996420424844
1.0612455813798594,0.9150311975680705
0.4919174219221683,3.0147147071447282
1.0,5.996761409773496
