alpha,s
1.3625164424031548,0.0
1.0059929522336302,0.05766874321871152
1.00519441488338,0.22873626687912058
0.9939734776326822,0.759376073044928
0.6893681793870319,3.078743876068858
1.0,5.963603664339187
