alpha,s
0.933706529391171,0.0
1.0298707722884295,0.3407434320801734
1.2359770152793437,0.7711161391766684
1.5246190413158984,1.4525142441892525
2.3189008143761547,2.976431610001686
1.0,5.99309548174511
