alpha,s
0.2333876508302603,0.0
0.33734173116017485,0.09449892999957685
0.4677515494326194,0.27763581277936317
0.6178470867553495,0.724280451781225
0.9241101263833621,2.3023287956345513
1.0,5.987366662871388
