alpha,s
0.8948466907623358,0.0
0.861946474040565,0.3014240740063717
1.021470476425855,0.7238109107605455
0.9834496524336962,1.3525090850456007
2.4406518444266867,2.7863102776903674
1.0,5.994172874289991
