alpha,s
1.410160479891126,0.0
1.4882956402632497,0.48077100703852266
1.6423520686849806,1.5294818174787617
0.9124914167983188,2.827233480679271
0.0,4.4365766250475405
1.0,5.992700463727288
