alpha,s
4.23324275091784,0.0
1.786758267012937,0.00607890599090188
1.3531888181176666,0.07087394370267308
0.7329543549003684,0.4841808295120655
0.0,2.760761869862976
1.0,5.968516890856593
