alpha,s
1.5248813250539257,0.0
1.5273031290682189,0.3307154466691412
1.332236135890476,1.2075210989446432
4.850768302263243,2.7496654974393144
0.0,4.344854948344283
1.0,5.996228997779867
