alpha,s
1.0826124835072108,0.0
1.0263309994049343,0.4530088163793597
1.005623151920326,1.4847252732843768
1.9953615556846807,2.923552093882839
0.0,4.412925898165179
1.0,5.9996556687198686
