alpha,s
1.0742395900395114,0.0
1.0044168126558457,0.27535175388946626
0.9979859668365609,0.6742798384457036
1.0256689304683344,1.339356863832087
1.5216408395121264,2.9767656890281224
1.0,5.993756310879602
