alpha,s
1.2938418271118441,0.0
1.2802305714459257,0.10289229426021095
1.0499355542280455,0.2987779879730109
1.153925757670128,0.9645623527447296
2.4408823626149965,2.668942149412982
1.0,5.9626404022044905
