alpha,s
0.4168326778072762,0.0
0.5709143049554678,0.10289229426021095
0.6167487249169,0.2987779879730109
0.6837399432412947,0.9645623527447296
0.09984650707051868,2.668942149412982
1.0,5.9626404022044905
