alpha,s
1.117181365954199,0.0
0.9972520387222085,0.1731791024650052
1.0646795238814502,0.4696950959613273
0.8642751684817186,1.036921505058883
0.9175977208752514,2.899293311940443
1.0,5.987015007781043
