alpha,s
0.9469325431668046,0.0
0.9613258722790051,0.2589119427968821
1.148163666268181,0.7343441227354476
0.9513174891802384,1.8071758386139065
0.0,3.851236421461107
1.0,5.996307524798236
