alpha,s
1.55895893897076,0.0
1.1555311720248047,0.3764909043210346
1.5941201095379107,1.3347760054705957
7.245433692811848,2.7274416104724777
0.0,4.3206516094953935
1.0,5.997136439442581
