alpha,s
1.0165236964070372,0.0
1.0553678387280896,0.19343543222398135
1.1202040863728513,0.49699935422058783
0.931270223398151,1.063207584375049
0.7802746092639227,2.941116775606341
1.0,5.993595844453883
