alpha,s
1.1239902953574294,0.0
0.9173529317556005,0.17235018085268777
0.9861236981536974,0.5018884178619473
0.9916358068368148,1.099471891717151
2.1156178652053743,2.5504263291872538
1.0,5.912133446795419
