alpha,s
0.9423437881576547,0.0
1.0127388955429975,0.4138972373179076
0.5298303242521369,1.211568102318026
0.3754251887812446,2.6617687192310084
0.0,4.214002425006755
1.0,5.996424419676631
