alpha,s
1.1958483020559818,0.0
1.306388447966959,0.4138972373179076
0.8463129677854686,1.211568102318026
0.8690626661778967,2.6617687192310084
0.0,4.214002425006755
1.0,5.996424419676631
