alpha,s
1.5061037925513336,0.0
1.0073088379319135,0.36399100913688437
1.475785101103927,1.294555450643713
2.9369847487273937,2.6978197345789887
0.0,4.410257258971302
1.0,5.981304214782994
