alpha,s
1.2654417071176256,0.0
1.1800995337945963,0.1572085387846671
1.5406154478176792,0.4497110817416469
0.8185540472114613,0.8876034859333779
0.7233927389645619,2.761938704860053
1.0,5.993318024739479
