alpha,s
6.587741160987163,0.0
1.9611206635574558,0.04725100608952638
1.5906588479604495,0.3888130231355968
1.4242061232890226,1.550615199198074
2.025944766060766,3.605876882935929
1.0,5.997541984365423
