alpha,s
1.5601578151866327,0.0
1.0577719877286769,0.05205451902976108
0.9649701453315702,0.43276453394712117
0.8901314584180043,1.5095920905871365
3.004931544432733,3.5636753508219177
1.0,5.994525768462314
