alpha,s
1.0856743259789576,0.0
1.0812753425860981,0.22284503451212476
1.1535030819435008,0.6666895359455556
1.1465734053781933,1.6558011320580768
1.2707541402235782,3.6727991286910213
1.0,5.999702032491102
