alpha,s
0.7830548040844512,0.0
0.8681541514320424,0.1318472993712396
0.6028430227174001,0.3924756745332027
0.7549406950095119,1.237064068049282
0.2729754230301407,2.8669276477803423
1.0,5.9632314798879404
