alpha,s
0.27052025697386056,0.0
0.44649164925320683,0.1318472993712396
0.4289520877899325,0.3924756745332027
0.6819832750810025,1.237064068049282
0.2979643107811362,2.8669276477803423
1.0,5.9632314798879404
