alpha,s
0.3559308883809505,0.0
0.5259794645540989,0.11291332961042182
0.6449194626593466,0.2953896621431352
0.7250555746838008,0.8038803065964463
0.48966918614426225,2.605818791983263
1.0,5.9598005714468965
