alpha,s
1.0457822530429144,0.0
1.0989970518144123,0.11291332961042182
0.9947679293459049,0.2953896621431352
0.8695192016925152,0.8038803065964463
0.5190269562347751,2.605818791983263
1.0,5.9598005714468965
