alpha,s
0.9533897353614676,0.0
1.1412778066602145,0.2950437492220136
0.9187841524370335,0.6715562380541363
1.1726527956862152,1.4639828012802998
1.4270006944071607,3.016297932259006
1.0,5.99835663243307
