alpha,s
0.8170991538776818,0.0
1.0939572827948951,0.1972449480513152
1.1722803775587973,0.45407168932419245
1.1969799495173095,0.9418244203313882
5.476350413901121,2.428666324106033
1.0,5.979662521175193
