alpha,s
3.5360490353665646,0.0
2.3691288697881276,0.007896519261854746
1.800540067980082,0.07321420235812111
1.4108770254523482,0.48047290198775316
0.0,2.739428777539033
1.0,5.996278181418596
