alpha,s
1.2153647229123277,0.0
1.0250193331310704,0.17170618072866037
0.9452217972237246,0.46077780592049755
0.7822318346169032,1.0577380756671757
0.7974797350070719,3.0296071969128042
1.0,5.9833622253905325
