alpha,s
1.5935915753227938,0.0
1.3652866248435893,0.4346789562815758
0.40558702228629023,1.4256861208479963
2.531985596060634,3.0752967436399365
0.0,4.518031334976606
1.0,5.979879060700018
