alpha,s
1.1087173608634227,0.0
1.0401371046235035,0.2301866988713599
1.005385110873991,0.7113523235205421
0.9814057646711248,1.710998803577838
1.3658406751890693,3.649603152973338
1.0,5.983909645092412
