alpha,s
0.4840770210079379,0.0
0.34875755690204013,0.04863624753284467
0.3060452403817575,0.3539948487696349
0.14656667201344875,1.3310697114817693
0.0,3.4223893429119685
1.0,5.964916937340023
