alpha,s
1.0131753094280629,0.0
1.2010678653392,0.4953593563327258
0.6720192842527577,1.4265406740335962
5.412401205722851,2.975124724783894
0.0,4.602983359045735
1.0,5.991117378718904
