alpha,s
0.9982785539991695,0.0
1.1533690640204843,0.22956173260094315
0.9788286928768166,0.6141604912037582
0.7571532568001416,1.5169564366087205
0.0,3.6255021897072393
1.0,5.946487937887786
