alpha,s
5.583933311266776,0.0
1.887790040006829,0.05206750009227563
1.2702803293220002,0.3687266297500092
1.5461019085555523,1.4899922551736227
0.6379198785137528,3.487445846442809
1.0,5.999451550110738
