alpha,s
1.5459214418171119,0.0
1.46157309445139,0.06879859109996536
1.102433237358442,0.21966358545697334
1.078025692357377,0.6783786774431754
2.3668661801844704,2.541864834544479
1.0,5.9987885272953525
