alpha,s
0.9680839146880162,0.0
0.827732647577816,0.2978369200116299
0.8470962847046279,0.7839077948798348
1.1887664272854743,1.578312921684033
0.9262023735026926,3.0667071033527913
1.0,5.984835217180667
