alpha,s
0.9941934624764514,0.0
1.0852620105790918,0.2708195525717825
1.0637913759820905,0.6791171075167381
1.0110691808546153,1.6943932089729299
0.32389310324800913,3.777101822817995
1.0,5.980964713693144
