alpha,s
1.0060676567792095,0.0
1.1040742788415188,0.1857225338060987
0.8833617360711055,0.4693162174024661
1.122648247678224,1.1163112400780617
2.184133976031863,2.7125081955372803
1.0,5.999881922996719
