alpha,s
1.1935131282013747,0.0
1.2560251079009568,0.1088415645768023
1.1443050714645102,0.30736017937051785
1.0867114610545692,0.8955375421262451
2.4300774326620016,2.8477506484601958
1.0,5.9992362728341
