alpha,s
0.6538752250439414,0.0
0.41153309694463924,0.3817687755737074
0.13220435945047276,1.385524052590343
0.020426064438244615,2.9824383693607373
0.0,4.484946687219938
1.0,5.999379132373706
