alpha,s
0.9971093491517324,0.0
0.8568851094681472,0.17938231751644695
0.8815627639286521,0.5216208687369934
0.8795543662468065,1.1664751228941146
0.2158588128252933,2.8398057616733468
1.0,5.921630247720271
