alpha,s
1.0150853062369034,0.0
0.9060440704522235,0.18429873492836052
1.0574536966135835,0.5057524644889859
0.96877690028316,1.0811631499830117
0.593298941909931,2.8613502417786236
1.0,5.997027883439759
