alpha,s
1.055643084538569,0.0
1.0753580939100411,0.18304949338730236
1.0349093768237057,0.45483029566389105
0.9059362193350879,1.1361481265787605
0.44560516644761194,3.207784571765201
1.0,5.996564714840493
