alpha,s
1.3468215764530203,0.0
1.4702906708896866,0.11948622414104357
1.3841379438459842,0.33613363623817794
1.0915375127858606,0.9879992309743079
6.8416790463777675,2.9571205358430626
1.0,5.994124205450074
