alpha,s
0.502278539934307,0.0
0.8216074761282205,0.11948622414104357
1.0395581231965585,0.33613363623817794
0.9973624013125436,0.9879992309743079
6.6800897355973925,2.9571205358430626
1.0,5.994124205450074
