alpha,s
1.0822167089959425,0.0
1.3079054309461728,0.5498948271815018
0.6329342982301798,1.5130024230503742
5.776925712008841,2.8661594059032836
0.0,4.549318802922327
1.0,5.93332396373949
