alpha,s
1.0897096025091424,0.0
1.0756252729189346,0.23700080416023034
1.1246098291500957,0.677687537272205
1.066137779480789,1.6475770350803827
0.7635963256003515,3.7034799895847814
1.0,5.999249692894352
