alpha,s
1.6271334331686544,0.0
1.6232545333279198,0.40679290571721255
1.7100235392533285,1.2383437135905941
75.3633945665311,2.8847959414465434
0.0,4.464089541998251
1.0,5.998576788149068
