alpha,s
2.0957878739692952,0.0
1.2542690482845495,0.00891786698818848
1.1578009959844213,0.10340040970094405
1.0567790090859102,0.602897673079317
0.6796579160594375,2.8170109069618574
1.0,5.989438135024386
