alpha,s
0.4752175817487412,0.0
0.6519056318943575,0.09955706605096211
0.6298464944617279,0.27480078187753726
0.7782718494444364,0.8020221947927689
0.32580168714188135,2.7624926716632974
1.0,5.919029113513258
