alpha,s
1.304951036162129,0.0
1.3409092505495388,0.09955706605096211
0.9617629328715762,0.27480078187753726
0.9589651190214181,0.8020221947927689
0.3968155262771926,2.7624926716632974
1.0,5.919029113513258
