alpha,s
2.815075807892882,0.0
1.3650325871156836,0.005518186603737121
0.9553450857138484,0.07368881025786088
1.1681712960124175,0.544184446433248
0.2150053238056915,2.4886149919505463
1.0,5.953393538288798
