alpha,s
1.103280882342709,0.0
1.1009348392897584,0.15731020496510323
1.0941024249238473,0.4267401464641984
1.0847345614443749,1.0609919676511903
1.100423334156928,2.9827741179947913
1.0,5.994613542903509
