alpha,s
0.6333551176084944,0.0
0.5180126155111558,0.40207304148161666
0.23638201481552673,1.3116399473264488
0.04585827253439272,2.7049799196080397
0.0,4.341293742246826
1.0,5.99624859151131
