alpha,s
1.107933841105441,0.0
1.1064229247364645,0.17778841932114747
1.219930595362908,0.4737404674302648
0.9820287293894505,1.1016674230010004
1.1486637550046868,2.856558455773043
1.0,5.987008806545287
