alpha,s
1.2424523772453908,0.0
1.2873191616150272,0.11978484290526652
1.2389927934800031,0.34381807052437746
1.042863811143355,0.9958888565511032
0.0,3.2238560729221657
1.0,5.921864223711787
