alpha,s
1.4451595919871278,0.0
0.9980843703795975,0.380028135490189
1.3616083089995854,1.3447629507212506
2.8295522333886756,2.8205554540036077
0.0,4.40899530050255
1.0,5.999605408433728
