alpha,s
1.0315165532733492,0.0
1.006634739086372,0.1741565190619818
1.0785894629884485,0.4742687526453285
1.15393412198661,1.0432451649335566
1.77468644296914,2.7463205190360283
1.0,5.914834953423833
