alpha,s
1.0977159558072658,0.0
1.0235817236396192,0.10373646451554216
1.0281584792967404,0.3114930431309797
1.0133413242476317,0.7717129251691429
1.796765570683284,2.3454298174449617
1.0,5.991596166186182
