alpha,s
0.3250349607534651,0.0
0.4448184362213096,0.10373646451554216
0.6125647330199955,0.3114930431309797
0.7954004183446196,0.7717129251691429
1.4723935280344398,2.3454298174449617
1.0,5.991596166186182
