alpha,s
1.2808850247140562,0.0
0.9576708607169183,0.06234664738261016
0.9789687164203466,0.515176056343641
2.0578407468073188,1.4705965837171018
0.0,3.261233332161997
1.0,5.9739422238289945
