alpha,s
0.400572675716584,0.0
0.664971308359778,0.10667010491442679
0.6120470525614403,0.2693271072862754
0.8029752403278799,0.7811734866435532
2.220318704922754,2.5931985122791543
1.0,5.979876766749045
