alpha,s
1.1808038559896676,0.0
0.8890811790193404,0.27205184652288583
0.8776729161717834,0.7355347713135215
1.124677086951841,1.5075869310352337
0.19722219818185815,3.07274129863634
1.0,5.997979609985682
