alpha,s
0.824117935097197,0.0
0.5609081655479548,0.41103495324984324
0.25037016439048837,1.4473762540489865
0.10322940613544801,2.9134722282732435
0.0,4.511384093032612
1.0,5.998484188045443
