alpha,s
1.0614026059918402,0.0
0.9658522789626994,0.1137407607525044
1.0430731598676208,0.3626130111921026
1.0932181593427732,0.9695518301867413
1.0591822828359871,2.554486937775147
1.0,5.943237373578627
