alpha,s
1.0718041128757425,0.0
1.1540426768060321,0.07337329036510808
0.9967387626565246,0.2294066186236068
0.8619890947670886,0.771103750655424
2.357106215355037,2.731398022407067
1.0,5.9990567170690206
