alpha,s
0.5674293651373594,0.0
0.35501083528229355,0.30177873954253653
0.13955666380119414,1.3004660622444921
0.13479400812725809,2.5656861280778664
0.0,4.281541552781366
1.0,5.978527575729048
