alpha,s
1.384664414250097,0.0
0.9860986058759972,0.39846117957672716
0.9261326797106945,1.4274624634042052
0.7159282473726036,2.9127971711018876
3.0139114076089877,4.419371064573172
1.0,5.998613115363413
