alpha,s
0.20672136214572776,0.0
0.14391824935854866,0.4053122488380916
0.020857524636924845,1.52198649149089
0.025445526812471482,3.009740792777205
0.0,4.523591043231083
1.0,5.9946197081051125
