alpha,s
1.0469755159691845,0.0
1.0929334896680194,0.1862098266009247
0.9682502236019932,0.47190754753278924
0.8684855235843093,1.1096284739319435
1.2274391070824215,2.883042192101901
1.0,5.995212603884381
