alpha,s
1.6101210069565761,0.0
1.2019904029744606,0.05222138524873891
0.9716139240498345,0.3839575265032757
1.171108023128289,1.5849094343405377
0.8848867032363249,3.6683075867924297
1.0,5.997836165425834
