alpha,s
0.3928632712700317,0.0
0.5704398771728922,0.11928557009772903
0.7991428172799269,0.3320708938761812
0.9349068611980502,0.8576068085084133
0.7461435158152784,2.7161237315490068
1.0,5.997151234747587
