alpha,s
0.5040804981828879,0.0
0.3230218391962224,0.49141072390276597
0.09346241275719816,1.4651234835605962
0.0,2.9314508968172195
0.0,4.457761195431201
1.0,5.991822710891708
