alpha,s
0.9075804460356939,0.0
0.6252054544632978,0.42301154096982546
0.3487810726057436,1.5482036130210812
0.0777779909897926,3.0135111016943594
0.0,4.555814129750053
1.0,5.998580703716813
