alpha,s
0.9964828237626817,0.0
1.044840963072117,0.2515591950857633
0.9998392853574913,0.6914438613262364
0.99760306803745,1.7046793672720002
1.6038305066790157,3.591468050313481
1.0,5.998376984729792
