alpha,s
0.7891212670993148,0.0
0.6274275673314403,0.42015468306318093
0.3656988071134056,1.3600761355781539
0.30539861933546153,2.9352241665580383
0.0,4.485071570027313
1.0,5.972701812452876
