alpha,s
0.7479487897323978,0.0
0.9084725812957666,0.20981533849266196
0.9998896814619422,0.5076442259647208
0.8789413297678722,1.0314244117041844
0.43005994148503585,2.481208121962506
1.0,5.974954436890413
