alpha,s
1.2730427165312845,0.0
1.0224503170988206,0.050042191463603766
0.9537431110421221,0.3859428341080798
0.9402659535906122,1.5393282021570809
0.21600465817836587,3.569044658417289
1.0,5.998863726897408
