alpha,s
1.0638961095648227,0.0
1.0075626295453832,0.10616092456251595
0.947639104289507,0.33356285878846875
0.937941433134941,0.9406875632504802
0.5626660828464055,2.8467514444193966
1.0,5.981236543659867
