alpha,s
0.4067163399332908,0.0
0.5519473023301509,0.10616092456251595
0.6933921717722372,0.33356285878846875
0.8772326134005742,0.9406875632504802
0.6741610463744374,2.8467514444193966
1.0,5.981236543659867
