alpha,s
1.1385222043400611,0.0
1.2595488068874767,0.4025200356130338
0.9651561040120452,1.3509638355207272
5.389805386317388,2.8556198561222264
0.0,4.50594797721071
1.0,5.98938830446839
