alpha,s
1.0430581848857434,0.0
1.040214433612124,0.18590726941457178
1.104799946821094,0.4885070681946681
1.1162830838202198,1.0790884136744834
1.3340480443424565,2.6810810997772205
1.0,5.981736403497264
