alpha,s
0.4126003483494252,0.0
0.46217055483681774,0.09928557542806715
0.7289046732271429,0.33460613296231023
1.0481274385090413,0.9022464136983651
2.1169641478063106,2.657298998298007
1.0,5.99382777162269
