alpha,s
1.008038846484895,0.0
1.1030832248968376,0.16868010872405595
1.0345481369322,0.42606529841197693
0.9629950295380388,1.0495797929496093
1.2324643041862655,2.8513516800332295
1.0,5.993767980243755
