alpha,s
0.956364740014786,0.0
0.9891707432060939,0.19146119787631283
0.9551911771438636,0.4747434850200256
0.9243071037067897,1.0815017294568559
0.6047928336446655,2.7688925755369906
1.0,5.994171117812918
