alpha,s
0.9722697608152335,0.0
0.9852995415263762,0.4664742147817789
0.6926497104473767,1.396808862149314
0.4462119673886024,2.861725131842549
0.0,4.378369991128026
1.0,5.998512452785974
