alpha,s
1.0836861582020023,0.0
1.1022442750019363,0.17732108397370172
0.9875375707426356,0.4535645429361701
1.0459132058177982,1.0122500619261563
1.6557406780524375,2.682399691428549
1.0,5.978473528239321
