alpha,s
1.196351062288067,0.0
1.1536005339021358,0.15052269694696482
0.9964901165174748,0.4189715202559292
1.1780254285407086,1.0240201111395624
6.73389559778046,2.588094480377687
1.0,5.935132438030037
