alpha,s
1.086718909586197,0.0
1.0614607824765496,0.06716722929342095
1.04517988408141,0.20339253013589784
0.9021990343938152,0.5852955542213344
0.3985056261383382,2.550827300601587
1.0,5.877189217776327
