alpha,s
1.042426149858645,0.0
1.1069625430329268,0.23811809970298103
1.04812037308286,0.6666702252259339
1.053360481114137,1.6606477789108873
1.296443939711015,3.683431681405158
1.0,5.994849932790936
