alpha,s
0.8764676626892572,0.0
0.7112240758052092,0.4299237474601625
1.157572012731943,1.5049550569558015
2.0302803142725616,2.846415195348155
0.0,4.305400195441721
1.0,5.998513757066496
