alpha,s
1.2685425329862943,0.0
1.107521526216304,0.16986828468621934
1.0588390699717156,0.46139571586350364
1.1381806517527826,1.0685744655503722
1.5600535309937926,2.882284586925119
1.0,5.959935911990445
