alpha,s
1.4584260655126016,0.0
1.1416045878127574,0.060312919990336986
0.9174016129300397,0.40625512831293425
0.8095512617400679,1.5532629956182875
0.0,3.7537303999057388
1.0,5.993463145096836
