alpha,s
1.0068190365431473,0.0
1.094581709197773,0.4128414844807426
1.6057811324939104,1.4991987783947045
1.7362523900139466,2.8282581234413846
0.0,4.473960936388321
1.0,5.9838856544844
