alpha,s
1.3203178737485342,0.0
1.0688221619392073,0.4418905209486411
0.908001141831838,1.483588134134745
0.397596371844434,2.948727914387659
0.0,4.515610643573079
1.0,5.996685486473118
