alpha,s
0.9704316166097893,0.0
1.016118585788895,0.4029806762021748
0.7126957044718693,1.3790140673960862
1.3327343231288695,2.937956782705986
0.0,4.400738760466621
1.0,5.9987899868842165
