alpha,s
0.984636807028842,0.0
1.010551541535123,0.19482501428286458
0.972945400018165,0.4756533972015172
1.047437066670649,1.0947125724747593
0.7349412682641672,2.7726027559043254
1.0,5.998192649931334
