alpha,s
0.4571622717457296,0.0
0.5773288600369771,0.09653339114770058
0.7792360605641627,0.31114782621140613
0.930738272519377,0.8595245963132748
1.674239754472396,2.758063682532571
1.0,5.99506167012229
