alpha,s
2.3654672787651254,0.0
1.294710553410402,0.009083361625464902
1.1515638400177466,0.09973770958329978
1.2161922536011016,0.6253528778955117
3.159970313165564,2.7187118362124156
1.0,5.976283365862314
