alpha,s
0.8927685160193707,0.0
1.0249563112595812,0.314948197193968
0.9264183481799538,0.7552928930254257
0.9429095904591913,1.5076582814220614
0.7419931640139642,3.193912860337572
1.0,5.9528962772319725
