alpha,s
1.0456566409387444,0.0
1.1333516492134466,0.24749840522464514
1.175821896863439,0.6886174300663874
1.3796294874224782,1.687967045003081
2.3737868435044422,3.6459778414536426
1.0,5.999348817612882
