alpha,s
0.34936681311881357,0.0
0.8446617870138534,0.11479119987959956
0.8904621709456698,0.24611643052614707
1.0987566119805394,0.6906148641277035
5.196642084372167,2.7154036807787354
1.0,5.995753649661683
