alpha,s
1.0672682793309902,0.0
1.082285631444397,0.1763287534029494
1.0279273187377813,0.44727246734982673
1.0388035222720324,1.0329238706482033
1.5041458224762188,2.653678131497677
1.0,5.9878451341598105
