alpha,s
1.0605283813706086,0.0
0.9925008637802774,0.15533434420806197
1.050230382093822,0.42692276158416903
1.0043664795079736,1.0193026227487263
1.4258937928390572,2.7062350575393346
1.0,5.901747863737413
