alpha,s
1.1405466744390445,0.0
1.144203359786187,0.1631505065461325
1.0561340374288644,0.4270433263847012
1.0023730270126765,1.0384765653275405
1.7845746828613513,2.8592067553156233
1.0,5.984621748302585
