alpha,s
0.9884601062410197,0.0
0.9107829925883206,0.2905113320613076
1.0359023705528088,0.7171612558184459
0.9899929134084686,1.3470877108322596
1.3697498634398206,2.764165988378226
1.0,5.854852425085212
