alpha,s
3.2451216584992193,0.0
1.4017797473549563,0.0047442840032249
0.9828749179659434,0.0457536323242631
0.9040545817372934,0.1763101012231534
1.0134104607067325,0.5441210629741547
1.0,4.180391924918898
