alpha,s
1.4920813473917507,0.0
0.933629509203352,0.048768399295143025
0.9513689380186177,0.3993038040860137
0.8227690983516012,1.4273399075641198
0.43713022395830753,3.499317446655094
1.0,5.997613814323652
