alpha,s
1.0241873627860265,0.0
1.1189903473247647,0.4648390072696407
0.9971186785876515,1.4170687041924392
0.7446535671688927,2.9160547730562403
0.0,4.408304984514043
1.0,5.996903289660208
