alpha,s
1.0816181710263917,0.0
1.102800111349993,0.15953104050411696
1.0539407352600896,0.41931076442658355
0.9051836361610391,0.9963439217423247
0.9308430560737716,2.790541046839212
1.0,5.999713341490791
