alpha,s
1.0831720834300484,0.0
1.1288880606172071,0.1543501822594278
1.1670987403501611,0.4102723259067918
1.3056165557427417,0.9586684311156691
0.789271107180268,2.5882740784496656
1.0,5.99512528055308
