alpha,s
0.8789784712558404,0.0
0.8922879998220441,0.23851474622456167
1.0846739034479596,0.7176692538501157
1.2609703062211952,1.639677463874499
0.0,3.932548327134811
1.0,5.98637191916641
