alpha,s
4.085078965716249,0.0
1.311978125223996,0.003926893677637319
1.0998091650820245,0.047583476089743594
0.9901905644209468,0.16791402025595828
0.9382466859045979,0.5115920497868153
1.0,4.238482209232706
