alpha,s
1.4429684767442257,0.0
0.9913330330871837,0.05003371240819121
0.9163194494925405,0.37963651149492206
0.8390731698526148,1.5419294628594298
1.6709914599672537,3.5635517086480832
1.0,5.996285478261939
