alpha,s
0.41401950358351386,0.0
0.5368265711299972,0.10362467025496366
0.6999899312672669,0.31572139421301193
0.9258713080378134,0.8739941955153254
0.9095816708119915,2.8679652672003653
1.0,5.997789138070078
