alpha,s
1.5159475139785255,0.0
1.356804491829195,0.3917736455112671
0.9422905691740695,1.2655825061325883
0.550932517177482,2.6314078983878346
8.879795234986998,4.26923965155434
1.0,5.996110608072961
