alpha,s
0.9904338921044437,0.0
0.9845616302437894,0.28596854852628956
0.9102065288989116,0.6773832324236825
0.9940657519513547,1.3989293987613216
0.79293628266142,2.911633916785211
1.0,5.986126247384696
