alpha,s
1.444283892345962,0.0
1.1790834489982602,0.06733022573733508
1.7443361803795023,0.23690090995596635
1.265439573704867,0.6065956548970207
8.788533648723343,2.795828460187392
1.0,5.999191626769585
