alpha,s
1.4706647659051568,0.0
1.0922378087258773,0.36503181820270486
1.3444766102890109,1.4901517871134684
0.0,3.0811903941591274
3.4818054404339205,4.52061376750557
1.0,5.955963417486775
