alpha,s
3.339508624249654,0.0
1.6608733203001578,0.010726519917752721
1.6703486403201318,0.11670850834889873
1.0921320409841428,0.5315397298048231
3.9070500342407355,2.6467344549485134
1.0,5.984225187247088
