alpha,s
0.9742589366385899,0.0
1.0303135755629138,0.2486734449724923
1.1091757298161842,0.6971933968532013
1.0058072619704121,1.636565297880147
1.8258484725133894,3.7237389467541764
1.0,5.998535338846568
