alpha,s
1.113892007483113,0.0
1.1180089463821863,0.06812768614739435
1.0600582864211723,0.22601564837646243
0.970582951568834,0.7242158172093425
0.6873179686314871,2.6073452027045865
1.0,5.998795192789782
