alpha,s
0.9742135293920582,0.0
0.8650877042894678,0.2686124325693024
0.974558009024325,0.6993955716780325
0.9472025051856304,1.374564669928195
1.1250365021394126,2.9353828774243973
1.0,5.993412879362114
