alpha,s
1.1283977791238284,0.0
0.9468218467505066,0.15447434745651387
0.9834329966322795,0.451202629282708
0.9519231735114587,0.9846768049178373
0.6099119948246347,2.6358164765607937
1.0,5.966905039693964
