alpha,s
1.4665869177072872,0.0
1.411692809722095,0.16797283719054346
1.1447148998444783,0.447891777044858
1.7822523116753997,1.1792068625994585
0.0,3.0837498176159754
1.0,5.990879070934588
