alpha,s
1.4255361406362723,0.0
1.3433683247282313,0.2442478185959595
1.2818821955944786,0.6767635175398382
1.1471171985213877,1.72665270824475
5.279807602420805,3.7185504943647634
1.0,5.995895668961682
