alpha,s
1.5540874966474785,0.0
1.0496236514905617,0.3563537601905553
1.6696777126397029,1.1511125168075995
2.0641610952620253,2.4650475664312648
0.0,4.276861802171111
1.0,5.979302023433114
