alpha,s
1.077469849137795,0.0
1.0958643402726262,0.1580592323739591
1.0537488000219175,0.4105071597613468
1.128413801381829,0.9318608458723565
0.6464831024393815,2.495810995140267
1.0,5.979457964610898
