alpha,s
0.8177444591156338,0.0
1.0434438877731647,0.30704431896585843
0.9668469902882958,0.8126108744424289
1.128067461159686,1.8779100807888947
0.0,3.6391997820625486
1.0,5.986200994430908
