alpha,s
1.1765416355929272,0.0
1.081947618510433,0.22881433154571376
1.1818137850281856,0.7407614864555802
0.9480427687267992,1.8138054801137387
3.575265027123161,3.7712339022057324
1.0,5.978840595585756
