alpha,s
1.3274354914162523,0.0
1.0490474822156421,0.1562364273717948
1.189686748049337,0.4840180507923527
1.0229005414736057,1.109961888568437
3.9466142007296483,2.858366300196017
1.0,5.989121486084096
