alpha,s
1.031215576189192,0.0
1.0439355541655158,0.24354887483701929
0.784485038293394,0.6482149966579854
0.7250994492275191,1.7788095750359745
0.9535267897235151,3.4504930820392303
1.0,5.9959289328491865
