alpha,s
1.4132628138552066,0.0
0.996220748809478,0.038747916989419304
1.0282296718334092,0.34709019794498197
1.0120898994956606,1.350184657206935
0.17313978415141504,3.454212985369239
1.0,5.9979776281092425
