alpha,s
1.0331887394210066,0.0
1.0143601766923427,0.2937911186252511
0.9881123053487461,0.7231839610221082
0.925310430121037,1.4261529576984322
1.3542329049643491,3.1738820305786484
1.0,5.993721172373787
