alpha,s
1.0721144447602946,0.0
1.0697475595145443,0.17664705484700832
1.043873618208689,0.45322073943479035
0.9848374657707538,1.0164775453223651
1.090814487911493,2.798241949432915
1.0,5.994571699629436
