alpha,s
0.34981348915891053,0.0
0.6533380567585969,0.10208160615180795
0.8070594434826973,0.25368790798202295
1.0323944536568297,0.6928770562333219
0.6365707273443889,2.401049259229869
1.0,5.9973378429053765
