alpha,s
1.352629311296287,0.0
1.647635969541366,0.10208160615180795
1.399510787894455,0.25368790798202295
1.3248228732171887,0.6928770562333219
0.7319318462574366,2.401049259229869
1.0,5.9973378429053765
