alpha,s
1.0602475506799773,0.0
0.9913212178181545,0.17524380946943538
1.1177987955396258,0.48165317497593074
1.2311751599970184,1.0627266538196878
2.5109862735540553,2.716708364229046
1.0,5.996605607602073
