alpha,s
0.7436094360081735,0.0
0.5560840404899524,0.057490611026569466
0.38747816792120204,0.3951932628017643
0.14579341842232044,1.524787071430482
0.015863535506430364,3.6619398458389423
1.0,5.996547131751659
