alpha,s
4.111724454282536,0.0
1.4607613619105193,0.0060395958770287
1.215937325347975,0.0528227333741652
1.1525154233133978,0.17624723688012642
0.9967694507207832,0.4831535661490771
1.0,3.952690089579186
