alpha,s
1.1671696444769009,0.0
1.2552744676277496,0.4029749458986845
1.249336172569614,1.4182958445255782
0.9242037038011998,2.8617150256350703
0.0,4.407462129145964
1.0,5.998888969093436
