alpha,s
3.233289913325643,0.0
1.8561654567664547,0.008592085980994544
1.1343748124420587,0.07941258355402928
0.9906279111501337,0.599789742134477
1.325994736037085,2.714419104100869
1.0,5.9867706913461785
