alpha,s
0.8053210326758172,0.0
0.48865496984473783,0.3909760865116832
0.19112131509783575,1.4214168940468872
0.0,2.871482561308628
0.0,4.411213650295693
1.0,5.965654358698662
