alpha,s
1.0904631186551244,0.0
1.0345661856201636,0.16381276929558483
0.982177414167751,0.4350706327963513
1.0619259162012982,1.0293228538722654
2.0563987409445184,2.720932286843884
1.0,5.995839508482736
