alpha,s
0.9520489215470106,0.0
1.1092392452003799,0.17573211402633063
1.0524598486225585,0.41978434585707086
1.1925614735443606,0.9423808349999666
0.8373871990804853,2.660704168313857
1.0,5.991632536327198
