alpha,s
0.9505002692396383,0.0
1.0143486160983644,0.2605699593100825
0.9731778290532329,0.7375142605667039
1.078578297281613,1.7326907528999236
0.2759063600611301,3.438796129265976
1.0,5.99655617929773
