alpha,s
1.1828186089953863,0.0
0.8027316264141399,0.4246384690986788
0.8921445954636568,1.4182442147686887
0.18603318130787183,2.8425496806674664
0.0,4.281034480636475
1.0,5.997366739434728
