alpha,s
1.0289360683575415,0.0
1.0718653479951348,0.27666081713884777
1.079808491132931,0.6554214288986353
0.9296797300792933,1.3258393861430005
0.9301016507245097,2.936167849936979
1.0,5.994566022509411
