alpha,s
1.0400966798038316,0.0
0.987292094315956,0.27061890041440956
0.9865369324436548,0.6908783539818772
1.103642427338138,1.3820491228267497
1.4929949446691766,2.9228991168947016
1.0,5.9927746283156536
