alpha,s
4.680121260202558,0.0
2.242186110924446,0.0076264435189293805
1.6347589690491062,0.0898100219152546
0.8558041257171807,0.6092539557807972
0.48589250310685184,3.1721720132470095
1.0,5.988124115904495
