alpha,s
0.9354629116878452,0.0
0.9084142480615487,0.3117321560614812
0.8671878290749676,0.7331528552314108
0.7037283235870387,1.4977764543065673
0.09980457908012118,3.0094762314986454
1.0,5.942106984457928
