alpha,s
1.1974198529212539,0.0
1.0188426211043127,0.4463746794420837
1.3357210170439708,1.4947965684839852
1.3792923357339706,2.9905183270877127
0.0,4.4276593965982975
1.0,5.998680306435377
