alpha,s
1.6190126644536704,0.0
1.181041575923561,0.4463746794420837
1.4965551519062386,1.4947965684839852
2.002317750308975,2.9905183270877127
0.0,4.4276593965982975
1.0,5.998680306435377
