alpha,s
0.7322460178868333,0.0
0.6952203400186066,0.09378796892813286
0.7578709196865587,0.3333876992741085
0.8737877147389231,1.0215145133359194
0.42540475710679465,3.3426456430769567
1.0,5.979635199422034
