alpha,s
1.8501827006740679,0.0
1.3346021709173777,0.09378796892813286
1.1023294050526546,0.3333876992741085
1.0715999375437788,1.0215145133359194
0.6871671462783749,3.3426456430769567
1.0,5.979635199422034
