alpha,s
1.2891336808700171,0.0
1.0251825639083783,0.398029182932809
0.8204567925901797,1.4088033761570617
1.0908169352182366,2.860669556066443
0.5334403647800696,4.339823530721907
1.0,5.999308537344713
