alpha,s
1.5688785598420223,0.0
1.141289030470067,0.398029182932809
0.9143897666313764,1.4088033761570617
1.28460112684398,2.860669556066443
0.6903087389397542,4.339823530721907
1.0,5.999308537344713
