alpha,s
1.158036176101181,0.0
1.2438888172581648,0.386171574959031
0.808982241830877,1.326306901131916
0.5762540876280793,2.9269700456591408
0.0,4.538238418522448
1.0,5.99985927285949
