alpha,s
1.0078319462718062,0.0
0.9699269163852239,0.18987856040440768
1.1149870757463027,0.503445533054837
1.018361993466311,1.0419467152832798
1.3069950615893478,2.8144288750754383
1.0,5.997594180811502
