alpha,s
1.1242350444699194,0.0
0.9254339181229523,0.1713680714797404
0.9103063396234922,0.5028690490819636
0.7536464792167185,1.1818491997917284
0.45933655446720345,2.9580040685222313
1.0,5.996888082010696
