alpha,s
1.0423128719839423,0.0
1.2989022922552376,0.1976400232295738
0.8770595903141772,0.4569112839696266
0.8946777884775214,1.1319373686139615
0.6270308357272383,3.0918588192626433
1.0,5.997897619672306
