alpha,s
1.3462552568286446,0.0
1.084294583443211,0.4215625969324563
1.254969637148906,1.3999398115706259
0.8054509690627366,2.761885258070636
0.0,4.354117081791492
1.0,5.99896505720476
