alpha,s
0.9515897997886988,0.0
1.038916426995657,0.17477270091058048
1.0910596546102762,0.4456507224046474
0.9868063985766476,1.0066718515932152
0.9961270431541154,2.863509353059012
1.0,5.990961121751823
