alpha,s
1.0057868398764407,0.0
1.0170761242751936,0.1089240954889369
0.9392226884438961,0.31506340809275546
0.6416147073622374,0.8906362327737247
0.1277866667988113,2.9757982800731164
1.0,5.996593914006238
