alpha,s
1.1855599195778743,0.0
1.1088937141986572,0.2086271103614009
1.124626093443475,0.6331476241640627
1.4081128777139045,1.6379922741236945
1.1721105625934862,3.5584607274206226
1.0,5.998316259666776
