alpha,s
1.0553465967476914,0.0
0.9373696805302201,0.4831915656595564
1.106439455112444,1.4592702015828125
1.0832205295836834,2.838034233253619
3.1354470400831542,4.376752804021933
1.0,5.9985586873043095
