alpha,s
0.7431505155417841,0.0
0.5705701400511255,0.051260055333744045
0.3047512013985296,0.40194741752102525
0.13330342130526807,1.7146890576841267
0.05900236865784779,3.8773546142789876
1.0,5.9902179383657375
