alpha,s
1.0537628203323626,0.0
1.013538604432452,0.18391585931540821
1.19167666034169,0.47494519733805507
1.2299944180908833,1.0515108740484733
3.319011984347569,2.918832074669366
1.0,5.950887558446359
