alpha,s
1.045336492326648,0.0
1.0681476679046797,0.18931727912007035
0.9991441112479604,0.48295750010656435
1.022643917066181,1.096087911600879
1.0698591300731533,2.8610198636353856
1.0,5.99972427484614
