alpha,s
1.3498402495029778,0.0
1.0127999593298853,0.41965459258513993
0.2827135331805126,1.5902324744775722
0.0,2.9229709429549544
0.0,4.481299877586492
1.0,5.980965501329271
