alpha,s
1.2634572439250442,0.0
1.3094288178996936,0.06172757264369092
0.967272488727179,0.19318032931614387
1.3474821232922443,0.7188806974260679
1.3835870231827072,2.1515664158225536
1.0,5.999005608001029
