alpha,s
1.0482919950849383,0.0
1.1050882136211455,0.11928557009772903
1.1576343178145538,0.3320708938761812
1.1078996757914412,0.8576068085084133
1.050995299055165,2.7161237315490068
1.0,5.997151234747587
