alpha,s
0.926569441673099,0.0
0.8484399683465343,0.29888461123062315
0.7712747904151637,0.7362177146817522
0.65383706614226,1.4644701693390987
0.5498659303786585,3.1297295300680084
1.0,5.99912358455648
