alpha,s
2.162304309758393,0.0
1.6664478845750792,0.010009537531186746
1.3536418476607017,0.08808059946267068
0.8285496438485711,0.5226351301123562
0.39049365020475496,2.64934764383818
1.0,5.9822112409712735
