alpha,s
1.3744263676144972,0.0
1.1890247371716611,0.06519433602863561
1.1957617535743024,0.23670630073107693
1.1271697295921266,0.7516288814885578
0.829356829858788,2.784185218821038
1.0,5.998848702479873
