alpha,s
1.123249642623988,0.0
1.0496344104312514,0.23593982141514502
0.999273109453866,0.7021741731016724
1.125300936672027,1.743876013832059
1.6227376212836073,3.7482224691461288
1.0,5.997868676615004
