alpha,s
1.1931080513274408,0.0
0.7655922356663831,0.4327970609105284
0.5418597066022214,1.5026248919468408
0.1295817095691424,2.971446895254841
0.0,4.464794209797673
1.0,5.999645064573437
