alpha,s
0.9774903264095858,0.0
1.121926397814774,0.5059192845148588
0.9578871873852917,1.4874655047957956
0.7474569198067499,2.877923124250991
0.0,4.392373808880592
1.0,5.999423189540606
