alpha,s
1.7926693711659372,0.0
1.0426800237397875,0.04672075373978735
1.0894813998279067,0.4039529237329457
2.185714009008925,1.6340079179417029
0.0,3.8495767178849727
1.0,5.999696752629305
