alpha,s
5.154815101701959,0.0
2.095135998995386,0.007819328283267061
1.236015404861699,0.10681469329198177
1.365948679145268,0.7352892734698439
0.0,3.15190009225541
1.0,5.978082430341226
