alpha,s
3.142982838102275,0.0
1.5425671971781736,0.008267499854902402
1.1895277710850685,0.10118678169650745
1.102475606345705,0.6361185477175624
1.257899522815847,2.68480260826578
1.0,5.998209109006615
