alpha,s
1.0738757876555507,0.0
0.8020217193374682,0.28098416106453944
0.9899354822105614,0.7465520647813505
0.9226773875147901,1.4046448855355165
0.7921469267097894,2.8035400908908024
1.0,5.970926550490203
