alpha,s
0.6998404571882576,0.0
0.5510672160133209,0.45355657283796114
0.3268446682115622,1.491278843828593
0.0743296542661176,2.8327513687717176
0.0,4.436287685988932
1.0,5.999083414815106
