alpha,s
1.010983498571154,0.0
0.9911171956610205,0.18580027971476135
1.3306174005250104,0.46446099089748044
1.1540100784911032,0.9090612770208872
0.8910448533379712,2.6704454496823273
1.0,5.994893715447984
