alpha,s
0.48935887516578586,0.0
0.6414421856350411,0.10298841999375508
0.8121024352123403,0.3211651353856981
0.6891693773109974,0.860381698840897
0.5540446955178787,2.9342325946838415
1.0,5.974759546806369
