alpha,s
1.2580868278126411,0.0
1.1739966305297358,0.10298841999375508
1.1160995111353769,0.3211651353856981
0.7390517075525574,0.860381698840897
0.5259097331907944,2.9342325946838415
1.0,5.974759546806369
