alpha,s
1.0978743190066214,0.0
1.1119745810263255,0.40201928872665876
1.662917461112455,1.3832004285656485
0.6421755053718767,2.834110901603488
0.0,4.390074489352547
1.0,5.999449804014867
