alpha,s
1.056072509816264,0.0
1.1491556171304336,0.2728330559116108
0.9060427125762041,0.6365265055651984
1.0041639862959288,1.3498682851389676
2.3955914130051346,2.878257747856408
1.0,5.972022151636764
