alpha,s
1.0462169099744263,0.0
0.9909009578626862,0.4576511797890983
0.9670804293929093,1.4336704935322049
0.7221476997733092,2.8162471146507286
0.0,4.367950165604288
1.0,5.998158364160089
