alpha,s
1.2575145905661675,0.0
0.9767017481740695,0.054074688725937806
1.000896351420981,0.37818418421813393
0.943658218988859,1.4898501466209775
1.7613312622992883,3.5548797724775842
1.0,5.987841612873048
