alpha,s
1.0793278986058563,0.0
0.8456065937173545,0.4922726236503498
0.27708569079587386,1.3883069664111571
0.12267383007652867,2.929125008648003
0.0,4.4743790015485025
1.0,5.89828359441786
