alpha,s
0.8421030245197612,0.0
1.0640584371746755,0.47467272705771946
0.6195509229317806,1.4843990970074623
0.9442195230794761,3.0670815371362696
8.519817450328926,4.38503524182419
1.0,5.995528561737872
