alpha,s
0.9531979561711339,0.0
0.8955237251099399,0.3018250632193589
0.9472185973271838,0.7390935168706633
0.876043954312235,1.4331025240586135
0.7252386983655618,2.9413348829048305
1.0,5.99439425440211
