alpha,s
1.0550457007613419,0.0
1.0568928631971528,0.18876910958074933
1.1722922336195045,0.479342413203651
1.4044649926980675,1.0187459149683267
2.6559426263873607,2.5347201560465087
1.0,5.969874666706629
