alpha,s
1.0327392592144018,0.0
1.0985923260037873,0.18225427545682096
1.03612436821387,0.4484227793918103
1.027958264034584,0.9932767622479058
0.5508296286546409,2.776905189897733
1.0,5.998637105555501
