alpha,s
1.1390291471394078,0.0
1.4925190482201134,0.4900118666045796
1.450525913366028,1.438478565530914
4.329612982599287,2.8644486371140263
0.0,4.446984901926509
1.0,5.998980567802631
