alpha,s
0.5981540105592643,0.0
0.43222901585587725,0.05139487063175302
0.30172130789813895,0.37518575825479433
0.09349692333954614,1.3897563988182344
0.024485369646212736,3.633578082567892
1.0,5.995296862913005
