alpha,s
3.4995273958604787,0.0
1.3703726219344348,0.005264537467564981
1.1671529614317453,0.04951908444241018
1.078082626882091,0.1699391023070016
1.0138078411001235,0.48382759190902347
1.0,5.544492157169755
