alpha,s
1.1862338755051598,0.0
1.2926911391646279,0.17710365636750608
1.1989902502440408,0.44090446830725943
1.2260406995357753,1.033778980819953
2.0188349471285867,2.547414168619367
1.0,5.995499984447831
