alpha,s
0.8760112873953105,0.0
0.7730966923901523,0.424810324481851
0.4429319228244376,1.2877170960163655
0.5344744334413052,2.7798602969137254
0.0,4.158840493760927
1.0,5.952656213693458
