alpha,s
1.304827195297562,0.0
1.3303053380382073,0.06622825109760676
1.1565194570577535,0.2191491876804598
1.0834881127438964,0.7901415923461451
1.3921379585558658,2.85053575607724
1.0,5.9975300890945
