alpha,s
4.684898184182287,0.0
1.5216969339107551,0.004280652425268324
1.2363703962982417,0.04940471858907055
1.1519081992782525,0.1681271215267077
1.0470218836875558,0.4891759464552608
1.0,3.5098234727374544
