alpha,s
1.0246184242857863,0.0
1.0437911706752454,0.1801010815503379
1.050689059625561,0.46045669440174325
0.8706011226681534,1.0195078222622092
0.3576480425754945,2.806178674085756
1.0,5.994665479031553
