alpha,s
1.4895826622709085,0.0
1.1883498476325771,0.048766497464478496
1.0876442123018364,0.3581073427931589
1.0180818763796413,1.471459233421822
1.4416768716777628,3.7545001452334437
1.0,5.999949200397731
