alpha,s
0.8807771280995398,0.0
0.9520029113257167,0.3040762677075614
1.202880192656122,1.1869227055180174
14.87728666898071,2.4402918929360147
0.0,4.168586464013119
1.0,5.971931474091449
