alpha,s
1.418013117351533,0.0
1.2892986221261125,0.09930496416398352
0.9987803625265694,0.3151070977828012
1.0610444896849596,0.8674583700649333
0.8844202900767169,2.691495916490073
1.0,5.995816341187417
