alpha,s
5.096052124233856,0.0
2.029597225376678,0.008266879076763461
1.3386013685958935,0.08923378434265215
1.192167336550985,0.5537820869337793
1.3475153553590624,2.6488601261463485
1.0,5.979399033302677
