alpha,s
1.0316419561273633,0.0
1.085303933471951,0.22562493298637323
1.012066137356754,0.6213019892551968
1.265018074899897,1.5462411063908714
0.717179111500822,3.6345936194869974
1.0,5.998369962246958
