alpha,s
1.0517943667655902,0.0
1.0220020867112793,0.18495100037167433
0.9907393423723312,0.4867261724453513
1.0590508783616204,1.0988045170675855
0.7400601436353217,2.694838418800178
1.0,5.999132962567364
