alpha,s
1.0320693507438923,0.0
0.8940779847862729,0.18682094991127596
0.9378556325774547,0.5118222777569492
1.0634420710202253,1.0900126572338005
2.0498180037907665,2.7835763920252843
1.0,5.930012329063265
