alpha,s
1.1053551409105435,0.0
0.7096751346041102,0.39776766315694395
0.8246055314884387,1.228505473439666
0.0,2.5889691979299787
0.0,4.18503516299709
1.0,5.988480722477714
