alpha,s
1.0228179170376575,0.0
0.9833814024180578,0.31913286957588854
0.8854038175286985,0.7322069078494597
1.1396042109109144,1.4504801127173104
1.2389582373408552,3.11728435754603
1.0,5.971933985782948
