alpha,s
1.4826439322036937,0.0
1.1431090557444195,0.37339687069511357
0.6846232108371937,1.484727355247056
5.378741229263516,2.827076226574283
0.0,4.294380455175537
1.0,5.995200018897857
