alpha,s
0.4203401713383224,0.0
0.5238524011550171,0.10113484141552301
0.7202156248631255,0.3048416650328524
0.8526374380157722,0.8136453324390919
1.1464891872241314,2.653675550008671
1.0,5.995648764379121
