alpha,s
0.35606968160476066,0.0
0.21330128702573597,0.34641255236886986
0.07792900484428371,1.3655150259577966
0.03547099887795019,2.72556971496118
0.0,4.390612212737186
1.0,5.9966891765519135
