alpha,s
1.0294390549938137,0.0
0.8958231208630996,0.18471136879506653
1.0090613536548134,0.4975314426644157
0.8191176349161118,1.0956971484337545
1.159076811438044,2.59949660615649
1.0,5.972012358190447
