alpha,s
1.0340662804144964,0.0
1.2662596259752812,0.24567623434470992
1.163722052673767,0.6702271483091907
1.6155071923362807,1.6314482979289113
1.2935561381923066,3.374021248061035
1.0,5.999180762333669
