alpha,s
0.9917344062358395,0.0
1.0776416341509065,0.465631570324209
1.0252071194765429,1.4785297970261908
1.3424412633649487,2.9467094165862915
0.0,4.555456728777562
1.0,5.992222229680255
