alpha,s
1.2427108981477042,0.0
1.1300818917240707,0.4623587234269306
1.0437386282320478,1.4515328658261653
0.7052821368167463,2.843873907740056
0.0,4.387130237759902
1.0,5.996936775981705
