alpha,s
0.9548724760406786,0.0
1.1075607545660293,0.06996538324967046
1.040995563741348,0.21527351418961216
1.1221370104456152,0.6343511923071479
2.0647864517422057,2.50974907562181
1.0,5.989632601857494
