alpha,s
0.9058783601568954,0.0
1.0050033060512278,0.25837788698653863
1.0333961805139096,0.6918383387356218
1.087467717732356,1.6483372815932706
0.6966311752943068,3.629356777246202
1.0,5.992705135132635
