alpha,s
1.2259788229998019,0.0
1.065080880489474,0.10371245851141607
0.8810944718889439,0.3323951307806479
1.2137839535847792,1.0028956213576399
1.8446076893330667,2.908802948051049
1.0,5.989952241942235
