alpha,s
1.0601875734940167,0.0
0.8339775341443708,0.3737521810124111
1.0118921628443223,1.3473909901405907
0.6040539832743912,2.698779334973701
1.7756824687095596,4.458971759928965
1.0,5.997752860828284
