alpha,s
1.074090953177204,0.0
1.0742617234705765,0.17402044605559372
1.1223192662991277,0.46975324619282594
1.0085239210127597,1.1023917626580269
0.816712813659099,3.163693591431939
1.0,5.994772475848815
