alpha,s
0.8252261722517706,0.0
1.0252328095928738,0.21015412764384322
0.852799284278505,0.4688869826099682
0.8436912818958644,1.0561102287617652
0.33404124358804943,2.5442629087177133
1.0,5.993426680752773
