alpha,s
1.3688087899073313,0.0
1.131298582186496,0.44952730538118807
1.510604073791292,1.4998882260096742
0.0,2.6650652628571136
0.0,4.433094481656694
1.0,5.992750343237312
