alpha,s
1.8192988891172266,0.0
1.397683653768162,0.35715982703350785
3.757937145587864,1.4062008132181096
0.0,2.8377937403937183
0.0,4.246338174415932
1.0,5.983629427178787
