alpha,s
0.9336802025052384,0.0
0.8688531490556985,0.23895646755066743
1.3002409266083623,0.6311911321678191
0.8008585127775215,1.3601251490863753
1.0548795691834374,3.597689637073784
1.0,5.975050357679571
