alpha,s
0.9541475943605674,0.0
1.1054196844622317,0.18884514912208006
0.9025408026989722,0.4589989708943236
0.981285058366833,1.0123391755349147
0.7246740149802638,2.469713847046593
1.0,5.951093137053304
