alpha,s
2.429634121257313,0.0
1.3918918849876993,0.008197251323950543
1.110376966121062,0.09001469787224105
1.4827830115083294,0.6274617492298747
0.0,2.767265237621495
1.0,5.964022340519698
