alpha,s
1.0548882085316704,0.0
1.0557542539277553,0.24985020724529838
1.037194819661296,0.7103338452869716
0.8495273351284063,1.784400402482712
0.7309885606475924,3.7320073733169443
1.0,5.99562096658692
