alpha,s
1.6982431341257893,0.0
1.377047874185541,0.057561649478753585
1.100193356332663,0.21041566796643177
0.955427502392472,0.6869106969662581
3.31033720964999,2.5610655741664603
1.0,5.994107728905547
