alpha,s
1.4580620629185608,0.0
0.9108021401637344,0.4336462762061828
1.3043898128870948,1.6260889994384558
2.432947969532784,3.115219443723496
0.0,4.491913999018728
1.0,5.998743838756154
