alpha,s
1.3361154694516653,0.0
0.9041831123258727,0.4336462762061828
1.311452904942059,1.6260889994384558
2.488274084917595,3.115219443723496
0.0,4.491913999018728
1.0,5.998743838756154
