alpha,s
0.38996108439699406,0.0
0.3464121303170095,0.489837675879585
0.12310644781270923,1.5014742162971595
0.03600845947896075,3.02819737315427
0.0,4.509670949319448
1.0,5.992769969497322
