alpha,s
0.7089453427190273,0.0
0.47681399002177066,0.049886767434428346
0.23040536969933284,0.3732945401092836
0.04351454869002113,1.7216570120589638
0.025977309934962504,3.720863479850663
1.0,5.995445418248324
