alpha,s
4.376389758867382,0.0
1.908503425386643,0.010859687292715902
1.4850512511813165,0.10253343151780231
0.9496173976258641,0.668797295633487
2.5682306986794736,2.7778078389846397
1.0,5.9886373363150645
