alpha,s
1.4653571383863713,0.0
1.453130027870464,0.42751780597992034
1.254758643285741,1.4021459693697522
0.0,2.815633040983302
0.0,4.3634113560110785
1.0,5.998761245970751
