alpha,s
0.8154936841939645,0.0
1.0860087514590544,0.35535072859942346
1.1430059902666792,0.7676850123151665
0.7347073888578433,1.4652005732240887
0.5671774393549996,3.0868452745477115
1.0,5.944864066068297
