alpha,s
1.2848534023525384,0.0
1.0712680369836771,0.06788075699278279
1.0975353198833484,0.2422284425302064
1.0128205519906732,0.7811536987878038
0.7464103151068482,2.6571972088379403
1.0,5.99930988302166
