alpha,s
1.0581580441198115,0.0
1.046729003404124,0.4910609694734536
0.9694666566758262,1.4758528155553212
0.7287476720215404,2.8978422536167474
0.0,4.569339292487104
1.0,5.986690636741345
