alpha,s
1.128731662047797,0.0
1.1562298554085975,0.15828929356119212
1.20674365646725,0.41522540471457875
1.0441427967729229,0.9476455266271482
1.0931189156400651,2.7463476318177675
1.0,5.999298669617721
