alpha,s
0.8851666975064756,0.0
0.9425787242486332,0.3064766506728835
0.964518043236466,0.716257409302733
0.9264567604370942,1.416592629326005
0.5828143472408818,2.948065132565751
1.0,5.985994894114702
