alpha,s
0.9865674943779955,0.0
1.1476265145422215,0.20634336610410978
1.0856001930527546,0.44493354846892175
0.937494285414871,1.0854383192934183
1.2022569995477232,3.010629649249793
1.0,5.985535486794264
