alpha,s
1.012512108233675,0.0
0.8203750541346896,0.5086677500814204
0.5541679260273931,1.3970656406311104
0.3137946263352731,2.8471583914423455
0.3866311379220278,4.447953518616523
1.0,5.980013507084908
