alpha,s
1.470505082707259,0.0
1.5427036543148895,0.07248903662478007
1.2353546050511723,0.22935730648311234
1.2344787363499694,0.7113201859968993
1.7781765176379942,2.6669531529451818
1.0,5.996251603554983
