alpha,s
1.948670532439641,0.0
1.2981242846342054,0.011673095889481767
1.1381245061969165,0.11129173411398771
0.8798806125444609,0.5908010319449005
0.6832837448630104,2.7298058346908842
1.0,5.995334632276753
