alpha,s
0.9631904908688097,0.0
0.5686512378492942,0.3529825185577384
0.2391445842113386,1.470129050034221
0.24534626025152959,2.849307036559823
0.0,4.325934485628271
1.0,5.979713432356962
