alpha,s
1.4510374421685441,0.0
0.9433453280442676,0.3525524494635731
1.3172585699194201,1.3311112732112869
4.326453462277498,2.797917000709372
0.0,4.548061523347693
1.0,5.999710408267243
