alpha,s
0.35709521558664326,0.0
0.5553677710306281,0.10710168755816026
0.665887948035938,0.293669469680509
0.8904772335237167,0.8530413707075428
0.8510139039911271,2.6583900210365945
1.0,5.99529584164696
