alpha,s
3.8209899783745462,0.0
1.8212495142165543,0.010141636498179701
1.1536663823559956,0.0984179688841096
1.3016372902623228,0.5936061267500063
0.6493692158001725,2.6222480619658715
1.0,5.99997325776227
