alpha,s
0.9979536206174874,0.0
0.9793639802728495,0.18419198652133212
0.9396172307820312,0.4739210438764565
0.8221857533131024,1.0671361400019186
0.5224739815732384,2.757840574783001
1.0,5.997086027023491
