alpha,s
1.039117174297636,0.0
1.0410645409400212,0.18792240798814114
0.9913519401784171,0.48078753295173027
0.8314635231869989,1.0890762428467553
0.5545658965690943,2.748848856582033
1.0,5.994177734022035
