alpha,s
3.5329187060335885,0.0
1.7144720732489462,0.00952379681472444
1.339806307990705,0.10657875134034528
1.0161656349539088,0.6888199866091088
0.0,2.9053086901413483
1.0,5.998295278226051
