alpha,s
1.4299326338581106,0.0
1.1268504373969868,0.41497262793606376
1.4352185323457785,1.4606028552189596
2.996159555681607,2.8132360669042344
0.0,4.387946916958545
1.0,5.998398965174008
