alpha,s
0.9300308848627948,0.0
0.3511060100895189,0.4119567346508175
0.20809944110430736,1.5313688112492814
0.05445074328302916,2.8616198496941867
0.0,4.5353652303252705
1.0,5.995335920324348
