alpha,s
0.9954928123177272,0.0
1.0281551805359297,0.17997355009000796
1.0489921436890521,0.5151005134827582
0.7289531241379622,1.084411235448635
0.431260362479217,2.782218229520762
1.0,5.991885368461075
