alpha,s
1.3230210673362708,0.0
1.2455544798246418,0.062091928680098676
1.197108696566477,0.23185224549089703
0.8055021715048569,0.7551103708359425
0.5998408902887574,3.002279135807563
1.0,5.99191811858179
