alpha,s
0.5747244956904872,0.0
0.4660629496811214,0.5092521654304948
0.22769089804263343,1.4077915795010112
0.04178219733998417,2.832795153419001
0.0,4.578650394311901
1.0,5.992451626946614
