alpha,s
1.3395664096105047,0.0
1.3433681120612138,0.06621367278949006
1.1252033310914136,0.21574671759405115
1.1432255407378105,0.7246328334845721
1.7091957766972112,2.8050112270912937
1.0,5.999808411236547
