alpha,s
1.445652201692147,0.0
1.2764500724367025,0.09786673216587745
1.2880408588442775,0.3041892392018683
0.9177568341794362,0.8796065973578544
0.7512089317766047,2.5869569118589277
1.0,5.9874930485567255
