alpha,s
0.3218646857820876,0.0
0.2094249258665345,0.41781561399583056
0.07505120328257588,1.5038546768450354
0.028664808444550178,2.8766630083489533
0.03100485149036452,4.4133601352359815
1.0,5.989965230209015
