alpha,s
1.4112763061837674,0.0
1.0334102156000042,0.39598381149196715
0.7319786249500715,1.4016560522609587
0.27997536689687474,2.851013367823909
0.0,4.443856436708427
1.0,5.998197738464205
