alpha,s
1.2530548707347426,0.0
1.2095242386278169,0.08022797368276167
1.4818633525717726,0.2559988046125444
1.4789430264360777,0.7453537214169834
0.5295106344237107,3.2806119986801714
1.0,5.937588407426321
