alpha,s
0.9818843113508042,0.0
1.0368450209032747,0.2369222817768401
0.9720277722619235,0.656607462728054
1.1195405873330793,1.677961146653189
2.3038821048610694,3.690160823573943
1.0,5.991200734632818
