alpha,s
1.4315239357988752,0.0
1.1517873740090352,0.05921496490012626
1.0535001874408758,0.22625846370738564
1.1545802172798139,0.8120999862918782
0.7677880416620977,2.751149176910129
1.0,5.99639768499206
