alpha,s
1.0348402046103802,0.0
1.0795843259707112,0.23876817675196588
0.9669892088731898,0.6768156013938658
1.1685083813674668,1.547456565510411
3.47102178366585,3.5416657409434644
1.0,5.993305632883981
