alpha,s
1.003915321237672,0.0
1.071515072295611,0.2411702835566792
1.0835648186198183,0.6699370232454076
0.8887830749195805,1.7148135927863486
0.6602402466043907,3.7045925392442576
1.0,5.999832174649553
