alpha,s
0.9530350591114614,0.0
1.0190557798623268,0.23169689204194843
1.1446658610841367,0.5748731507072725
1.5931014887200168,1.2874254397483151
0.0,3.1021620742335507
1.0,5.991816591929998
