alpha,s
1.1531299108885622,0.0
0.9975623630092557,0.4339754353719019
1.1845952127523056,1.3799767251186001
0.5795884890942433,2.8529404682176276
0.0,4.412474928859036
1.0,5.989467084384295
