alpha,s
1.4443852226992613,0.0
1.003700339347052,0.4204566758814832
1.119768406546817,1.4300052802308079
0.6072724545452179,2.8155391091903548
1.839109388883574,4.406706188744779
1.0,5.997732455076725
