alpha,s
1.121675308500101,0.0
1.4857027308961532,0.4887436003799365
0.8354876860439712,1.3431032867897543
0.0,3.0106980768594975
0.0,4.436355683465813
1.0,5.996687380251912
