alpha,s
0.371993733835644,0.0
0.4916288450380449,0.11476055734891911
0.7460622170081359,0.34784891166701803
0.8839036850350424,0.8858047329688152
0.4441449610429068,2.854386254833126
1.0,5.997059421024121
