alpha,s
1.811232649671003,0.0
0.9734975915983014,0.048373098240198614
0.9341396967936064,0.39133463347726205
0.48962802330021893,1.509559948780862
0.19139177613849634,3.6370654177776833
1.0,5.994050208797645
