alpha,s
0.5820867753816757,0.0
0.7571949669959316,0.10320929769990017
0.7803002664547947,0.29183142277823254
0.9243108685075436,0.8047930079532506
0.853334903891298,2.2717601949952533
1.0,5.987296139552349
