alpha,s
0.928364049389804,0.0
1.0751895084026082,0.10320929769990017
0.9708974050011202,0.29183142277823254
1.048309581588355,0.8047930079532506
0.9734407946205037,2.2717601949952533
1.0,5.987296139552349
