alpha,s
1.2838519038413878,0.0
0.9356817727291987,0.5477911310232674
1.583071698263525,1.4175282748988085
1.6237453820937906,2.9248480082755717
0.0,4.480535396939911
1.0,5.986445114015237
