alpha,s
1.2177216780726894,0.0
0.9764932514444187,0.1704098328702733
1.0061961181850998,0.4641669401465842
0.9617617308079135,1.0123336080819667
0.697603218113319,2.5976215117466253
1.0,5.984767525102571
