alpha,s
0.9843592220241039,0.0
1.0382158656027405,0.19804667517586153
0.9221413388844728,0.48091459900470873
0.9349746436521696,1.139935894762502
1.1724098267321117,2.777641224976381
1.0,5.967533824974276
