alpha,s
1.2151051484625461,0.0
1.0781563519602795,0.06247657671732037
1.033313397552854,0.22955645794090135
0.9823747815031371,0.7570049153373647
0.8459418767700242,2.727798388976602
1.0,5.974984189091659
