alpha,s
0.3379217800468272,0.0
0.4484536145184777,0.09929598301976476
0.6153091226632937,0.31940489862662774
0.8147306854271842,0.850623183819633
1.1659690803830103,2.5031220785118493
1.0,5.983064939182166
