alpha,s
1.1418192167629926,0.0
0.9871299041355401,0.09929598301976476
0.9718589918313582,0.31940489862662774
1.0076787844834463,0.850623183819633
1.318922771076517,2.5031220785118493
1.0,5.983064939182166
