alpha,s
0.8070154664098457,0.0
0.7675975426942262,0.45814470680887576
0.36644430869605193,1.4001790865265549
0.12351979038803369,2.9020890166018383
0.06086912288377528,4.432821643500521
1.0,5.999535795039896
