alpha,s
2.14632420122333,0.0
1.5983752789829908,0.011255662355040804
1.0657881589146514,0.10471977288190622
1.1381199837081817,0.7460664061864303
1.8777909354330407,2.7285586746525063
1.0,5.983966003871023
