alpha,s
1.3367899379258088,0.0
1.1039737469743554,0.41690296930311843
0.6313422057894106,1.3818243649592203
0.35683878536273517,3.030532525603143
0.0,4.575394295504243
1.0,5.981281441903594
