alpha,s
1.0871461671349933,0.0
1.0462799326074763,0.16063110416539336
0.9946868443114942,0.4347317588511736
1.144374329687405,1.0348302814859214
1.0148100955124872,2.7573388370623935
1.0,5.990785555280653
