alpha,s
1.005230840224897,0.0
1.0701797194309046,0.26461318609333245
0.9547308279323962,0.6928966820032614
1.0946559758761436,1.648407707946174
2.625104250048066,3.765517776689925
1.0,5.996942811674831
