alpha,s
1.1615373782641647,0.0
1.415036365018685,0.17789536445259194
1.073604550647495,0.401340479623797
1.0489598545278083,1.0352011351891892
0.6871475662928136,2.9294113936856236
1.0,5.999280086985221
