alpha,s
1.486739116936089,0.0
1.036220631349893,0.05701236001381071
1.1108598001831536,0.22691998664643223
1.1446568327625042,0.6851054205396896
2.097412010359427,2.833001846751709
1.0,5.981827427628304
