alpha,s
1.0494672615774747,0.0
0.9032391865064219,0.17666610601703608
0.8549638272705824,0.48545698769091145
0.8189475662516277,1.1219557020232667
0.3852507667075812,2.922624227400279
1.0,5.963282294425686
