alpha,s
1.1123113240568943,0.0
1.013850738360699,0.22007872931271907
1.068481184987089,0.6681174643982791
1.346184307231088,1.6118565928467343
2.5192159996615886,3.564787598796323
1.0,5.9977193555966215
