alpha,s
0.3061710726622955,0.0
0.22037971484267843,0.4129283089277543
0.04593594392949934,1.5455201972312251
0.0,3.1075753092533427
0.0,4.600938057741185
1.0,5.9924685120862415
