alpha,s
1.0290331210887393,0.0
1.1217540790152374,0.2566485176174237
0.9300139229498328,0.702659536193777
1.0750897870374885,1.7687174880979633
1.2078701499021431,3.7660886527463098
1.0,5.993485856530269
