alpha,s
0.4259445001493997,0.0
0.6111499757111291,0.11146587462536899
0.8255106249302706,0.33485809534584154
0.9769388833195244,0.9585696403099826
0.6697524855401127,3.1114772816571414
1.0,5.999465674168295
