alpha,s
0.37937579372304225,0.0
0.5564700752808351,0.11464223043602519
0.721132555895678,0.33245463142122195
0.8143328276207914,0.8883233080813537
1.6534317658094535,2.7022441516414033
1.0,5.992516078193182
