alpha,s
0.9360153307985785,0.0
0.9689714469864058,0.3050573164612725
0.9957908118090465,0.7157488328981312
0.9298583962035211,1.3697700418106098
1.0981097015494652,2.9611322697851823
1.0,5.993666674401235
