alpha,s
1.4646234149468735,0.0
0.89830942312791,0.047754760849096654
0.8537141165403329,0.3872821451626721
0.8280283258485586,1.6279159342175458
0.0,3.6760848183444232
1.0,5.998393021969802
