alpha,s
5.683601814948391,0.0
1.7645990782412266,0.0040374047130737
1.2145679111624286,0.04158872939165493
1.055103885089248,0.15840816518040132
0.9966897680745246,0.4724466259819598
1.0,3.567893198852966
