alpha,s
1.0268268837453178,0.0
0.9717373036340179,0.20037563599120153
1.0000866239823536,0.5464532709128019
1.1960992797808516,1.233320682166003
0.7806942742224937,3.0983893436975647
1.0,5.992423725321324
