alpha,s
0.5878526000746053,0.0
0.3472249097364758,0.41534230476937595
0.1696363413756061,1.5410602477585529
0.0,2.8757194107727115
0.0,4.437284339866504
1.0,5.983224103036063
