alpha,s
1.0562438218361865,0.0
1.1000109482354117,0.295766788307497
1.094487109461026,0.6811760979306674
0.9315280347502386,1.394762768723178
1.2541073739809319,3.0799598556778953
1.0,5.9888618542592
