alpha,s
1.1151221866556063,0.0
1.1296742673282871,0.1798486440090545
1.1574409270050106,0.4636831335437369
1.089785109983318,1.0471353168268551
1.3984077956667738,2.7111707289747713
1.0,5.995752921620534
