alpha,s
1.241846287193696,0.0
1.3662271384472606,0.06406698933573436
0.9269453789241258,0.20073373969968272
0.8250501584866264,0.6725494373033477
0.2118724917668014,2.782242914656241
1.0,5.96665174857087
