alpha,s
1.084933403001551,0.0
1.0241370756242314,0.18437626995140025
0.9646969879781844,0.49280979460346747
1.0184330824606453,1.131018288085634
1.0382280716232877,2.80611511238783
1.0,5.997442666903276
