alpha,s
0.8268686587905641,0.0
0.4110206133536599,0.056661838951468924
0.21940883252376978,0.44589564546265864
0.051347960775239655,1.622530556902191
0.024430476771374054,3.803557921724859
1.0,5.963877473366967
