alpha,s
1.2586313898523134,0.0
1.012101040509333,0.3707406633871304
1.1495598925090147,1.254958871171714
0.0,2.7294564323182757
0.0,4.310612529273996
1.0,5.969311209710207
