alpha,s
1.1791059696400015,0.0
1.1117366228949122,0.1487108877635433
1.2048135241705273,0.4120235836836635
0.9938629780301729,0.9747470920088946
0.8486085350220175,2.742003920636499
1.0,5.997118056319708
