alpha,s
1.413148845572288,0.0
1.1008634705162201,0.055136060315963284
1.2153013782805033,0.22307194920210974
0.8152131874191855,0.7113055538004894
1.3562172857483368,2.7723690016847997
1.0,5.969176526825665
