alpha,s
1.1132854461540793,0.0
1.1773731153955813,0.18000832356117408
1.0447129431453688,0.46553148617924406
1.2974054895736298,1.0877007008705692
4.920673869600495,2.9459380531617922
1.0,5.995745856429627
