alpha,s
1.0740846004552278,0.0
1.0829895633424769,0.10247010905219418
0.9884870605308774,0.300951160606697
0.9097555942072294,0.8375653586522752
0.8940542277730619,2.6113441021502606
1.0,5.996697217568437
