alpha,s
0.5793173837881429,0.0
0.33154806380675605,0.3937442087081802
0.14576386768658978,1.3947336608158212
0.036380043901606755,2.829505903221193
0.0,4.41216976739913
1.0,5.995284307181715
