alpha,s
1.0438010271624503,0.0
1.005649147683987,0.19731956310537616
1.087348246128249,0.5449621298532201
1.0008418448669436,1.1380967979549945
0.9491381644423857,3.0350770363457826
1.0,5.941320387112674
