alpha,s
1.5455225864130822,0.0
1.1953988224943026,0.4107798943286282
1.0496414623434163,1.2890835923748796
1.4673001171089093,2.653368181383688
0.0,4.473565157151908
1.0,5.995588452153605
