alpha,s
1.286993470680166,0.0
1.0534010211790532,0.05652215005467246
0.9144029039311571,0.20516750137701364
0.704535956649053,0.7707557978926433
1.0300672779521969,2.6650925091181077
1.0,5.988926204834927
