alpha,s
4.603269402831275,0.0
2.181849924079768,0.007681629242856043
1.231601868980573,0.07837628719381788
1.1290784770600093,0.5888668430156144
0.47364132670278036,2.63750494216785
1.0,5.994557091161469
