alpha,s
1.1792710732747524,0.0
1.0837514141552873,0.10212285449908527
1.1077082151270743,0.30795373226569883
1.056494513823956,0.8421652964574147
0.538903506546439,2.7545551781184012
1.0,5.994421635202842
