alpha,s
0.3885429296235214,0.0
0.5060996857055853,0.10212285449908527
0.7152534614586225,0.30795373226569883
0.8784969484290465,0.8421652964574147
0.43835121260437954,2.7545551781184012
1.0,5.994421635202842
