alpha,s
1.0368687140333535,0.0
1.1408758355629809,0.19821566584475517
1.1312006036749458,0.4918933246005196
1.2853454351611953,1.1352672965545332
2.4714399046512496,2.945517718395216
1.0,5.987374507705718
