alpha,s
1.4696192379050725,0.0
0.9921695082551677,0.3212382220370039
1.148750286720614,1.3661606720184885
1.4633363938989867,2.677539567443212
0.0,4.396894127726452
1.0,5.999342151110849
