alpha,s
0.5081222468731345,0.0
0.7880680788744625,0.11387103156565258
0.8270088564430563,0.2960630310825794
0.9261935346519337,0.8098592371884357
0.895404431943961,2.4774206167864072
1.0,5.947729190016405
