alpha,s
1.4233022150663563,0.0
1.1403183088057973,0.062111028151766924
1.1820451925712419,0.2481408873291714
0.8634784466306218,0.8224669234273899
0.0,2.899711785132935
1.0,5.999512026888193
