alpha,s
0.4341467877642874,0.0
0.22064221472639892,0.4826371906616668
0.07851064633625536,1.4580370610741298
0.0,2.7497277631512023
0.0,4.2863478293908495
1.0,5.995861771911661
