alpha,s
1.073092545961393,0.0
1.1188920528549402,0.25569885614331567
1.1984335480613912,0.6705493156051245
1.343813150578949,1.2608189706070714
2.3345644380385306,2.6743953089131676
1.0,5.856792272496553
