alpha,s
1.4357603130458787,0.0
1.1432437535828952,0.3736050792615674
1.2655559357883217,1.2195658520363297
3.6497086096795024,2.7531500917608063
0.0,4.37993962939954
1.0,5.999111653102904
