alpha,s
3.4618520805234403,0.0
1.4448414431820107,0.009058927215176161
1.1565967282932854,0.11185174319481891
0.9983001046821988,0.6616037033750706
0.7351301203987115,2.8266607797501453
1.0,5.995458854543642
