alpha,s
1.1267599073292902,0.0
1.0490072070547343,0.23376101864555857
1.1400840863853907,0.6857880573762328
0.8861852606049277,1.6562398802906948
0.964418168169011,3.6317025419111197
1.0,5.999861704838748
