alpha,s
1.3380149209618886,0.0
1.1074515527460154,0.06836791185683319
0.912642176982272,0.4324632907344045
0.3563724998644696,1.7266467859450045
0.18913721297562366,3.84248992969129
1.0,5.984358175840454
