alpha,s
1.62185661225991,0.0
1.0727593299089393,0.04857531712040975
0.9771153206061689,0.3680984649091255
1.4009012778228869,1.4165073238048238
0.9732950082433199,3.582599199100004
1.0,5.966881534003257
