alpha,s
1.3316373125781424,0.0
1.3545001007386395,0.12149486844111279
1.1921896994823298,0.3431928894502449
1.3893350054674303,0.9783239897292791
0.7991548691554032,3.1020481352917506
1.0,5.960464479533742
