alpha,s
2.6586500646687603,0.0
1.466375000523755,0.009005693788957405
1.0998763892868086,0.09882851188877625
1.052416682417647,0.5974294534681357
3.1655920178839376,2.5980838839721763
1.0,5.999803836446928
