alpha,s
0.9724055080636947,0.0
0.6282006548196144,0.4536359044603288
0.22077348882343747,1.3486205045286934
0.0,2.72656743072214
0.0,4.253360276231615
1.0,5.98126666461974
