alpha,s
1.2418271401338195,0.0
1.2340791905944506,0.2323620920752405
1.1141925570289908,0.657003058901667
1.6284452280390473,1.8519198467786304
0.0,3.709296014490235
1.0,5.960257642096487
