alpha,s
0.47104464915598193,0.0
0.7920561845171645,0.12158860628620079
0.7353442157867963,0.315639700339545
0.8828610691288848,0.8862297095018944
1.3656873539678718,2.7942738310079904
1.0,5.9997165073585945
