alpha,s
1.1364199464071394,0.0
1.4270430138743933,0.12158860628620079
1.0324775468427854,0.315639700339545
1.003715997135979,0.8862297095018944
1.4251204555385608,2.7942738310079904
1.0,5.9997165073585945
