alpha,s
2.708054572817404,0.0
1.4695453820191802,0.012348361267006992
1.490241069278882,0.13140358220616882
1.5339585321603353,0.6230820206573097
0.0,3.0881325713315095
1.0,5.9860012145989465
