alpha,s
1.3693017994517347,0.0
1.011854721018746,0.45383953053300263
0.9703085350597567,1.428667401540163
0.8504869281344722,2.781758010225214
0.0,4.296087697048557
1.0,5.999936118967348
