alpha,s
0.9869436350141682,0.0
1.0594590626711025,0.20721206712294452
1.0223239122497692,0.5715801104914877
1.1885639604886096,1.7466531069777564
0.0,3.973651066092103
1.0,5.98369103115312
