alpha,s
0.6887625365833191,0.0
0.9544879742226361,0.3662294313839349
0.6656150459265711,0.7138885139090557
0.2931469951258196,1.2986374671371788
0.15323393051361592,3.116526165513441
1.0,5.968833143405534
