alpha,s
0.4106938903912067,0.0
0.43316780771197194,0.11074790640119322
0.6842642858296208,0.3833453839492732
1.0288134000819187,1.0003742539958316
1.6125819680946418,2.775957738742313
1.0,5.844871368769155
