alpha,s
1.0001412177689308,0.0
1.0241091616523579,0.28562260299130116
0.9794205967988547,0.6913326930887752
0.9515604243967912,1.3714107638182116
1.1897788062065582,2.898314988797602
1.0,5.988096488083422
