alpha,s
0.994470002036283,0.0
1.121616251529626,0.1977121063327144
1.1557777318505813,0.4805490837674834
1.0422584970250963,1.0368926659658217
2.1816064023728305,2.952205260941647
1.0,5.995396218374077
