alpha,s
2.77781781728037,0.0
1.4426020316945092,0.007789195239704241
0.9188846620578512,0.07610447824650285
0.9479442655054906,0.5479927398604245
1.088642989452072,2.5933428350955046
1.0,5.95376494094711
