alpha,s
1.0068004275834255,0.0
0.989391028260725,0.15878956064556937
1.3390013236243488,0.43244143779492317
1.22299105162961,0.8345724520198811
1.0561781558268004,2.4426465088347205
1.0,5.999483310268604
