alpha,s
0.44495060518889645,0.0
0.5942381667790386,0.10194538212350514
0.7636145346138105,0.3052464283366441
0.9462461025734665,0.8555297925317077
1.01063083805981,2.782055900788144
1.0,5.998402586716805
