alpha,s
1.119303027086373,0.0
1.1340116336488364,0.16063549536665675
1.1059833577905962,0.41851422629360685
1.1799597080444568,0.9882710188820523
1.557630131751499,2.6899120258714944
1.0,5.998760469419918
