alpha,s
0.6513824462864495,0.0
0.2386403687418513,0.351284157908551
0.11661177400689425,1.3846338424763855
0.016536943453558148,3.041645590761337
0.0,4.462552101688095
1.0,5.999590691553368
