alpha,s
1.3594620984216206,0.0
1.145036391473044,0.4496237159237298
1.1888301148714338,1.3734473525829505
1.454510676669767,2.740925404089633
0.0,4.382336852247681
1.0,5.999518708455948
