alpha,s
0.7467880768655026,0.0
0.620978314677837,0.4496237159237298
0.40752246576454587,1.3734473525829505
0.19371040730610362,2.740925404089633
0.0,4.382336852247681
1.0,5.999518708455948
