alpha,s
1.7322114941100215,0.0
1.6612797752996462,0.06717139208471723
1.438340906794993,0.22292726669702947
1.1818383981245348,0.8057557808959512
9.34638877987982,2.96609348340192
1.0,5.981600153817413
