alpha,s
1.091967145919869,0.0
1.0619702224563714,0.1701753815830079
1.179345872994181,0.46464416764416266
0.9894305487595543,1.049685767034774
0.840427315352054,2.8716060066628635
1.0,5.998905546816838
