alpha,s
0.5204339870976259,0.0
0.4409955784385639,0.48551839975982697
0.1631237719796692,1.429424925507003
0.06570765597091795,2.9008317649605657
0.0,4.441621309630444
1.0,5.999018719531643
