alpha,s
0.7394512831597708,0.0
1.1031070743427545,0.32604958520102006
1.246148282838368,0.6833080383953717
0.6375549468724983,1.195875197640709
0.1781037129379796,2.79832008543105
1.0,5.9975961041503965
