alpha,s
3.0036730383713595,0.0
1.4480010961859904,0.006936617452633141
1.149854173320072,0.08707221711802526
0.6015212452461578,0.4781934508075927
0.1474142284377734,2.6531626951896956
1.0,5.997603919233368
