alpha,s
1.1377008838544083,0.0
1.1467278018081888,0.19322472440383812
1.1540257867940809,0.5308566031967179
1.006169035498564,1.1261315961479306
3.866191836298725,3.099214410008355
1.0,5.960425556517689
