alpha,s
0.3823012723287697,0.0
0.5280287330041081,0.10352535362382241
0.6464497338686548,0.30838898971294054
0.6987106815736196,0.8557962180642534
0.18042018679828117,2.7126538516164316
1.0,5.998795029928553
