alpha,s
1.1345615596322447,0.0
1.1159785669114421,0.10352535362382241
1.005217174071748,0.30838898971294054
0.8737395507335499,0.8557962180642534
0.24376126324859054,2.7126538516164316
1.0,5.998795029928553
