alpha,s
1.2686880573663055,0.0
1.0922570419975821,0.3804869855880007
1.722435196762828,1.1822663403215627
0.8484185506574896,2.524423254968834
0.0,4.39743030510043
1.0,5.968267204168761
