alpha,s
1.0360292466870293,0.0
1.0668192231965503,0.19638373997771794
1.4582909818869083,0.5035563252179202
1.1549685071816218,1.062948828874508
0.4305072312606912,3.122156529469803
1.0,5.962341543360801
