alpha,s
1.2680090180668055,0.0
1.1065582390766013,0.06158187201624481
0.9824922003035574,0.2172593160440257
0.9479983910618363,0.7502223588945176
0.9955811522343769,2.7039811058632264
1.0,5.990737262535314
