alpha,s
1.4433566792001105,0.0
1.1495274629656203,0.06371439093462412
1.2391112821195676,0.23992309862501365
0.9233144077744779,0.6694254206758167
1.0189960958680457,2.487200145597798
1.0,5.974329578161687
