alpha,s
1.5774195785231921,0.0
1.133691563339722,0.049378700778508346
1.0993099734455316,0.3806487587207824
0.9592113863932352,1.5990549554572187
2.0192637787186762,3.727865136443055
1.0,5.9973310490193406
