alpha,s
1.4048618791384104,0.0
1.1813769672974224,0.15345728909064107
1.0109820979203272,0.46389915051807784
0.7909040778151417,1.1691106969602858
1.2082625562046034,3.014599320217599
1.0,5.98612625679985
