alpha,s
1.0019258918103195,0.0
1.1170534725404482,0.47026140762502305
1.050291996041155,1.3692811876682507
1.6989279625522389,2.7959095639996745
0.0,4.386078263655424
1.0,5.998339917412651
