alpha,s
2.95908688872935,0.0
1.8548969877841457,0.009489511394377561
1.2451677807360322,0.08572098484679519
1.1523199957998689,0.5957137530712253
2.4216441025285733,2.8655930882419733
1.0,5.939566205257462
