alpha,s
1.007044114001107,0.0
0.994981774533547,0.1746762685771046
1.0360301585084684,0.4532135359456762
1.0126844669326585,1.06336656464678
0.3398759255145391,2.985351254694097
1.0,5.978944457365535
