alpha,s
1.907949478654165,0.0
0.59509605515512,0.3818911182414902
0.6317876898953543,1.5565207221706077
0.0,2.781300521461097
0.0,4.403166924785462
1.0,5.995724868295405
