alpha,s
1.1659819053274136,0.0
0.5650011796829073,0.4810455144537252
0.21586745655597858,1.5367486906943881
0.09132982796189051,2.9288440515748637
0.0,4.377336447006438
1.0,5.992954196736287
