alpha,s
1.1016660874478355,0.0
1.1447310659689591,0.4736641811974357
1.3110848124439507,1.455709657891972
3.1872372096334813,2.844561944844518
0.0,4.4461333972171
1.0,5.999774521666812
