alpha,s
1.0529462540273367,0.0
0.9814033927001518,0.10567865416192639
1.094587919587327,0.3267218858816664
1.1229429715656716,0.8387105343237665
1.9677283999178796,2.6915506527248385
1.0,5.997677346706798
