alpha,s
1.2888143309004125,0.0
0.9422671502138752,0.46713531733788793
0.5602649182265811,1.6350816996512532
0.0,2.901082665523353
0.0,4.30712291273139
1.0,5.978227273379
