alpha,s
1.117420327528227,0.0
1.2043785764771904,0.4011940449168983
1.1435955449163704,1.38189761756603
2.2095474651817395,2.8301989890392223
0.0,4.3737258075378085
1.0,5.999389313486697
