alpha,s
0.49196625804629757,0.0
0.27030737601623545,0.41177413325349493
0.08147879997700568,1.4735603482716888
0.008499712968244803,2.925805883239913
0.0,4.481274013371751
1.0,5.999830657359655
