alpha,s
0.37252952234825587,0.0
0.5033558508712258,0.10095242219946486
0.623229174720541,0.30956861837378097
0.9160914662399652,0.8778070992545222
1.957333915506145,2.567844288917018
1.0,5.994349871295718
