alpha,s
0.9981054462288816,0.0
1.0276312638989564,0.28518100879520764
0.9784566158487221,0.6924170938120019
1.0472223745164702,1.387149841144526
1.1526807545477635,2.9118939169628315
1.0,5.995848390353248
