alpha,s
0.45002728555700855,0.0
0.6147921873753346,0.10865401868682917
0.7521770534682689,0.3155771102725188
0.926927471195859,0.8728082784369835
1.7459170995688318,2.7166602586244553
1.0,5.999137430543716
