alpha,s
1.1661097622195704,0.0
1.1537147327805817,0.10865401868682917
1.0571298249399976,0.3155771102725188
1.0352576800151643,0.8728082784369835
1.7552474325470708,2.7166602586244553
1.0,5.999137430543716
