alpha,s
1.1539192724359104,0.0
1.1566715934397778,0.06102769085781651
1.1160265744275022,0.2110026006147238
1.066861070123758,0.7064935565242817
2.790981260660982,2.50309617423433
1.0,5.99989017197558
