alpha,s
1.059942473768174,0.0
0.9293872005483258,0.4175736807120653
1.0021523472776883,1.4058346572969016
2.2607085557498436,2.8538386399287186
0.0,4.469133883625625
1.0,5.990065203727565
