alpha,s
1.5304934331871407,0.0
1.2074158456553528,0.06763811588594174
0.9382262313075848,0.4422820853840915
0.8052431450477073,1.7253983518537797
0.0,3.9099058102077087
1.0,5.996735708558181
