alpha,s
0.9614803624524193,0.0
1.0514386902943935,0.18354274754314068
0.9465115633761162,0.46213548641268387
0.7528168368256299,1.0120237850367726
0.2706551068742877,2.6542528297527355
1.0,5.99878307084436
