alpha,s
1.0200315940972855,0.0
1.040048012563973,0.18178229389207584
1.0436659501005492,0.47018934495888787
1.0785686904769287,1.0795984126966758
1.5591985686424705,2.8252811218327634
1.0,5.99593321737106
