alpha,s
0.3679187589624138,0.0
0.23616803475054585,0.37932573854875995
0.06980893113307239,1.3621873708927024
0.006017210607592129,2.8018446806691095
0.0,4.496349516836171
1.0,5.99954737134051
