alpha,s
1.3209333908760437,0.0
0.9565892610399447,0.42501691655894175
1.1654268166429813,1.2995181105516116
2.1026429022637405,2.8246658757365406
0.0,4.324587455542994
1.0,5.995060941890059
