alpha,s
1.3248173052761487,0.0
0.9637612647410156,0.4442475018899409
1.2280877683943399,1.3977419735288232
5.916915618759831,2.911107402822436
0.0,4.466577644805178
1.0,5.979162292906914
