alpha,s
10.113077639013824,0.0
3.2862225137893923,0.0092861666525796
1.8254636317696522,0.07108713964051751
1.5961025738348749,0.44634695746308933
0.0,2.557389391085755
1.0,5.96260308973568
