alpha,s
2.135977081347061,0.0
1.3817133034114655,0.00953202738640964
0.9563818961479461,0.09665001232829597
0.9747148454250643,0.694573935503786
0.31875748445879937,2.926898400796473
1.0,5.99273168246356
