alpha,s
1.134682733812523,0.0
0.8569120744561646,0.4097487545185556
0.7655424963524459,1.3637949862366936
3.5485868324048324,2.804092367506337
0.0,4.435315465168415
1.0,5.970258374458275
