alpha,s
1.030932345882278,0.0
1.0494506462172748,0.19916205592597488
1.0726712284801792,0.5097092595798505
1.0680823760089757,1.1151738781303768
0.527555987204801,2.88413394804676
1.0,5.988569703658706
