alpha,s
1.0639779941747542,0.0
0.9341758556719638,0.26760384463820736
0.9579985294219143,0.6911340178763071
0.9513515965014716,1.371221649277992
0.9112978359910486,2.9576202619880285
1.0,5.999716773015402
