alpha,s
1.2591367367697035,0.0
0.9399258410743072,0.41379390615830564
0.9121136473480311,1.4855298550425842
0.6894622836404785,2.8825912245665766
0.5816238020541462,4.391886830542853
1.0,5.9992784770577625
