alpha,s
0.7831742775377797,0.0
0.8993423699932674,0.13997256703842026
0.9455378510048531,0.3520582276648308
0.537251479377587,0.8375943920834898
0.17281928405583347,2.5552891106463727
1.0,5.950981399778546
