alpha,s
0.8818490451545624,0.0
1.1262569822613784,0.3401444287915848
0.9279298877182938,0.7329211786872815
1.2328034851219354,1.4862725738396336
2.269230907729915,3.0422673475797377
1.0,5.981494862792882
