alpha,s
1.1663552610845036,0.0
1.3247033222425868,0.23142747705303818
1.4088327028588217,0.6453654256788278
2.354835274140613,1.6175038532266839
2.078180563597931,3.4534323313802067
1.0,5.998383298438679
