alpha,s
1.0784771328544362,0.0
1.0403024283245177,0.18728502166920533
1.368461885547782,0.48625895075026876
1.0559024852695473,0.9097788848958529
1.4216814201510226,2.3739176659313697
1.0,5.983197310443665
