alpha,s
1.1538134668702327,0.0
1.2282229207381459,0.46217045304529086
1.1548251029914176,1.4461383106558328
0.5485883471861178,2.815528995975815
2.1089322842815537,4.479424612752154
1.0,5.995497396805686
