alpha,s
1.166532630075137,0.0
1.0325137747131388,0.14500877764418313
1.1009673492592227,0.42553259757566475
1.0819259757575426,0.9891201541500849
0.8102870522024646,2.7880409939097888
1.0,5.98832855525197
