alpha,s
1.0251008982734227,0.0
1.057026258970447,0.163699579143136
1.0591832036621338,0.43756554769292144
0.8927722766736308,0.9889444567652884
0.7240367538452085,2.6766154951601218
1.0,5.987311005643472
