alpha,s
1.9369888898978604,0.0
1.8893502702767218,0.06907536305903923
1.4514724118288038,0.2147298641200996
1.1617903940475955,0.7690048321490657
1.0152513126466112,2.8637451344302076
1.0,5.983477421790614
