alpha,s
0.5990721534403732,0.0
0.7589322972883336,0.1038715040672236
0.9716826152143856,0.2959603922183385
1.0825768179346562,0.8342018356622101
1.1799991355287676,2.7970814319281603
1.0,5.997991244860479
