alpha,s
0.801974630111912,0.0
1.076415181608931,0.10278132167605214
0.8144174880111842,0.28138427382379466
1.0373157150057473,0.7943234191927566
1.3372679890389134,2.5983815346025487
1.0,5.908771061134843
