alpha,s
1.222542527299868,0.0
1.4055667300624752,0.10278132167605214
0.9509743797756127,0.28138427382379466
1.105027426346275,0.7943234191927566
1.3355135976280903,2.5983815346025487
1.0,5.908771061134843
