alpha,s
1.2915465659370975,0.0
1.1264927465405181,0.3961173053480612
0.8338680584340016,1.3380068619997503
0.5241520338411184,2.857338598817281
10.71094845401356,4.522682341292591
1.0,5.997323079795561
