alpha,s
1.1128929047648783,0.0
1.0823311388724481,0.08122675630311256
1.4226962294337053,0.2877400508033396
1.1464787487344212,0.7716446851859955
0.0,2.7568658424679144
1.0,5.966341791607509
