alpha,s
1.676497825689132,0.0
1.4438377210450581,0.3914953093374883
1.6182394767793884,1.3597492697797635
57.22926583278659,2.767082839794453
0.0,4.414517663089195
1.0,5.991534095874549
