alpha,s
0.9637622358964351,0.0
0.9847236633390373,0.23302152816731075
0.8657802752691577,0.6734991455813092
0.8331020181888512,1.6306947890135006
0.33179822360194083,3.556650282894316
1.0,5.999342911681191
