alpha,s
1.3000914034265691,0.0
1.2776251010226167,0.4578639056111056
0.3716070415252141,1.3680807843883487
0.5261960600113352,2.7500002730571556
1.018332217729359,4.4222777082697595
1.0,5.985966496476026
