alpha,s
0.9907372648085802,0.0
1.0431200166756895,0.10188668012823833
0.9317264208040786,0.28501065370211937
0.7438704576741176,0.8329763011984578
0.12836108217533376,2.9419754964153695
1.0,5.96180493983738
