alpha,s
0.9427727521594748,0.0
0.9928042547369375,0.2972116070976123
1.194566580717983,0.7168144924740537
0.817449455831081,1.349842613045291
1.2044528072724947,3.2060710588656374
1.0,5.995702661350068
