alpha,s
3.1543005854270945,0.0
1.698362149170524,0.007468186674781121
1.0768629827005798,0.07928401796306059
1.0730345688113343,0.548567782984644
0.6702836469779948,2.612085673440505
1.0,5.98610234436218
