alpha,s
1.0084195975916947,0.0
1.0488547256605782,0.28215315291480353
1.0792471731018898,0.7074741033762237
1.0538125927968074,1.356764088516411
1.4892096454798476,3.017753055284493
1.0,5.994285711477914
