alpha,s
1.1187548706370636,0.0
1.095457193462665,0.10472531638610313
0.8836294621310405,0.29733538285072814
0.6443696860511406,0.880725665984844
0.09846430160163991,2.8158552368465104
1.0,5.976749457055773
