alpha,s
1.2140236152634731,0.0
1.333318356239489,0.483997398524719
1.1566907971755487,1.4214324382169135
3.0806153601123825,2.8612594031028142
0.0,4.288763841910043
1.0,5.946614838715718
