alpha,s
0.9552582400827386,0.0
1.0725027518210897,0.19193507345526759
0.8689549285134538,0.4770967329060388
0.6903052941893943,1.122900828591319
0.21572951183050645,2.9413010436813694
1.0,5.965003125106639
