alpha,s
1.1385076254298827,0.0
1.1777149603332622,0.15320822641938664
1.1958747534348084,0.42520616817052187
1.333111195167681,1.056179422763179
1.2361122018002508,2.93327927446826
1.0,5.983258573822575
