alpha,s
1.500118816595602,0.0
1.1237386640281297,0.450822601168073
1.153143430158367,1.5647951257368735
21.710481875555313,2.874681724529425
0.0,4.3259446935767025
1.0,5.996207776666966
