alpha,s
1.638817400939174,0.0
1.1339817597922035,0.4064850801227837
1.3800047305046441,1.4778843012134544
3.8830020678827353,2.9321359195819325
0.0,4.516637643707188
1.0,5.99956034344801
