alpha,s
0.9758355997259981,0.0
0.9925586253030687,0.2011107638542087
0.9553681667377575,0.5091135655431046
0.7174001802578738,1.2021397761049668
0.7234297505881322,2.864950953292897
1.0,5.95673645368558
