alpha,s
0.9133253955454399,0.0
0.5876203394879274,0.491653684374728
0.5193651055395322,1.637551464104782
0.753493889127368,2.9428100670197552
0.0,4.3995806548143115
1.0,5.979316533919754
