alpha,s
11.164904222286614,0.0
2.8705274048818232,0.007117759783492722
1.6219352736731936,0.0835044778765421
1.6488236796185334,0.5261716307434248
1.75450011250692,2.769465110291246
1.0,5.997490575381985
