alpha,s
0.4213276147949316,0.0
0.5382465365263195,0.10041640624783159
0.5722001296718815,0.3318372402131138
0.7126405703865175,1.0009895019654844
0.7929425313521449,2.927437569367834
1.0,5.996032617801042
