alpha,s
0.9902672692651052,0.0
1.339585150156132,0.07283824669705001
1.1475062324436094,0.20746989485171508
0.704815033691881,0.6960099174037241
0.0,2.7746400471718697
1.0,5.960660234057439
