alpha,s
0.3295788798738655,0.0
0.40951475657440334,0.08235586698988948
0.6717581564861556,0.29148188735341324
0.7262958495191352,0.7368402329754572
3.1372172950935866,2.721834368064871
1.0,5.952325692988637
