alpha,s
1.1223990791106175,0.0
0.8290369456405429,0.16567170123472152
1.0050078824447704,0.5059518016192093
1.1518986215664782,1.1507373493391817
3.4194057217600045,2.4653378542151705
1.0,5.935641731510355
