alpha,s
1.1085159219499587,0.0
0.9858814082732212,0.2517173331881173
1.1704970302365731,0.6785456871256987
1.043105527485213,1.3441861620165472
1.4105412101950525,2.868435557326914
1.0,5.918520668747453
