alpha,s
1.3118303824629935,0.0
1.3788074367478382,0.0665243119422164
1.2703035437114774,0.2122083664042411
1.148855835091779,0.7155842542642554
1.1315944038759462,2.7438706563360173
1.0,5.9938587443129805
