alpha,s
1.0433667570045062,0.0
1.3120376138133616,0.24416543516481035
1.0251790285945959,0.642345128687678
1.3165997740290878,1.7892631176551228
2.71484595398601,3.633828745093396
1.0,5.999059722707858
