alpha,s
1.2926020398999054,0.0
0.9014462164635482,0.4515117398869742
1.4066067328843495,1.4999427076752145
0.8171295912822321,2.827006436462527
0.0,4.445521354617377
1.0,5.978527566838432
