alpha,s
2.00116714215502,0.0
1.198190024521075,0.01045659262377986
0.8691209247808992,0.11395421651416364
0.7700043188718663,0.7187179929914077
0.31209968975930846,2.7954995967440577
1.0,5.991498676188064
