alpha,s
1.2594162998237464,0.0
0.789288396179012,0.4798357197745271
1.887990063235106,1.5630796220915855
4.6332245728903905,2.9147709576832406
0.0,4.43202358431805
1.0,5.985498317955191
