alpha,s
1.167082714317769,0.0
0.7772881478040207,0.4798357197745271
1.8761499196730598,1.5630796220915855
4.618600682150586,2.9147709576832406
0.0,4.43202358431805
1.0,5.985498317955191
