alpha,s
1.0084713670864744,0.0
1.0650314739165165,0.28559370351059854
0.8919876030573068,0.6797633948469671
1.0479642675112397,1.3587906981119646
2.0256911073803536,2.903568150296971
1.0,5.987445218656943
