alpha,s
1.0296478421843496,0.0
1.160799568938732,0.28407306287196127
1.1972818822578069,0.6878219395780847
0.7600880691739478,1.2726000113806102
1.862889560612428,2.839992370582667
1.0,5.922635189525405
