alpha,s
1.4831202590220378,0.0
1.068184509264728,0.05850129539247088
0.8662099020161776,0.37155201979980207
0.8399628608736348,1.4187371639933841
13.584648128585853,3.4191357661435706
1.0,5.9929545230157615
