alpha,s
1.0836043968634441,0.0
1.094123143473828,0.24105968958066581
0.9804239813781159,0.6859944511176479
1.0749961294419976,1.7566044132610186
0.4941367533869799,3.63783713527509
1.0,5.997874830610894
