alpha,s
0.9564204296615887,0.0
0.72780153646859,0.4514627378340783
0.4180198433668996,1.5228940917619962
0.25711708923844323,2.8751826975887607
0.0,4.351458070229368
1.0,5.990482417991155
