alpha,s
1.5361140082100235,0.0
1.0409808896294725,0.044188002385312904
1.082709146795068,0.39432407210892195
1.1197390455160576,1.583008114500261
1.1511144808236178,3.7926610821091935
1.0,5.999631117073051
