alpha,s
3.968848324576678,0.0
2.105630260211609,0.010781102787917222
1.6769567252548674,0.10349330709727363
1.620959390215762,0.6430274477622976
0.5735480963715767,2.630338361385204
1.0,5.958388777238041
