alpha,s
0.8052984682315002,0.0
0.8524654228674061,0.09930496416398352
0.7826257371574863,0.3151070977828012
0.9750712101666282,0.8674583700649333
0.8603152618512835,2.691495916490073
1.0,5.995816341187417
