alpha,s
0.9897378446108446,0.0
0.9037269101731877,0.18373022010184484
0.9055450374426882,0.47898785352991435
1.3359574765595774,1.021338165442321
1.8971605742748343,2.4228576082774325
1.0,5.977084780158939
