alpha,s
1.0755322609566385,0.0
1.0248944101424329,0.16147514013636308
0.998674762378995,0.4347548856385756
1.056902374066014,1.0259131747989547
0.7908133202919561,2.8827973008764816
1.0,5.980751518996929
