alpha,s
1.0573458078069131,0.0
1.0239286500388065,0.24285795510066338
1.102647208448746,0.6962110081250639
0.8799890990289612,1.6743756808144
0.9344539298488993,3.743147390148236
1.0,5.999707636644952
