alpha,s
0.32988856723415344,0.0
0.2629082628819874,0.4135093839403407
0.09692658379851118,1.3471741438921214
0.019821103488937866,2.7337452761217977
0.0,4.42289195446163
1.0,5.997656524806412
