alpha,s
1.1375084304678296,0.0
1.2189134349669504,0.14963869568881505
1.108571040494938,0.3912803263010063
0.9270954693268263,0.9632239854645754
0.7153103580869733,2.785930597783675
1.0,5.986768372342923
