alpha,s
1.2131431296646211,0.0
1.0709159250801445,0.1634993584518719
0.929057228558566,0.4521762398364537
1.0769221399334499,1.1205109951092609
1.2952554086074866,2.8231321209689195
1.0,5.984809984998133
