alpha,s
1.1244886382037724,0.0
1.0406009376233167,0.40965642438313665
0.8651093805785544,1.3584393070812513
3.819969363390659,2.7552360441789885
0.0,4.268837365033228
1.0,5.99911701623328
