alpha,s
0.3789782236795395,0.0
0.21355414204109038,0.38248312801853
0.07977224719843151,1.4178313929849737
0.025551316260188247,2.883671012819639
0.011478702704857359,4.558643098270779
1.0,5.999297209482978
