alpha,s
1.4724112757182257,0.0
0.7818020562375232,0.03469527774097312
0.5588290944703489,0.3346370920152843
0.411540015181808,1.5168041704412565
0.0,3.6215288362619305
1.0,5.989224120708292
