alpha,s
1.26255155353661,0.0
0.900799023335667,0.5292137146488732
1.3918604912857409,1.4452889969540248
0.0,2.985813440793444
0.0,4.360142693887071
1.0,5.998046129871143
