alpha,s
1.0501576322567543,0.0
0.9049208796716929,0.45285345567746793
0.4748864405380855,1.333309745065057
0.3817875960112273,2.7202751283578603
0.0,4.318038936301147
1.0,5.999809245032216
