alpha,s
1.1269133757592797,0.0
1.059957915347121,0.45285345567746793
0.6817526377906395,1.333309745065057
0.7359930238940358,2.7202751283578603
0.0,4.318038936301147
1.0,5.999809245032216
