alpha,s
1.1084259630753364,0.0
1.159607903925525,0.18244896304642488
1.0554408989527548,0.4684816778887038
1.1621225624659295,1.0871627096335155
1.302755945645996,2.970327496449692
1.0,5.999136957216167
