alpha,s
1.6172200394895913,0.0
1.4923643098335655,0.17972761811620294
1.3265177485364468,0.5059744009393559
1.8342828892492928,1.2083200800402594
0.0,3.1014213986246335
1.0,5.944425307483677
