alpha,s
0.9858039836663092,0.0
0.9451457626436176,0.17972761811620294
0.8936857483341185,0.5059744009393559
1.1939782656655227,1.2083200800402594
0.0,3.1014213986246335
1.0,5.944425307483677
