alpha,s
1.1608965233099755,0.0
1.116013115651091,0.21755687255206252
1.0903312578593563,0.6610004830144979
1.077652107842688,1.6395812679748643
1.8432668695609014,3.7312348752761473
1.0,5.993961590735374
