alpha,s
0.9941887044388705,0.0
0.7229804913461514,0.3801286509820532
0.4541449001726413,1.4708999305588166
0.19887145554379188,2.952227313855411
0.10658437831230205,4.408015540992621
1.0,5.99701420374022
