alpha,s
0.5558255652053933,0.0
0.6465553044451089,0.1002370537551452
0.906826930216566,0.3143749383437304
0.9784263744077881,0.839199985142383
0.0,2.704376593987954
1.0,5.998250472366735
