alpha,s
1.3877460082618551,0.0
1.2189610723077837,0.1002370537551452
1.2870913234049213,0.3143749383437304
1.212564959535821,0.839199985142383
0.0,2.704376593987954
1.0,5.998250472366735
