alpha,s
0.5134299461151169,0.0
0.5810479261968973,0.10008805471093825
0.7315006304877575,0.34152675528622967
0.974294243950955,0.9467157265913513
0.9493485221965473,2.8155383067413196
1.0,5.940287738877353
