alpha,s
1.3660436333849233,0.0
1.1273605601337622,0.10008805471093825
1.0588048942286412,0.34152675528622967
1.1718568961159386,0.9467157265913513
1.1630051473618708,2.8155383067413196
1.0,5.940287738877353
