alpha,s
1.0154115168302682,0.0
1.1227322624854783,0.22668228653482494
0.8982935013040039,0.613766797202979
0.691379051232511,1.5608708077727462
1.3498915175417783,3.5100535548089016
1.0,5.9939611060126525
