alpha,s
0.512541943914512,0.0
0.27775960025229024,0.38135401401568936
0.14065911373855652,1.3392072269838529
0.0,2.799460144544953
0.0,4.421208187069208
1.0,5.996023232984083
