alpha,s
1.1062786748421283,0.0
1.374314542840442,0.1383592338745851
1.435373656485023,0.36204631311100627
1.1690315803871172,0.8162843247643594
0.25479193069785155,2.6464179961714223
1.0,5.987195759628097
