alpha,s
1.0956197728176074,0.0
0.9507870198757254,0.17344879770733682
1.04498904709124,0.5037179211966852
0.9130278184579775,1.0990603354468613
0.8388209781736337,2.9182104905338235
1.0,5.985459846741359
