alpha,s
1.4103520622638663,0.0
1.516690995249534,0.1469592257965705
1.2336596859197755,0.3754508096684073
1.2322863063451888,0.962585074966908
1.0617693952404164,2.5648861601555955
1.0,5.9908636324954925
