alpha,s
1.1284327166128114,0.0
0.9110618281398383,0.434454990173555
1.52416526626862,1.3952008633929274
2.642751316018728,2.703102437136679
0.0,4.347339347470037
1.0,5.9954633380754485
