alpha,s
1.3894437148403092,0.0
1.2865286169359262,0.059526064674705274
1.1038161179696224,0.20805849082734418
1.003114903773175,0.719446334335098
0.6473599369866119,2.705689257162585
1.0,5.999327984668425
