alpha,s
0.3316818987936636,0.0
0.2288868972863083,0.38525729865075314
0.11742536055456422,1.3323989566295562
0.018211661041977648,2.744672325348011
0.0,4.585337059027292
1.0,5.996485363588197
