alpha,s
1.002419111794156,0.0
0.8727101591753774,0.46273754759988023
0.5622492282847118,1.4436027389135535
0.6708062447569147,2.7907303557038756
0.0,4.517915955116291
1.0,5.988407553432333
