alpha,s
1.0562103327099206,0.0
1.0111773197297724,0.457895811801052
0.7134806007401846,1.3691495711206814
0.433293106085115,2.8397081781224203
1.5646972013003875,4.383391265755011
1.0,5.991024840311743
