alpha,s
1.1314995704631872,0.0
1.0252143741480833,0.4701999012669135
0.8349761923850864,1.5218863752716223
0.8237873937924378,2.940519548365924
0.0,4.377194271837313
1.0,5.997803662853356
