alpha,s
0.9537251470445738,0.0
0.5471949930758494,0.35761089126798395
0.4120615377648243,1.335345364380855
0.0,2.7352453093466647
0.0,4.383025190024986
1.0,5.996786230854289
