alpha,s
1.0809762589551382,0.0
1.0758815832846058,0.18690856170408665
1.1549488216096433,0.494182940511119
1.101687153261582,1.11555527038871
1.1409315722740605,3.104616666309247
1.0,5.999631806138154
