alpha,s
1.132580880584968,0.0
1.1709746514920212,0.1819963595843203
1.150689031222641,0.47013568580458803
1.0743389361261084,1.0568185596233062
0.517151351868263,2.8157554304651997
1.0,5.989386163253138
