alpha,s
1.0108835973917045,0.0
1.0252966756095285,0.22006708758113372
1.108273837842304,0.565563748830258
1.1385149914900425,1.2604968658945581
3.387144260844423,3.1864654829937016
1.0,5.937530223545185
