alpha,s
1.130543249007833,0.0
1.026188750482403,0.1640354109666851
1.18108562609256,0.4302108797591113
1.2191533966578008,0.8849745767966797
1.2628769674835552,2.358853240057442
1.0,5.946703661690808
