alpha,s
1.0294692803130703,0.0
0.9980877688606763,0.2890256214064184
1.0109315012536246,0.7029704111706725
1.1116211578959152,1.415376208992239
1.1799036072524896,2.9480687772111804
1.0,5.998875446868739
