alpha,s
0.6174054937039692,0.0
0.3569285509786905,0.3905999786580841
0.1206117594448677,1.3729870318444344
0.01732899633441853,2.869712951402467
0.0,4.4502593951000256
1.0,5.993679209660774
