alpha,s
0.4975806013575959,0.0
0.2928103957977213,0.3656881643044632
0.10406174434480443,1.4116012951278996
0.03930832101445411,2.767509814425173
0.0,4.420680505479894
1.0,5.996165632496875
