alpha,s
1.006066120621303,0.0
0.9309452337796117,0.27947659719313594
0.8892455603088009,0.6988629424769481
0.9181642306736789,1.4318743332021093
2.62115815157457,3.01603949715721
1.0,5.921001596666517
