alpha,s
1.0272742883854713,0.0
0.9531588902903563,0.17703596225801504
1.1051203699554402,0.5006074900638041
1.300729502477962,1.0635952643872197
1.9511419142930286,2.761042542099694
1.0,5.981243005931367
