alpha,s
1.0360220858660638,0.0
1.0805472625631611,0.18095980823453572
1.0198177664987316,0.4599652822473734
0.9995454513604678,1.0507844801879649
0.945085000891713,2.710101886648463
1.0,5.9994787634457545
