alpha,s
3.791681923418006,0.0
1.457570455326894,0.0050597522781172
1.066119051068263,0.04411863644828924
0.906597288011679,0.1705461753610327
0.9497590253284682,0.5269716264221974
1.0,5.425488516886483
