alpha,s
1.4067016078304109,0.0
1.0935736666775562,0.012359410577123524
0.9281080166060266,0.10496589130611907
1.346469400312088,0.6011911132612364
0.0,2.751835669484162
1.0,5.987492122240218
