alpha,s
1.001456507598961,0.0
1.0446820082768662,0.1970415537702121
1.1449249600413072,0.5058224436437044
1.0692515815075219,1.0744746717740912
1.0229167031464212,2.870309336079614
1.0,5.994755827181628
