alpha,s
1.1637256649010517,0.0
0.8086774532802815,0.055204740578615345
0.8493953400089017,0.41542551295019453
0.9301961380269066,1.4916360225835057
2.768495273196125,3.6788879017358105
1.0,5.981715280948952
