alpha,s
1.1707165184837454,0.0
1.0447493611640535,0.4243674437458335
1.1744000972506263,1.3821672933175402
1.9268942095573192,2.700493370538675
0.0,4.295611025338648
1.0,5.9992939153019496
