alpha,s
1.393596675584151,0.0
1.1715391624004328,0.4243674437458335
1.293658426529241,1.3821672933175402
2.259371612749573,2.700493370538675
0.0,4.295611025338648
1.0,5.9992939153019496
