alpha,s
1.2100752991565282,0.0
1.1010939317017532,0.06430022061499575
1.1804758306224217,0.22671781085386034
1.1465543078491762,0.7419191057608809
1.1562682148339176,2.7645174014730984
1.0,5.999862441103256
