alpha,s
0.9747769192209449,0.0
0.7662314614121157,0.4453529442072993
0.34903764282872735,1.4150617548713638
0.054337785791867994,2.851113089121248
0.0,4.2763483206727075
1.0,5.998856574482126
