alpha,s
5.594088063183926,0.0
1.821377312540692,0.0065494018834382625
0.8777546607223634,0.10142671023343348
0.790072402759231,0.7029302177895427
0.5039163932268732,2.4255877264058787
1.0,5.955245859184819
