alpha,s
1.2507454506556261,0.0
1.1029071064291913,0.06416508435514004
1.078702396696056,0.21994609439232993
0.8611587416794412,0.7165182579084591
0.2241049239372962,2.7951583442899786
1.0,5.991926427213427
