alpha,s
0.4150019576255371,0.0
0.5394182710468466,0.10249317615836788
0.7387365588072844,0.31694839985183665
0.81142794202337,0.8225337529423565
1.4838761660267432,2.6000813820546687
1.0,5.995530490619378
