alpha,s
1.0312863793907228,0.0
0.9843745954322028,0.294819094488781
1.000030958796754,0.707492962841425
0.930876587457099,1.34298633242649
0.4571293710044517,3.014444159387363
1.0,5.994156593523419
