alpha,s
1.170510537116039,0.0
1.012827409618268,0.4590377431876852
0.9975807383825205,1.4254240595682508
0.6117946201715979,2.8139971172325895
0.5289980895480699,4.297233884011487
1.0,5.996885248282581
