alpha,s
0.9804288311477276,0.0
0.976927018121808,0.1942043239029817
1.157243063729248,0.5152380490628632
1.2142717237085587,1.1235796916214726
1.451799927285507,2.9492218611697694
1.0,5.989118669672691
