alpha,s
1.2336145749019922,0.0
1.025542064516885,0.4614749498901425
1.0794383265637977,1.5293554883946208
0.6969724054164742,2.887235270767136
1.5517155750052705,4.399729776982941
1.0,5.995766202934621
