alpha,s
1.677882967277606,0.0
1.4215076661657153,0.18345147527744085
1.2550234461935914,0.6463207855617751
1.8927549723471448,1.6943351567776839
12.862567993016985,3.759947420469798
1.0,5.995301699646621
