alpha,s
1.0211018143230068,0.0
1.0915291742196367,0.19014778219756934
0.9926459589524069,0.4790771560194772
0.9703743468899735,1.1047493644147477
1.3092254177953497,2.729948605380639
1.0,5.974148108358475
