alpha,s
0.4020090688465543,0.0
0.1973606144511487,0.37702734341079774
0.08063957226200831,1.277401205941121
0.03178699342574449,2.7103877019990583
0.0,4.282544241210061
1.0,5.983889688410654
