alpha,s
1.2918557504882073,0.0
0.9349836089415389,0.05495853876498346
0.9160779777019805,0.45260468126610565
1.094585566366519,1.6769240238844632
1.6620872646832376,3.6927369765224265
1.0,5.998418473009831
