alpha,s
0.414739175467249,0.0
0.5485708256379108,0.10685356991482418
0.7792446427333676,0.3162746198633638
0.8084569754279219,0.8257150799088308
1.2820265761800933,2.5740180369690986
1.0,5.991904647538177
