alpha,s
0.4590808700143088,0.0
0.674274397866236,0.1136184262427769
0.9148637596032858,0.307176383070455
1.0371605532561887,0.8403292608447652
2.752832836322135,2.541468741377937
1.0,5.940220585756552
