alpha,s
1.2010120137937121,0.0
0.9461678256755442,0.4060471397941191
0.7567285881839363,1.361640234296183
1.0075701460445785,2.765357167070368
423.5429022879386,4.356002808774686
1.0,5.996664415897205
