alpha,s
1.1424300449938167,0.0
1.0144948713412323,0.14989129125371217
0.8675562954006876,0.4344390754896845
0.7955818355826432,1.1245837299269204
0.3476209708944258,3.0561995227687633
1.0,5.938746327876881
