alpha,s
1.6345468155137233,0.0
1.0006544784583407,0.42290703519509776
3.7775724323627298,1.4517719509122526
0.0,2.785360230293815
0.0,4.497335768261016
1.0,5.995574350862712
