alpha,s
1.0011989375257115,0.0
0.9716010758024834,0.29140150786123437
0.9707068692077285,0.7197367217965778
1.0174682541459168,1.399690665750276
1.4198244340952606,2.946412577932015
1.0,5.988681468985993
