alpha,s
1.503103713728974,0.0
1.1007759806659831,0.40656365096030944
1.263380554352998,1.386916623883984
2.271268836524708,2.825499879459047
0.0,4.396482756608249
1.0,5.980682723931919
