alpha,s
0.9745863280671042,0.0
1.1423192348028999,0.2987112730454091
1.1793163799481414,0.6578999741352316
1.1329387974496417,1.2963218681504693
1.5188594775208022,2.7770265354351613
1.0,5.995124462959671
