alpha,s
1.5651128217935697,0.0
1.250521277804627,0.41168918248994457
1.2236154032798434,1.3994307148133645
3.270158718702789,2.824427816210232
0.0,4.396497242438986
1.0,5.998319937687848
