alpha,s
1.0750535743417844,0.0
1.0322769437523194,0.41168918248994457
1.056583234804807,1.3994307148133645
2.7928950119169453,2.824427816210232
0.0,4.396497242438986
1.0,5.998319937687848
