alpha,s
3.8177296786906876,0.0
1.5112108027441293,0.00552533359100854
1.144810574227581,0.04816340712305631
0.9532093054906081,0.17082933978625173
0.9405297378616457,0.5251172940361577
1.0,4.3650538462084185
