alpha,s
1.819176551991033,0.0
1.0221526449989904,0.05495853876498346
0.9159106916809483,0.45260468126610565
1.0311865665749471,1.6769240238844632
1.0866255722370064,3.6927369765224265
1.0,5.998418473009831
