alpha,s
1.4318211874424076,0.0
0.9404236169374012,0.4484864921772056
1.6167755317627373,1.393875013672664
5.272898263491577,2.822179732239098
0.0,4.424286733200219
1.0,5.955584398556256
