alpha,s
1.1866222652052782,0.0
1.0160275714246452,0.0981975177504197
1.0955542133495524,0.3242654931433324
0.816324785415036,0.8252545520393904
0.9619513549340271,2.5958852652167317
1.0,5.955340297460213
