alpha,s
1.3564193121273513,0.0
1.5703151464924074,0.19075987239128983
1.2985032941923103,0.45910827716398
2.1434512304541236,1.1736070019825284
8.864070144343602,3.2768720665226443
1.0,5.975080192844839
