alpha,s
2.6756625302904107,0.0
1.4704276107584227,0.010450631660280029
1.150198202346466,0.1088293355561556
1.0624179751102456,0.6143882200535242
0.7074920465420128,2.79303440396688
1.0,5.997626936989251
