alpha,s
1.0413751938516336,0.0
1.0895760106138748,0.18405823620058703
1.0307049690116463,0.47379612686054684
1.0309239889626631,1.057484572873614
1.8326793823719774,2.8041694335304364
1.0,5.999444549710001
