alpha,s
0.5422511152684412,0.0
0.3040292343346923,0.3793724800926106
0.09235887220739937,1.40775113212372
0.03938437941769438,2.9177369157557855
0.0,4.474019586179456
1.0,5.997915987722411
