alpha,s
0.8545978976543689,0.0
1.1084745723170821,0.2889886141060056
1.3772706267567876,0.7687591969595495
1.4102634763492417,1.893361602921742
0.0,4.018729558628392
1.0,5.983241384771654
