alpha,s
0.9879495805827883,0.0
1.0934080050795054,0.28908456978777475
0.9571114387775265,0.6638560474367112
1.1848599985937538,1.3622081101377588
1.4206931762109878,2.8689745131759117
1.0,5.998163879411797
