alpha,s
0.8355507107224746,0.0
1.1023803227656634,0.19135993274238855
0.9405623991071302,0.42989336779533893
1.067689908307484,0.9691848735194672
0.17502276498878008,2.8178386914902185
1.0,5.946118509963609
