alpha,s
1.063691894317627,0.0
0.9775420730212753,0.3990104876569371
0.8417507518001769,1.3373638083435162
1.0101968443111067,2.7428455085459302
12.630895617762054,4.410193747072544
1.0,5.990028901819472
