alpha,s
1.107880112918295,0.0
0.9549628745556877,0.05147382134325533
0.7364783636934551,0.3224926942684485
0.560167428676583,1.2545917909586093
0.6038809119298397,3.134957188460631
1.0,5.9950540255753495
