alpha,s
1.260037002788122,0.0
1.0883913798419742,0.06226193185350852
1.09429748515562,0.22249197968644294
0.9524691181940982,0.6833126045574605
0.6773194538959264,2.3692688408409905
1.0,5.995999152082449
