alpha,s
4.2570328381067375,0.0
2.1187055655310343,0.00587716542126708
1.4318687936453172,0.07188706731218802
0.8537607265877716,0.6379666319028087
4.126148219509725,2.8970994621293595
1.0,5.9870676635251385
