alpha,s
1.0224453812770244,0.0
0.8136819705644344,0.4287725791970958
0.941384726184372,1.3527311968370503
2.1995901243601894,2.815830670380362
0.0,4.32321053160146
1.0,5.996110016324235
