alpha,s
1.7143249623103667,0.0
1.43751672855795,0.057739202336581884
1.1176048324546461,0.21666454410397532
1.485843615716516,0.826019174209762
0.0,2.809050420206501
1.0,5.918019343272615
