alpha,s
3.78639672108118,0.0
1.6244105498754255,0.005668936826305961
1.3045684670806088,0.07199428189924274
1.1734051400379415,0.4767916180320543
3.2964509032627443,2.58264939332065
1.0,5.904557919444285
