alpha,s
1.7781853354991943,0.0
1.040720039503322,0.3688120836352321
2.173742343644078,1.535386498103971
0.0,2.7936705376926643
0.0,4.188597296405972
1.0,5.976358818599099
