alpha,s
1.1393931392269843,0.0
1.1832355200934714,0.15245616055920402
0.7689232364869618,0.41024422988853976
0.8240806224623911,1.1322790430494851
0.0,3.0424802691561714
1.0,5.962353601157584
