alpha,s
0.9143298449675369,0.0
1.0794914546048822,0.3019665067848619
0.9399890891852054,0.660214701362353
1.0151903141298415,1.3600483574859323
1.5447320737848382,2.8426407894705075
1.0,5.994178095983957
