alpha,s
1.0065157244330123,0.0
1.0925068258470398,0.18095046584444732
1.0592177917883132,0.45637705864557665
1.4404932413112443,1.0749877838080817
2.4336075600393583,2.6057327805566746
1.0,5.974049202627239
