alpha,s
1.1751282357531838,0.0
1.1134246048598608,0.2283641905029369
0.9647240800209363,0.664835920423952
1.073962030150071,1.7011960009611296
1.6292949576490239,3.7629626504941824
1.0,5.997432430446092
