alpha,s
1.0572977705362772,0.0
1.1652219522361285,0.4011689843141605
1.1477656644733074,1.290850819312795
2.3843076806708656,2.742021187084436
0.0,4.256697077250751
1.0,5.998965330214292
