alpha,s
0.76204515372511,0.0
1.0349265937549441,0.1194845592808924
0.7925841515703432,0.31721546392834565
1.0422935418284835,0.9737713504870651
0.5360965780671886,2.847056374172976
1.0,5.9300606270256
