alpha,s
0.26162249280837196,0.0
0.5193595277071095,0.1194845592808924
0.5253634198609383,0.31721546392834565
0.8192274984092056,0.9737713504870651
0.39053607603972895,2.847056374172976
1.0,5.9300606270256
