alpha,s
0.8602239778338215,0.0
1.01954772468991,0.5216028262109005
1.584735947917125,1.4482307370421452
10.746152807292322,2.7733834776394435
0.0,4.417690954164344
1.0,5.994851118658781
