alpha,s
1.0464059758900777,0.0
0.7250124667669864,0.43787256585284773
0.36055711185157224,1.4570314335991057
0.29606147187527376,2.800365014719599
0.08274776492214592,4.4002989634273195
1.0,5.999227008426399
