alpha,s
1.0992740784505053,0.0
0.9836666071286868,0.2631001235429608
1.0817598638862855,0.6710994587061073
0.9713786810680601,1.352938874699635
0.7420009828777139,2.9455841895386987
1.0,5.998142322545858
