alpha,s
1.0226442861215543,0.0
1.0635398237898064,0.18094802799963353
1.063730592547343,0.4606144359093074
0.9534081233306433,1.038542155591018
0.576633706345782,2.731364436774357
1.0,5.998374363470099
