alpha,s
0.8860887156233274,0.0
0.7005599920815067,0.41935930085407824
0.4237457433701248,1.3915334858550352
0.12938279180847145,2.8180849173444926
0.0,4.437856419289392
1.0,5.999274220362822
