alpha,s
1.096268479246997,0.0
0.9382763194532302,0.23070617182998535
1.110876756911042,0.6790225956289372
0.48745079325566876,1.6514313464607324
0.8152025988937759,3.829874045207565
1.0,5.979796181942954
