alpha,s
1.4767653229072033,0.0
1.350996215852694,0.06789424869712087
1.17302294979712,0.25630786277745365
0.8783928021107031,0.8596390920709372
0.9260197253737874,2.8722301938360597
1.0,5.998724944512235
