alpha,s
1.0979213863584874,0.0
1.0830019357481255,0.2442478185959595
1.0681361607629938,0.6767635175398382
0.9809850991549263,1.72665270824475
4.754486573780184,3.7185504943647634
1.0,5.995895668961682
