alpha,s
0.41045048617535157,0.0
0.5748981197494145,0.10636849245177366
0.7763648970222704,0.3188405190830583
0.691874415462325,0.8311791846252592
2.1281764710465114,2.8911084836963457
1.0,5.965893748119767
