alpha,s
1.0350645478374785,0.0
1.0570875439772314,0.10636849245177366
1.0937665105868544,0.3188405190830583
0.7925124348847811,0.8311791846252592
2.2390989083799457,2.8911084836963457
1.0,5.965893748119767
