alpha,s
0.4909364636055567,0.0
0.6454689171305227,0.10771905441398176
0.700617266744416,0.32158500112261584
0.8426879398300031,0.9118621796752102
0.2468901155320985,2.8243726961376097
1.0,5.999568077329362
