alpha,s
3.899041992303496,0.0
1.366065871988817,0.0049852927183672196
1.1841273229844504,0.050808154366400814
1.0840078603497725,0.1670064467903751
1.0236404919280766,0.4801361427212873
1.0,4.499131664501873
