alpha,s
0.35968860772142947,0.0
0.5016744499929451,0.11140265699262974
0.6757217994211734,0.3219326895197849
0.8240697539411765,0.8209781163571268
0.8460913940496835,2.52718158371164
1.0,5.992481886679026
