alpha,s
1.0001816791038747,0.0
1.0031306846742076,0.11140265699262974
1.0136108606885113,0.3219326895197849
0.9664805719403478,0.8209781163571268
0.9358432179384529,2.52718158371164
1.0,5.992481886679026
