alpha,s
1.0135475929631792,0.0
1.050450990504443,0.1745370975612933
1.0592089795703974,0.4540282593948227
1.15454882556504,1.0842531208492685
2.447400929983273,2.858457485023139
1.0,5.999671984318528
