alpha,s
3.619783755506303,0.0
1.5808009706275339,0.008617097967406744
1.184226357110728,0.09719944240812735
1.0495164712173135,0.5814284090997359
0.8470651377546643,2.752911865751323
1.0,5.997640826940327
