alpha,s
1.4183839134397722,0.0
1.2435688165307885,0.10678453533409489
1.2803278198642545,0.32177458196295255
0.9609740684578124,0.8535132515895556
0.846998483446346,2.5182581365722236
1.0,5.946310791900409
