alpha,s
1.0225340350370424,0.0
0.9955306023019013,0.24610621149296943
1.0348785422111528,0.6916734627443454
0.769733623479935,1.742242631076872
0.8342345112316638,3.7571067071966557
1.0,5.999931628745754
