alpha,s
0.32977652803807833,0.0
0.31820225015051967,0.36954537630538664
0.1287979269689654,1.1781901582737562
0.06488842990688909,2.5675552139158127
0.0,4.4507278486792865
1.0,5.999338012527479
