alpha,s
1.6889211907597421,0.0
0.9243021320648102,0.33635560218330707
1.20447889631329,1.3638247289459122
5.417231241011987,2.7353891062187823
0.0,4.376995048131706
1.0,5.972688967720684
