alpha,s
0.35577821553354433,0.0
0.5290824890814864,0.10798551961799309
0.6172531744940606,0.2982141340435689
0.8522219565449053,0.8585050975716846
0.7401448049993239,2.705438950306673
1.0,5.997757827631199
