alpha,s
1.38049332929807,0.0
1.4214012742598807,0.06346764181457794
1.403650798855677,0.21081823699256838
1.3542308627641413,0.7301622557545595
3.1146696025436875,2.796862984987399
1.0,5.992158889562012
