alpha,s
1.048478917533355,0.0
0.8972656032839422,0.2382569469025468
1.072644648992032,0.7400666661328201
0.9105016752665168,1.7642590051323022
0.0,3.5131545490421727
1.0,5.995602378442362
