alpha,s
1.1618386456361416,0.0
1.0361357501119917,0.18265665155817068
1.18600495503408,0.4848798370278664
1.0625736297056192,1.0629913690813184
2.0216585952448844,2.7322040354158377
1.0,5.956408425635665
