alpha,s
1.8442979677798823,0.0
1.2852559767981657,0.04814139109063863
1.1497112008364339,0.21828476944359335
1.1765114359012736,0.7267290454480914
1.1211234077569472,2.38608427473726
1.0,5.975897524415534
