alpha,s
1.0214017935830342,0.0
0.959649319196989,0.28284497482825927
0.9846766884872037,0.7063723472246306
0.90514136842535,1.3776118200096104
1.0093129548775448,3.0087628930819617
1.0,5.991773875193525
