alpha,s
1.3296988997963777,0.0
1.044043318307336,0.05537608196741981
0.9376898731319816,0.38311545657006724
0.8581195664415776,1.4862428023150003
0.4691354015048582,3.549706733878053
1.0,5.997305749248744
