alpha,s
1.184763095582938,0.0
1.2415934754590046,0.16107684010286125
1.0955669727861383,0.42374151312972674
1.2138576974483732,1.0265807607321276
2.9069409166444937,2.8286166632494587
1.0,5.966731234413326
