alpha,s
3.315130069916801,0.0
1.3380995172105343,0.00492524662335794
1.0535518700146442,0.04596299575923399
0.9295825506886686,0.17067870805063948
1.1160026448792886,0.52924888548837
1.0,4.579433841936166
