alpha,s
1.3702662627088864,0.0
1.1152970850039101,0.4536685836602547
1.4469639152077864,1.4629614529118942
1.420897390018729,2.851408985216993
0.0,4.4186569030571565
1.0,5.999037679650835
