alpha,s
0.3412734939253194,0.0
0.18247113905918058,0.39995632521053875
0.06992157245625785,1.4717618500064815
0.011814748794743143,2.8994007336166527
0.0,4.478265031192737
1.0,5.996605551891265
