alpha,s
1.6540889030914192,0.0
1.0261370489931805,0.04632955332167264
0.9668121307237723,0.38320718881654725
0.9699453600081576,1.5056304579338562
0.20338932341325666,3.5843860424892777
1.0,5.992999111748274
