alpha,s
1.1877693293558698,0.0
1.0219479232913518,0.39709622084148516
0.9224273275753584,1.3943026270128371
0.7753285029285958,2.7605384456271653
7.46702913257906,4.269393644592929
1.0,5.999987241105983
