alpha,s
1.109604323447882,0.0
0.9725223807646702,0.23538680532925793
0.9404989727976897,0.7573921526405104
0.9720431677807473,1.7632296139984738
5.429051560629362,3.544462293029739
1.0,5.991386825483167
