alpha,s
1.0504291388803095,0.0
1.1404889333245656,0.2336905885763458
0.9436329368029722,0.6579636208504779
0.999684340112138,1.664860763663598
0.7848285347575561,3.594448039412827
1.0,5.998108464700659
