alpha,s
1.297881080912294,0.0
1.030939621278241,0.500991205012128
0.8046214167811492,1.5582720775381758
14.830409097954083,3.0942427364018292
0.0,4.612719806897407
1.0,5.983722281832293
