alpha,s
1.0764328888251333,0.0
1.292213314468661,0.16782536446191185
1.405880867212254,0.40790293881020134
1.3606294593093964,0.8847473867255501
3.4290822629093505,2.8012194292449832
1.0,5.99437529581924
