alpha,s
1.2305724007108463,0.0
1.0310878184458618,0.06503281076939706
1.025252350120791,0.41372865951256693
1.6656129392882664,1.6154559741014307
0.0,3.5722968177757837
1.0,5.996770799246681
