alpha,s
0.9151812645353494,0.0
0.7648860759942265,0.48603777403935167
0.4373661806129696,1.442386096273656
0.1426101508184514,2.8995542931180935
0.07017334979169669,4.4384820363240385
1.0,5.99604552890743
