alpha,s
1.136815262884528,0.0
1.0860150813655887,0.17385920635934687
0.9426144725193002,0.46804632049718353
0.9341534134287989,1.1730418588302196
0.2312904884742039,3.0962334023528495
1.0,5.917797539725663
