alpha,s
1.106070047750227,0.0
1.1852079305500793,0.23004572654996372
1.0131408039235967,0.6451404887009282
0.9846020227285985,1.6851299588962432
0.9201876601768068,3.705184588979733
1.0,5.989983617701258
