alpha,s
1.4516436668272918,0.0
1.2512059480302993,0.4279412357999485
0.9313875605701651,1.3548101852433776
1.0290990691988051,2.6956205558413195
0.0,4.240392355049741
1.0,5.9999536275706005
