alpha,s
1.2834884488963016,0.0
1.0140885836891462,0.42250475209962796
0.771046858517151,1.2041722245536008
0.711694151851727,2.700313095425399
0.0,4.2065186983713465
1.0,5.9808569505109945
