alpha,s
1.2568121417574243,0.0
0.8935442740060666,0.054760759408078834
0.8853628621199185,0.4050405612718717
0.6307232781929112,1.5118099143025248
0.0,3.7253500808666793
1.0,5.990294956342651
