alpha,s
0.9990435339671268,0.0
1.0503307658036107,0.191256957580585
1.147384763611477,0.4873662113767053
1.5693267632604342,1.114412340705805
1.4686243764377174,2.7379225797930156
1.0,5.992101751751419
