alpha,s
1.7830317095117465,0.0
1.0870976172701734,0.04684497049119844
1.0360775168135758,0.3846676437110707
1.0121410003615714,1.3440135443036028
9.094144315877656,3.349870603278314
1.0,5.9991791372866645
