alpha,s
1.391344205075487,0.0
1.0002139765107492,0.05280242748388994
0.8941516873659203,0.4432542331471265
1.2957896598215406,1.610485757101634
0.0,3.8809173012234166
1.0,5.999752201400638
