alpha,s
0.9518198362548373,0.0
1.0776254651920196,0.2976100411061445
1.0462427145811364,0.6839351508722182
1.1520867972647715,1.3752862281190634
0.9262572801913007,2.80032205980399
1.0,5.997497384839939
