alpha,s
1.0828121031662097,0.0
1.0254128015259507,0.17679510488363742
1.1320279108383808,0.48654131527474803
1.0253107721116053,1.0574969209167104
0.8442149089727288,2.900265868483647
1.0,5.997824842751157
