alpha,s
1.210896653753486,0.0
0.9425315282213732,0.05065397032717325
0.9970162612408,0.38010847401406095
0.8543230394092131,1.4363711507971075
1.204841300091167,3.5211945015459634
1.0,5.996552406260109
