alpha,s
0.7681313715153955,0.0
0.8897649807272436,0.11475627071627456
1.0296674221418036,0.3324919470777591
0.8342302768165466,0.8602814388579951
0.7378776390223514,2.832624940056377
1.0,5.983930442534282
