alpha,s
1.155394640840311,0.0
1.1558690913277998,0.11475627071627456
1.1816216215253394,0.3324919470777591
0.881917223692523,0.8602814388579951
0.7602536170404418,2.832624940056377
1.0,5.983930442534282
