alpha,s
1.3060702484190228,0.0
0.8831595822164126,0.3965047941845237
1.101060437763643,1.438360743953869
0.9479892326486961,2.765447114678446
0.4656576817233653,4.354737532584546
1.0,5.997418321977401
