alpha,s
0.3247860520862398,0.0
0.4545309065111092,0.0997453241154752
0.6712898536380278,0.295485076155994
0.9478646755810439,0.7166895030638507
1.549052960321821,2.6010320938956975
1.0,5.966073729680184
