alpha,s
1.0691984550866693,0.0
1.0178803306865356,0.0997453241154752
1.0703271039891735,0.295485076155994
1.1673802436561567,0.7166895030638507
1.7621763245692876,2.6010320938956975
1.0,5.966073729680184
