alpha,s
1.3569188392496718,0.0
1.315822489353294,0.07105434466140294
1.1519980903839875,0.25120527442132917
1.2420777709719464,0.8894258111644271
1.9814645594183997,2.8734181746095624
1.0,5.999679522519919
