alpha,s
0.3967260492137949,0.0
0.644556088564665,0.11653352712194924
0.8544582021580451,0.3379966842011052
0.9098089053518686,0.9442291788117233
0.3802859194318607,2.9833204221931653
1.0,5.994107350573972
