alpha,s
1.115344847682679,0.0
1.2602289988130055,0.11653352712194924
1.2249490495579745,0.3379966842011052
1.121162891876988,0.9442291788117233
0.6550635905316207,2.9833204221931653
1.0,5.994107350573972
