alpha,s
0.9631843681574082,0.0
1.0808609504505524,0.2588274650151491
0.8300932974760783,0.7669806886993047
0.8763877284850007,1.9783679499468538
0.0,3.743729993549261
1.0,5.976282231202625
