alpha,s
1.6470515335103877,0.0
1.1903982295106286,0.4506447185763759
1.655607340429919,1.4108041942911762
2.7324625665851197,2.8241021877015218
0.0,4.398128858418322
1.0,5.999873210871254
