alpha,s
1.0475737934315696,0.0
0.893069887198354,0.2780138722065047
0.9960253212266377,0.6937595279352234
1.0061465312487943,1.3476936983729173
0.7621922398108342,2.9796471586821087
1.0,5.954763249142864
