alpha,s
6.311624526283685,0.0
2.4973421230998576,0.007659204853365843
1.432661314530829,0.0747408649316375
1.2018446366542903,0.5312221918271268
2.9120967098097585,2.474581818830848
1.0,5.976218939986749
