alpha,s
1.0525524498300616,0.0
0.9928785933671413,0.27217910242756704
1.0222559386752008,0.6694966746803359
0.9889094417865268,1.3296073244248163
1.2528178187544332,2.854097328676198
1.0,5.997230824967463
