alpha,s
1.3212151377492496,0.0
1.268555627818435,0.06831796340287936
1.1515526039363844,0.2320801941247581
0.8128265439496055,0.8075164189479209
0.9147809979748119,2.9307261552978545
1.0,5.998608750989714
