alpha,s
0.9503374248844354,0.0
0.9777676487459989,0.27302459948235297
0.8839016182357053,0.7023001163171659
1.0484086828855506,1.5306640650779644
2.6429586497841724,3.662934652656587
1.0,5.948389353053742
