alpha,s
1.3721238569969247,0.0
1.2261194011661574,0.09327971986172666
1.1223877481605182,0.3014378635536423
1.1245594175136004,0.8476671372293161
1.5673590534179038,2.517993618093336
1.0,5.985816294903579
