alpha,s
0.5707208145060344,0.0
0.6798308600711843,0.09327971986172666
0.8033739470928875,0.3014378635536423
0.9747885048618816,0.8476671372293161
1.4159296117624134,2.517993618093336
1.0,5.985816294903579
