alpha,s
1.3584411540928782,0.0
1.2199377190691012,0.2155995064987164
1.1312045643491362,0.6759594714463838
1.0989310457898338,1.834069834048852
2.276462068359876,3.5241131138084056
1.0,5.980363625724207
