alpha,s
1.094676527652287,0.0
1.0421735736958622,0.18124995284115497
1.0635219554468285,0.4587025164746084
1.003694951744972,0.9745915412657845
1.0354699866257742,2.790884772513986
1.0,5.961157837351322
