alpha,s
1.3961613148602054,0.0
1.2542243568217486,0.5094168837332335
1.164346211053915,1.478775548687672
1.9745298642057492,2.757684892838722
0.0,4.447250988899414
1.0,5.989327144440041
