alpha,s
3.02035277191708,0.0
1.4891168297383037,0.008910973649048382
1.142539720147339,0.09567045073378104
0.8317217279902123,0.5627465824751701
0.1078661027207794,2.7222755746023286
1.0,5.99784189714623
