alpha,s
0.8788500236765642,0.0
1.0394054424718553,0.266209538492685
0.9453303895852436,0.6791138420517491
1.3439755366514168,1.5686640211065213
0.9705055160866306,3.416194915114987
1.0,5.988394815148005
