alpha,s
1.0111093616659284,0.0
1.0786682567344446,0.2655056801526048
1.2632872146903669,0.609386340493617
1.0919539320247813,1.215820893485213
0.8454034146432868,2.7842771234919557
1.0,5.979774367334371
