alpha,s
2.8009315213625814,0.0
1.9394165957458518,0.0077503780771164
0.9935151038221898,0.07557172257303535
1.06518956106051,0.6208412776428304
13.068449669639257,2.648695779065424
1.0,5.9689052350006495
