alpha,s
1.0204425287787773,0.0
1.0164222223486756,0.24093348978806056
1.0795477179228008,0.6592444195624314
1.0473728151320836,1.6057417846766744
0.5770357777147952,3.5380826292402046
1.0,5.997443584186399
