alpha,s
0.3992813759845186,0.0
0.5977634199817348,0.09916707378037444
0.715232022282652,0.2988733360302643
0.9644487285425493,0.864100216565609
1.921039205154051,2.661689555774993
1.0,5.995715948761246
