alpha,s
1.3256803037937561,0.0
1.259671770568319,0.06422449009226545
1.1454812764082878,0.216660064197444
1.1587431661554075,0.7294355555172595
0.760744325950536,2.572142258544675
1.0,5.9999140015375545
