alpha,s
1.0289375465478263,0.0
0.9888652839833119,0.1637428925635418
1.1994788178222229,0.4545818114173702
0.9189199307941102,1.001420693479671
1.2605642867958704,2.931326938289196
1.0,5.996800319821816
