alpha,s
1.0493869180754272,0.0
1.0295773117569595,0.23865279440640866
1.05937027816757,0.6524552987832799
1.1484542520682297,1.5580783010356298
0.5506936295473394,3.5612565185947997
1.0,5.998907870164146
