alpha,s
3.170266970354422,0.0
1.7018346822176995,0.00831902087292204
1.2837145940511916,0.09331535211672334
1.0145238492990656,0.6142246942220536
1.2270860441384188,2.7925262413630456
1.0,5.997339003045158
