alpha,s
4.968622866538569,0.0
1.7348902824385772,0.06350122230282625
1.3035594065608915,0.41557460555039527
1.3392248738837922,1.4972346731837944
1.5696899106206479,3.5687979314365235
1.0,5.996482109360544
