alpha,s
1.4784996336072485,0.0
1.017655829633891,0.4871680377531742
0.8520808342365702,1.5528618861838632
1.9806514437439662,2.941972137899105
0.0,4.359913819280377
1.0,5.987542534866862
