alpha,s
1.3068044653751827,0.0
1.0973097660068427,0.21544862195093092
1.0459974783550765,0.6668565611132989
0.811435847826185,1.7671983911250952
1.4130989771077036,3.6776597835531635
1.0,5.998701415669248
