alpha,s
1.1507254214928513,0.0
1.1601104740217918,0.1790160483877612
1.1181724495710725,0.4929564989519975
1.3348981043316375,1.24606382276642
0.0,3.2224851333637226
1.0,5.999096111550343
