alpha,s
1.4198885231275304,0.0
1.1694281277666585,0.057914909638052
1.0613882600988436,0.2138324446906453
1.1645506915057988,0.7324208589268241
0.9014994631549966,2.414412220863786
1.0,5.981153673468721
