alpha,s
1.0165084891556184,0.0
0.7506746654065268,0.36343173171391663
0.27866210348749854,1.2813729805359764
0.08704478152513352,2.847274255963276
0.1693638646886449,4.4422172648107425
1.0,5.990232541414768
