alpha,s
1.2830558278156057,0.0
1.2128704485055717,0.10107299151962058
1.1158323442681155,0.32650894261393243
1.317565962291559,0.9116276473115149
0.8295728037984729,2.8284817838692904
1.0,5.996783608588064
