alpha,s
1.0458898737221358,0.0
1.049814320192388,0.1798852230611203
1.0872476395102804,0.47225604172848584
0.8979939820623167,1.04139218641994
2.728219790128381,2.7223236929829357
1.0,5.995905833667445
