alpha,s
1.0147107534296282,0.0
0.8353456748898447,0.48006956201105727
0.7386570504502293,1.4658086533832133
0.3116778671442705,2.6840363555024425
0.0,4.1268977624831065
1.0,5.99629261208786
