alpha,s
1.361395183029748,0.0
0.9657727636388912,0.3719755225734421
1.0367295794497193,1.3569838410011248
2.3063057613266262,2.780729241891974
0.0,4.459876402384583
1.0,5.995161593177949
