alpha,s
1.4170812825059518,0.0
1.1641026296598187,0.4307417986364434
1.0652487141972566,1.4357313237611822
1.069634319805712,2.8576446631165653
0.7726182248745892,4.401111002041029
1.0,5.99696287354571
