alpha,s
1.4087005331767042,0.0
1.165444098738664,0.4307417986364434
1.0672727975521297,1.4357313237611822
1.0747762275011412,2.8576446631165653
0.7775266720827013,4.401111002041029
1.0,5.99696287354571
