alpha,s
1.271051499550428,0.0
1.09925956297271,0.10612759351855654
0.973721774636339,0.3419698126848331
0.9677461012324071,1.0206862496374751
0.6092062428212572,2.7886600622124442
1.0,5.999419477847782
