alpha,s
3.8140534577897927,0.0
1.3950603235316206,0.0045814706284499
1.2505220505135812,0.048968534728761
1.0553258838808617,0.1625111723009245
1.0312943573985394,0.4972433836669185
1.0,4.007596491017682
