alpha,s
1.0247065853237705,0.0
1.119394446703669,0.1906549910363349
1.1170492490839694,0.48795836024958983
0.9476841520786073,1.0826853049203
1.0508922776088188,2.798198458320922
1.0,5.995117350859934
