alpha,s
0.8958812317264586,0.0
0.7909585577848828,0.4364406110163671
0.5835434959290725,1.326284269434631
0.9741724325112502,2.7493721512835214
2.630484925578219,4.204571719037013
1.0,5.996518813448684
