alpha,s
1.3568009309135627,0.0
0.9348000491826307,0.3427589417438947
1.7587998216245109,1.4132809166799396
39.963485515924496,2.671567408392729
0.0,4.149529790313543
1.0,5.991356204092426
