alpha,s
0.8241469982316397,0.0
1.1618125616406358,0.1412077596141235
0.9142999537272163,0.3215802461782406
0.7711290272762352,0.8267612976011675
0.0,2.5679898461087247
1.0,5.9519606726301895
