alpha,s
0.3303790219135939,0.0
0.647256583137602,0.1412077596141235
0.6941023066198756,0.3215802461782406
0.7774896112848549,0.8267612976011675
0.0,2.5679898461087247
1.0,5.9519606726301895
