alpha,s
0.8028834011273998,0.0
0.5793624025901374,0.05322609703114988
0.34275089445382023,0.38446240978287666
0.19428228555221433,1.3756326274663828
0.04975787408696659,3.5931214082344916
1.0,5.98540256300662
