alpha,s
1.0593271037235024,0.0
0.9788796122396944,0.18841584680292145
1.0334702233574493,0.4935678294357829
1.2000426187419686,1.0858300041406053
0.4151952361719846,2.924575187852434
1.0,5.995625804548659
