alpha,s
0.4868013552146022,0.0
0.29326134593112174,0.37424010965500665
0.2976977580852855,1.3176539726931802
0.02024299284980956,2.3342603932005486
0.0,4.250617562295571
1.0,5.990319063084442
