alpha,s
0.7162677542249628,0.0
0.5059254431555231,0.5007271370445364
0.16059065126628466,1.6727268039265308
0.08914405090081425,3.21306999065193
0.0,4.511496176774427
1.0,5.9996160679258645
