alpha,s
1.0329510375353628,0.0
1.1552200287510452,0.40628733810225326
0.518667904230979,1.3160098243877372
0.10726228376663104,2.747069733457382
0.0,4.3839618564693374
1.0,5.999084239578681
