alpha,s
1.3870516864712286,0.0
1.4766229818774292,0.40628733810225326
1.0547443280670765,1.3160098243877372
0.4093727643767534,2.747069733457382
0.0,4.3839618564693374
1.0,5.999084239578681
