alpha,s
1.075331601788241,0.0
0.771091465577669,0.2588405066248936
1.0905587614604322,0.7320262796305227
0.9438022877330108,1.3417602481528312
0.9485134408367365,2.7944300342761337
1.0,5.980804558092459
