alpha,s
3.2135033889930713,0.0
1.1493456932205919,0.007631379851779482
1.1219565491507402,0.12302464620615344
0.8063322717169655,0.5844314829134022
0.5154471026258441,2.649336326212839
1.0,5.980883333941297
