alpha,s
1.4576621688218048,0.0
0.9214497882622017,0.06564948027771336
0.9480594920092662,0.49759385311117754
0.8268574452616272,1.695029318618439
0.0,3.7264301313302988
1.0,5.953514632333965
