alpha,s
0.19516046187195005,0.0
0.15707047044740752,0.42316712849406163
0.048734817101224834,1.4250645465610572
0.021661211179978573,2.931996379819646
0.006911038376813889,4.401051036719739
1.0,5.995067726570928
