alpha,s
6.530589775210722,0.0
1.9118279380554772,0.04515465860944646
1.4068304819400126,0.36304624282450715
1.163125518770282,1.4152835046697783
0.85180165484839,3.5633813591184076
1.0,5.998546247139394
