alpha,s
3.5829408610098734,0.0
1.5432562171852484,0.00996053734997282
1.2256607121419292,0.113757307274953
1.1626545869973866,0.6319535703324758
0.4915539476924201,2.822007262448245
1.0,5.996630055459649
