alpha,s
3.6275689609267405,0.0
1.242506484188049,0.0053512343892488
0.9727778349320171,0.055382100689676
0.9432585229535536,0.19976732993220464
0.9925656721546707,0.5496975612380799
1.0,4.0790024978651065
