alpha,s
0.9767048536944481,0.0
0.6683225861895497,0.06399790458411544
0.582674082619753,0.4708293730648024
0.17816964241362482,1.587346460938978
0.06490632391338336,3.636814993372941
1.0,5.999995600341563
