alpha,s
0.9022543955580449,0.0
0.9080661644627047,0.24561692984504294
1.0276978039392042,0.6934592357775186
0.9180782062108259,1.7029332817808283
0.7474390164457301,3.4430471657082897
1.0,5.96670166530464
