alpha,s
0.4241980972040515,0.0
0.5645147784038531,0.09345485933503664
0.6256956087393882,0.28696692415661246
0.751418766072422,0.8443793561626334
0.23937665865989377,2.7284064826747696
1.0,5.999433799253353
