alpha,s
0.8957848302999751,0.0
0.5840415216557887,0.3245893642204634
0.20839771043320837,1.2555124486347018
0.05302092248698585,2.6611153523074096
0.0,4.192807313819556
1.0,5.991483405890343
