alpha,s
1.375847945553479,0.0
1.507759530739388,0.18421150584979734
0.9672110271382971,0.4552675217123417
1.3694580678511727,1.1981829914764695
0.6289402084527956,3.103342362990833
1.0,5.984925068599697
