alpha,s
1.1031634016091492,0.0
1.112962789946479,0.15400928767684258
1.001718483481745,0.423502773569276
1.0464185485407491,1.066233008123529
0.8212141632800309,2.826724382882386
1.0,5.999950253976949
