alpha,s
1.268469002884573,0.0
1.0437190649751593,0.05139487063175302
1.035729412371767,0.37518575825479433
1.0618943334781876,1.3897563988182344
0.9455846670646254,3.633578082567892
1.0,5.995296862913005
