alpha,s
1.0129532904226535,0.0
1.0719347769897336,0.17203011870653578
1.1494483560287536,0.449180313792128
1.2497407821951991,1.0278291518771587
1.7922618852605028,3.109803662210836
1.0,5.983799156881222
