alpha,s
3.0711222576880592,0.0
2.4047676619907548,0.006870106804036953
1.592037295922465,0.059703583019392464
0.6111299787454509,0.513686321254741
1.2590988162809857,2.7820509303746768
1.0,5.912351502940315
