alpha,s
1.1823442524209773,0.0
1.15761165662085,0.10574001778673052
1.1207022688850374,0.31252279026347557
1.0503887044978304,0.8774950812815896
0.7318966628619821,2.71583321964146
1.0,5.987126437054093
