alpha,s
0.4485507726701841,0.0
0.612518764306386,0.10574001778673052
0.7919933194727762,0.31252279026347557
0.9121182265546196,0.8774950812815896
0.6282657060346643,2.71583321964146
1.0,5.987126437054093
