alpha,s
0.9675052480514822,0.0
0.9874776178198861,0.2813773321805774
0.9238078853301647,0.6993784024510825
0.9124580713624553,1.373090853888936
0.8747225044128104,2.8847188618005943
1.0,5.998786487332956
