alpha,s
1.174029421858158,0.0
0.9591323693669733,0.06003351659712248
0.8974351084828427,0.4386729238235704
1.1798134584569235,1.6659185695363796
1.2076357687508987,3.7970073306832144
1.0,5.973095497986303
