alpha,s
1.0370536089785043,0.0
1.1005015039148829,0.17768435444651742
1.0894586865624771,0.4519534705799572
0.9970959193670726,0.9988139998665743
0.8415123503043977,2.689010534163894
1.0,5.993310319838554
