alpha,s
5.557654920492976,0.0
1.8749369496662882,0.05795400973798451
1.369005951879004,0.43688052932175253
1.3044400996443417,1.6127005820718952
3.939476499845205,3.7706663970118797
1.0,5.995978791577551
