alpha,s
1.0810149388503543,0.0
1.0735125061394983,0.22797180890134364
1.0913296827098908,0.6440404403904147
1.2159712200892165,1.6558507258065998
1.4086546942809526,3.6302811261995735
1.0,5.994392777277777
