alpha,s
1.2544704334449288,0.0
1.06561787029946,0.441973444972763
1.4769573910031122,1.5349066975525432
14.431544336869278,2.7742641894864533
0.0,4.4790759355438885
1.0,5.967315219879844
