alpha,s
1.0240974364229731,0.0
1.0860407992516314,0.22249001996529277
0.9411457395429713,0.6038073988950161
1.057602725731008,1.5239995044010013
1.7045337820240505,3.4965885642034498
1.0,5.998111540760887
