alpha,s
1.1108750953352187,0.0
1.0228467413234292,0.1448216178111864
1.0264344524552518,0.4062053107997523
0.8547063093918515,0.875594547175239
0.581805969994561,2.4173516463996925
1.0,5.989459743609194
