alpha,s
1.094937906068769,0.0
1.0937475267997145,0.22481307845214396
1.1117485733293488,0.6540403037630044
1.0008030326176498,1.6416207914115675
2.8155711906389107,3.578206877278867
1.0,5.994561846827185
