alpha,s
1.0650132157180219,0.0
1.109609358645786,0.2345091177813725
1.1451019531518676,0.6276517998705389
1.1744631282806555,1.5483106489141436
1.3574285572384608,3.3991817394462114
1.0,5.993656862295387
