alpha,s
1.0906285564127332,0.0
0.5888793695692373,0.37974922261712984
0.880656896577268,1.481629318573139
0.5412708479053323,3.060825164245543
0.0,4.181051988454176
1.0,5.994237457289908
