alpha,s
1.1866500113193374,0.0
0.9531572636791109,0.32081400606217264
0.8548334634311451,1.2792899409954315
1.2525181613058864,2.7417899043382508
4.002995289539646,4.350473933069166
1.0,5.998824356492108
