alpha,s
1.424186565680168,0.0
1.504803028062862,0.3956788522519707
3.183114787723872,1.3355088195152753
0.0,3.092076550829673
0.0,4.40812697907211
1.0,5.999018506521561
