alpha,s
1.1537411108817033,0.0
1.1778567349639164,0.15362260047383297
1.122033247951768,0.4237227372796488
1.0102250101796586,1.0704223218527193
2.6710954610728237,2.762676542916658
1.0,5.92109420937388
