alpha,s
3.098913631173586,0.0
1.3023515469868518,0.0038754392156070444
0.9907379184226195,0.04307596421439002
0.9939566584803003,0.1661400358820703
0.9788241767648568,0.49668141025147383
1.0,3.892629346129464
