alpha,s
0.8830207643362791,0.0
0.6467651772576978,0.050042191463603766
0.4575875036660603,0.3859428341080798
0.19375458301309617,1.5393282021570809
0.01093865286197934,3.569044658417289
1.0,5.998863726897408
