alpha,s
1.3401203758752673,0.0
1.2603660512601378,0.43579573915947606
0.8408630175260419,1.644615426949254
27.471157972079293,3.1223649049045683
0.0,4.367425288414127
1.0,5.98788476523859
