alpha,s
0.9712571741732893,0.0
0.937907812558247,0.2873377923541319
1.102030381612799,0.7036629747809086
0.869372358756492,1.3474514121738468
1.095899699032188,2.9879997835922727
1.0,5.990426194339595
