alpha,s
2.3399326367899635,0.0
1.4637347791687731,0.05657343347456018
1.3134609416990486,0.2299888940453346
1.1095060872103235,0.8928018168009221
0.222008678140123,2.782576873858935
1.0,5.9941573025621455
