alpha,s
2.8188929837778045,0.0
1.5942145411249502,0.008797472090455845
1.1926132688016629,0.09430538475532864
1.0370822415522372,0.6096746071290344
1.056425169103834,2.6759993482207274
1.0,5.989495532539811
