alpha,s
0.8899625088374069,0.0
1.0191316623557851,0.2678038876498915
1.077366573218654,0.7257602665215678
1.055595487514636,1.7213760235073308
1.0041124912920893,3.7785376247660536
1.0,5.998934094880919
