alpha,s
1.1196368579771179,0.0
0.922289055955244,0.18733496023267018
0.8182798069456287,0.5403752202533924
0.9576768297420333,1.2082021270492824
1.9288553836060547,2.89725210820779
1.0,5.99107576284096
