alpha,s
1.129111932691277,0.0
1.2452469495278293,0.10869262060130759
1.052431569740417,0.2937782168546866
1.030615642814931,0.8690650091909798
0.9821939876861067,2.618574115515214
1.0,5.999989969051812
