alpha,s
0.42765321898435193,0.0
0.6487614328123931,0.10869262060130759
0.7428045936016184,0.2937782168546866
0.9165260652974142,0.8690650091909798
0.9530588201031105,2.618574115515214
1.0,5.999989969051812
