alpha,s
1.1391238897915896,0.0
0.9288535336867406,0.44380523259649135
0.9702054777652636,1.4768082731912888
0.4206326763641061,2.874036936246706
1.3926713249653975,4.40090112644267
1.0,5.99868056291041
