alpha,s
1.1221796368905284,0.0
1.0971985739751944,0.40195432671734527
1.0838026469913318,1.3580959234839005
0.8522730716222732,2.798919691174571
3.0413595836449803,4.422370954828292
1.0,5.9972525144308735
