alpha,s
0.8655894771587177,0.0
1.1627356356357048,0.2752774914797993
1.1294732855120533,0.6958283618834313
1.0816544252321487,1.66883231282421
1.2047566851248164,3.7356389288638905
1.0,5.951845433597005
