alpha,s
1.077978459474405,0.0
1.1175286278203815,0.19540357757696716
1.2015692450921318,0.4959907297102474
1.1488340789190696,1.1039179588440853
1.622400872057534,2.9467954492811894
1.0,5.99985135850339
