alpha,s
1.0376356339085646,0.0
0.936301880966666,0.22672100153562746
1.029497162893138,0.691476684090599
1.071521500356507,1.5998037647033492
1.2864073471476487,3.4557593961595776
1.0,5.994455919245182
