alpha,s
1.134867470896457,0.0
1.216276558751858,0.06813731256691875
1.0876101751961667,0.24974013819401958
1.0163841812878385,0.8212633353719403
0.4982706486950724,2.6213139896668896
1.0,5.985077635897458
