alpha,s
7.508708095792375,0.0
2.7049318857816695,0.00832538172598202
1.7741120274972504,0.10791307189179458
0.8168822644378371,0.7713276217579649
0.5851350435244225,3.3298109178690574
1.0,5.999459014538747
