alpha,s
1.0876181075996194,0.0
1.0484301202074784,0.45149495729579936
1.4415713961283367,1.4133081146972908
1.116301465418401,2.8230553772144504
0.0,4.405801411315725
1.0,5.998915546946865
