alpha,s
1.138649611293005,0.0
0.853365046737392,0.24059791588105459
0.7525813017950296,0.7388295368567834
1.2471118305476412,1.5874058479471564
1.4491605287707678,2.836054263248521
1.0,5.943813994630608
