alpha,s
1.5351399574333682,0.0
1.3047744107365362,0.059593855841386406
1.2108359897598928,0.21444135534014172
1.15816944638985,0.6904842369607821
0.7115859045054066,2.580138105865315
1.0,5.996021438338904
