alpha,s
1.0363019900305173,0.0
1.076516510190436,0.18467614207198194
1.0539769685225227,0.4651065260674218
0.8729099103161748,1.0055266552327666
3.0593003276237103,2.6506582840353214
1.0,5.971962225551339
