alpha,s
1.7062202552311827,0.0
1.1455949959581597,0.37513093649639906
1.123534993502287,1.2973156317910568
1.976815881758495,2.7933943112597697
13.743487444034711,4.465954726932351
1.0,5.998604035262049
