alpha,s
1.1295654229643861,0.0
0.9578820879834544,0.37513093649639906
0.9911592356844542,1.2973156317910568
1.804098671311466,2.7933943112597697
13.59500151004045,4.465954726932351
1.0,5.998604035262049
