alpha,s
0.46054581386468024,0.0
0.22611687227467264,0.42126218269108145
0.024850181260829853,1.449568990162266
0.009856199029684945,2.8598861781460756
0.0,4.377058025675619
1.0,5.976338181610824
