alpha,s
1.2978409355866292,0.0
0.9044937068680333,0.0114147112105294
0.9943646725858856,0.11877623064832966
0.8933584951498578,0.5440259213397463
0.9498824650873862,2.3113041416077316
1.0,5.943106078665279
