alpha,s
2.9567575060780498,0.0
1.6040828671729186,0.01022313711692218
1.2013024867176356,0.10314727825671353
1.2409059048071365,0.681485318038153
1.131498971864818,2.7586480709731385
1.0,5.996218404696339
