alpha,s
1.798292176254342,0.0
1.0328490280677747,0.3253186820745694
0.7776583737614955,1.3636538741095188
0.7871143504135301,2.872374215605927
2.5640491063013977,4.394464245614452
1.0,5.997474899685727
