alpha,s
1.1344114014452942,0.0
1.0406419415233719,0.2674179360100053
0.9620516710512605,0.671756352249848
1.3247117497100538,1.3877600170762459
1.1504445024673486,3.1627514723348407
1.0,5.928349497778251
