alpha,s
2.4095394578870644,0.0
1.4119719087088702,0.009549763342479521
1.092352185848866,0.09810546688509192
0.9588909724677754,0.5505394679997936
1.1066203664186516,2.5402024054843273
1.0,5.995517135899242
