alpha,s
1.538309458434298,0.0
1.1722636116638565,0.4193841489285603
1.035400678978635,1.321429808856905
1.036951611121263,2.761623603883142
2.559672640127032,4.401225411292733
1.0,5.998519490738559
