alpha,s
0.930239999277787,0.0
0.6343986964370166,0.5224564356119318
0.3250977322420541,1.4864300676723539
0.2148928807152905,2.9428256346077446
0.0,4.283374346123215
1.0,5.992646342355618
