alpha,s
1.0269329954747286,0.0
1.0884009334268199,0.24796202589411323
1.0355679426485003,0.7081611534879156
0.9206774850396123,1.7794236535959762
0.6828557020847216,3.7194558760463297
1.0,5.99324061820153
