alpha,s
5.913935739950652,0.0
1.8118439192380862,0.05187988319776998
1.3592751768716296,0.42050842605467065
1.238750151368032,1.5608931011714702
2.549416109255996,3.611516403354466
1.0,5.998359869613668
