alpha,s
0.41715491227227175,0.0
0.2654620986880383,0.4214083823063694
0.11072759866378228,1.4879707600506362
0.028076230686127215,2.8020486105781135
0.0,4.272365507691006
1.0,5.996929673405937
