alpha,s
1.1020612732564836,0.0
1.107512438216597,0.12109194616448848
0.9370049699569063,0.34657711841610583
0.7718368391440502,0.9269979063038559
0.385101028942631,2.810176544760356
1.0,5.967269411734104
