alpha,s
0.4389105586228325,0.0
0.5862108421009147,0.12109194616448848
0.6440633488612092,0.34657711841610583
0.6354033158174458,0.9269979063038559
0.31841118606111296,2.810176544760356
1.0,5.967269411734104
