alpha,s
1.1850860062941542,0.0
1.395193702902214,0.5025012075302816
1.2160793943346586,1.362043615664602
0.0,2.960867350425667
0.0,4.595214481388237
1.0,5.999999739390361
