alpha,s
1.239387290297611,0.0
1.1434440453896135,0.06318529062438229
0.9369903545783792,0.21734846587807083
1.0787719553845465,0.7228014610027402
1.4327709431470597,2.6180428781479925
1.0,5.991017508762387
