alpha,s
1.1071474210681833,0.0
1.18491123678848,0.4818818093396572
1.2124096570288316,1.4462159368638905
7.780768493853595,2.9557147496928247
0.0,4.578827869772509
1.0,5.990400898004059
