alpha,s
1.4742458422769105,0.0
1.4443599592735745,0.3349645980321322
1.963414085126145,1.1453548682049592
0.0,2.613309435112965
0.0,4.343606715744982
1.0,5.986471038570902
