alpha,s
1.3139759234924364,0.0
0.9823583122751034,0.4222136900453891
0.7957381212583577,1.430499097922804
0.7784457883064949,2.743776582142826
2.199637153964226,4.23817003187
1.0,5.975749374875859
