alpha,s
3.9278088204468933,0.0
1.5396982797000935,0.00945851876963197
1.105682833339515,0.11169136263729265
1.1232563102569546,0.6552259303638115
1.4364309960469563,2.754232194683633
1.0,5.996071076982902
