alpha,s
1.0910720778940208,0.0
1.0186838923225223,0.45297396281205543
1.1895076337182287,1.5127274212783723
0.8373633348160195,2.8466215681518374
37.866670117342984,4.473900513133284
1.0,5.991997147026167
