alpha,s
0.7967460998506063,0.0
0.6336796562325809,0.4633051187478757
0.6104029334629043,1.4448610230994536
0.08666265926928433,2.9029238122045253
0.0,4.519635362550528
1.0,5.9978956063085
