alpha,s
1.1568295752951996,0.0
1.1948794791450552,0.15632874032065813
1.1593782249890017,0.4392760557500117
1.0608511703001948,1.150263518618434
2.353992487682118,3.1282337239654687
1.0,5.981010209130327
