alpha,s
0.374417336081039,0.0
0.5318063947255325,0.10529397039301262
0.7507215568651839,0.2956368349210303
0.9451383036196338,0.6740291886533797
0.8645562672484787,2.177348078393812
1.0,5.990511377099216
