alpha,s
1.020761854821061,0.0
1.1658007140120623,0.20149474816325866
1.223599482631483,0.4922480269498778
0.8552188605215061,1.0243532938738582
1.4066181296718143,2.93666789357332
1.0,5.948691646509502
