alpha,s
1.3241396092331208,0.0
1.2422647594280618,0.07058301071381003
1.3698158740915267,0.27128762393330597
1.108492946135042,0.8489858124350954
0.0,3.1056064386660336
1.0,5.994166280294719
