alpha,s
1.3970633070054126,0.0
0.9210888981711384,0.39812766610561323
1.1107464402303293,1.3222304407196468
0.6438237994243642,3.012230213047187
3.9515310605310585,4.487367614418629
1.0,5.9991487189156665
