alpha,s
1.229540018364725,0.0
0.8450070608375329,0.14010746053006615
1.0758579311387146,0.4468148869045203
1.2709039280362506,0.9531082499564745
1.7341799967542035,2.5867414454367306
1.0,5.981793658846704
