alpha,s
1.0728515770771336,0.0
1.0322723539754337,0.22552509049866498
1.1350963265407825,0.6646429335150147
1.159137426959474,1.5871143578201388
4.136838031628606,3.5714388075228216
1.0,5.994747028198949
