alpha,s
1.2606392999308627,0.0
1.3654008715780968,0.43035299555911494
1.3137925840007307,1.508491340967615
5.253867962983351,2.9664262048643066
0.0,4.546820786499301
1.0,5.992056187155092
