alpha,s
1.0227518682449113,0.0
1.1620483782568092,0.4926760720227599
1.6204982091198266,1.6642091131914822
0.0,2.923100296291534
0.0,4.624006594829702
1.0,5.98745206466905
