alpha,s
1.1652839844457517,0.0
1.252169001843658,0.19437094048332182
1.165798909583193,0.4752426100897135
1.1193106025450692,1.1222050282188005
0.8459293245020265,2.8199355135817408
1.0,5.996072431545848
