alpha,s
1.152983530368497,0.0
1.0621821498373556,0.21874016838572596
0.9417023136074734,0.6699161626336324
0.88901392411383,1.7052541553254303
0.7785108588301417,3.6084299484639812
1.0,5.998270063830924
