alpha,s
1.2760044783159454,0.0
1.0877420100969835,0.1737218139588081
1.2380100131315372,0.45964895178654974
1.3628883777192282,1.0239815344348904
1.5392324580876318,2.804415040870389
1.0,5.980024951565527
