alpha,s
0.9096030429812623,0.0
1.0628637286978802,0.19645527147940353
0.989305378196107,0.4749801567197684
0.9304223342248125,1.123707533930094
1.9140921480186075,3.0300223784135247
1.0,5.984424958224683
