alpha,s
5.972556655693085,0.0
1.7301975726339094,0.011092072790670444
1.1208522620500565,0.11119551093867633
0.9805949842979157,0.6083645205119137
0.2021164591739445,2.5050208730744394
1.0,5.989150008542119
