alpha,s
1.0193305576652048,0.0
1.134141104413065,0.19146667720007238
1.0733907104636624,0.488897783179905
1.146115825106288,1.1170228040361598
1.7190326268129739,2.8632295041262457
1.0,5.996793238807003
