alpha,s
1.2745572930776459,0.0
1.0951921866076544,0.10119840454366562
1.1401932426400037,0.32335472236322843
1.1209205544263063,0.8657148618623729
1.1794042690324638,2.799517308459931
1.0,5.9990893862470935
