alpha,s
0.46462347166904366,0.0
0.5565177273494022,0.10119840454366562
0.7840741436232352,0.32335472236322843
0.9741531921980187,0.8657148618623729
1.0985417161984468,2.799517308459931
1.0,5.9990893862470935
