alpha,s
1.051927019608822,0.0
1.0448875879633324,0.3000606086016005
0.9636214803684106,0.6875632191358285
1.223491131357496,1.4328593455762888
1.5690313336167259,3.0347810910015043
1.0,5.992257780863719
