alpha,s
1.092612836014426,0.0
0.975797353819987,0.44702594204631774
0.6343900090231192,1.5325304957169301
0.347811149062615,2.929319308524574
0.0,4.399113284028502
1.0,5.982466857122377
