alpha,s
1.0253785247545455,0.0
1.2598469325675095,0.15938045732294223
0.8898284745891638,0.36531987505618985
0.8889598493933888,0.9502583820020386
1.237509714359927,2.646842892374237
1.0,5.957751183479172
