alpha,s
1.1208700215067389,0.0
0.967859565542636,0.17112866216011038
0.9312154789557282,0.5152177509727158
0.9067655669553346,1.2282264239853802
1.0288938525151603,2.945127142660444
1.0,5.921845097672495
