alpha,s
0.3980299896731994,0.0
0.21577667916547488,0.4604669109539232
0.08513643885301804,1.5257728808940523
0.011212953194072402,2.9574305419303673
0.013228977608748756,4.571158903062416
1.0,5.996325406665716
