alpha,s
1.0686166208134211,0.0
0.46671492153131383,0.35215928573568106
0.24951050207027303,1.3500835491020946
0.02986859193648171,2.9217764964387434
0.19099017726509498,4.406672471999314
1.0,5.995998568499202
