alpha,s
1.0061121208885682,0.0
1.1702156174399159,0.1709152156849914
0.9354058078998183,0.4081651205142338
0.9610373352266172,0.9717092955707537
0.5346885835333488,2.8122878693985847
1.0,5.996863152959424
