alpha,s
1.2001656940990473,0.0
0.9562911338866058,0.2354484233876495
0.9510922492720865,0.703876475495553
1.8134624571647757,1.7402975382538328
0.0,3.532527720622189
1.0,5.884730778064045
