alpha,s
0.45843221485551366,0.0
0.6941757998753675,0.11226784283032673
0.9725086609898933,0.31293272503117864
1.1333676493770346,0.8637496896179814
1.2411924482825325,2.7226613969615006
1.0,5.95877891517944
