alpha,s
1.3245514612708962,0.0
1.2556437866658692,0.058769113534195845
1.1505964345442605,0.2002152485160718
1.0634242403564087,0.6554707576891418
0.33109039246232197,2.58735868607708
1.0,5.997578797740791
