alpha,s
0.4370137980661945,0.0
0.5326263995498235,0.10371245851141607
0.6102420067245559,0.3323951307806479
1.0771584501391103,1.0028956213576399
1.7666267003370757,2.908802948051049
1.0,5.989952241942235
