alpha,s
1.0678429411428503,0.0
1.1078862796030453,0.2326311487979522
1.0899158846823567,0.6253583214335687
1.0171830841833613,1.582313024215333
2.2283915885008794,3.6287641461168794
1.0,5.999568460118138
