alpha,s
1.0015289005199874,0.0
1.0424790597194735,0.1995817812426642
1.117301244402393,0.49624237012152644
1.2241773401163656,1.096085371227879
1.793925883220766,2.7373424781838147
1.0,5.998460600549297
