alpha,s
0.40002757773084086,0.0
0.578541095099122,0.10700250225737547
0.6422603876652515,0.3125320496795605
0.8447451431085029,0.9184281014202906
1.3154740957156221,2.6857631600517347
1.0,5.995422405481161
