alpha,s
1.122730677673031,0.0
1.1418292162106842,0.10700250225737547
0.9358630073782299,0.3125320496795605
0.977693382229704,0.9184281014202906
1.381221496196529,2.6857631600517347
1.0,5.995422405481161
