alpha,s
0.43484792469157596,0.0
0.520576885902312,0.09773666124168388
0.7218024128645143,0.2990157527168315
0.8783715193051543,0.82379263871542
2.321542205720064,2.5153338979727358
1.0,5.9986677731355975
