alpha,s
1.0899767884509601,0.0
1.1063820831242774,0.181170405627213
1.0295947410394246,0.4744864464729789
0.9735062175921729,1.0967361980411918
1.9519345168293656,2.9474723402929754
1.0,5.998103833333359
