alpha,s
2.7832168985585257,0.0
1.515836589742561,0.0047103049992176385
1.2342339012049994,0.038722424472820594
1.121666114968369,0.14470385718812914
1.0526604520883187,0.43804413474709075
1.0,3.623336245949192
