alpha,s
1.4494267108343906,0.0
1.3457072302096433,0.06520450010575865
1.1874310204903726,0.22603765249791374
1.1077332247355982,0.7351562610279351
1.283138036506863,2.6779196205920406
1.0,5.9985160716471455
