alpha,s
1.0295905662158416,0.0
0.9299080415380099,0.22672100153562746
1.015535924735605,0.691476684090599
1.0541602718761862,1.5998037647033492
1.2525535317998098,3.4557593961595776
1.0,5.994455919245182
