alpha,s
1.1450611824766106,0.0
1.1541057954961742,0.45705683916102957
0.2869097537588364,1.540611524290259
0.0,2.8721001764987855
0.0,4.4948988365234355
1.0,5.930871286686407
