alpha,s
1.0364013002973274,0.0
1.089575593781583,0.18476323833914868
1.040000731038379,0.454522493162652
0.8527629954765741,1.0348310144451394
0.975572301510541,2.851200660074104
1.0,5.998023445665148
