alpha,s
1.3005466409376925,0.0
0.6964388629422233,0.39042838524674617
1.2580631335386472,1.492433828656237
0.0,2.9309853560968837
0.0,4.373418936236953
1.0,5.956072220719893
