alpha,s
1.0492654379826896,0.0
0.8677899484587074,0.25895426392453563
0.8711413068223719,0.7165451594507236
0.732454389659725,1.527319712556291
0.2582002250237198,3.1252000798028945
1.0,5.995075510880699
