alpha,s
1.6371928520783845,0.0
1.037715167868574,0.36014669271794725
1.4277423015770931,1.2382440249217406
0.6002279274223736,2.6379128944758135
4.567979447625147,4.387453820388755
1.0,5.984118621246839
