alpha,s
3.3732552587919478,0.0
1.2524964263697445,0.00519970563548308
1.0761720678846234,0.05159390359124344
1.0086620536246114,0.17546361123894402
0.913331899656173,0.5034715475309491
1.0,4.586375271787368
