alpha,s
1.146976982967504,0.0
1.086508045092783,0.5273715452404071
0.40474583708186623,1.539856148198541
0.6277716138611026,2.972970417722646
5.289853037356043,4.494904316461287
1.0,5.998413801096792
