alpha,s
2.656168115913682,0.0
1.5017585439763999,0.010309137464966473
1.3151318989573735,0.10490695640836874
1.1769635902217175,0.5719451318132207
1.02178785441593,2.6226828457174496
1.0,5.981589897822689
