alpha,s
1.5878894745151626,0.0
1.253726776499101,0.4392426184224001
1.6798389994873257,1.3551416673608883
0.0,2.9020507486160474
0.0,4.669856304314135
1.0,5.995453335101043
