alpha,s
1.2304579783365905,0.0
0.8131923735028157,0.39791851504354114
0.7163999308856401,1.4214750264988618
1.0256541170226572,2.811491609573526
0.0,4.38413919915704
1.0,5.994207605824398
