alpha,s
3.88471139642361,0.0
1.7422007050610064,0.01074311150207154
1.1387312493252837,0.12082101871149058
1.1840150575196784,0.7903608022171641
9.71879143228683,3.065790647545973
1.0,5.999176545485317
