alpha,s
3.4733772185471623,0.0
1.8468153073358267,0.00783387617849508
1.4817224395307014,0.08465205050426482
1.0053703291082907,0.5556831213535286
3.5581304545046994,2.82850787857338
1.0,5.97433241064814
