alpha,s
0.9796001551015832,0.0
0.7676543189375254,0.204483525170711
1.1857774964175518,0.5368735097034575
1.2800642276940926,0.9938930827024521
0.948249750446369,2.569766533426799
1.0,5.972981191228088
