alpha,s
1.0416916460559578,0.0
1.065284275137275,0.23768631713997987
0.9287959644446636,0.6798222071468512
0.9932436922408358,1.6657130935076476
2.935248420623375,3.54134665814524
1.0,5.990510756741422
