alpha,s
1.0588682076859706,0.0
1.112349983546776,0.16399996318093846
1.1666700007759638,0.4193769010491322
1.1395853799219,0.9849807147576807
1.5055155512001013,2.838029974692341
1.0,5.999074305069076
