alpha,s
0.2920754048532533,0.0
0.1665065938617786,0.4096318490366706
0.06519561598519806,1.4810590809891193
0.0115028127738941,2.9186756968161993
0.0,4.424126168752155
1.0,5.998010282485485
