alpha,s
1.2673118020471938,0.0
1.0890527748235654,0.3982702826102396
0.7550517471790238,1.3025774181748506
0.672783833490774,2.525247398414487
0.0,4.217651523212189
1.0,5.993483002753891
