alpha,s
0.8610338206184787,0.0
0.9927217508069928,0.23490023895173634
1.2889434837305132,0.6455177610002408
1.0578550395811483,1.2860388528075044
6.865237670411372,3.3397917188599076
1.0,5.941532095567222
