alpha,s
0.9395250364531419,0.0
0.9258100563900256,0.3098738104953852
1.0642811202489213,0.732526967373965
0.8014123496632934,1.3887642123587536
0.5192533416799499,2.972548384329216
1.0,5.970915744343442
