alpha,s
0.9807014981018191,0.0
1.3080431965623405,0.1711801334842155
1.030815733218178,0.3890612796048816
1.2941542532094248,0.9865283970495049
4.217612528026772,2.7543000473569825
1.0,5.976512686911652
