alpha,s
1.0892134491997805,0.0
1.0628309916303134,0.17236620133812225
1.0185363563302328,0.4541546967851692
0.981450913967934,1.040371155329655
0.7754658066981331,2.728006451429013
1.0,5.9993657302122
