alpha,s
1.1485218366854801,0.0
1.2449896836427237,0.10786914572548134
0.9353552196273236,0.2912831374254756
0.958588141498077,0.8542679884021289
0.7533224395839474,2.5058869505347223
1.0,5.97220408730704
