alpha,s
0.40382484292761783,0.0
0.6058531552709043,0.10786914572548134
0.6222607492669927,0.2912831374254756
0.8039924997210847,0.8542679884021289
0.6836801165870856,2.5058869505347223
1.0,5.97220408730704
