alpha,s
0.9527518453570842,0.0
0.8008502712346764,0.4522894171847861
0.3759703339860855,1.4631927286354467
0.2270333305039294,2.870951876273553
0.0,4.397150095729377
1.0,5.999520491008971
