alpha,s
1.2823689004982597,0.0
1.0653777013616075,0.12483997327060999
1.081254761843291,0.5155218668252612
1.2633758657842176,1.5178022102963904
3.9623797446998497,3.592595386497907
1.0,5.991233385070473
