alpha,s
1.0110219550091721,0.0
1.093200580295873,0.17648321020705046
0.9915754276066554,0.4528279359220869
0.7115267298809108,1.0208881373110763
1.0261118453638949,2.7443536478106183
1.0,5.982381417023657
