alpha,s
3.335694597932035,0.0
1.5419331257592837,0.008738492701343761
1.2067526852513524,0.10755041411405677
1.421733956245835,0.7281967459970984
2.0933226765316846,2.943019177605095
1.0,5.984225405340391
