alpha,s
1.067612890847748,0.0
1.0569331253135867,0.19355760666159663
1.0619331595244792,0.4932243705347529
1.0184776084356524,1.1440160016675955
1.3126276964119072,2.9592663219364033
1.0,5.996876736265669
