alpha,s
1.328137927282774,0.0
1.1272468159554083,0.07464595017514572
1.0138828039965484,0.2485664939134285
0.869851914207194,0.8120284847840046
3.17985957979671,2.9423995650418835
1.0,5.979730102079485
