alpha,s
1.0183535727495707,0.0
0.9292196736928916,0.2762189353800771
0.9777084934800511,0.6766429191683593
0.9440908516963051,1.3664161534217867
0.2101324092221903,2.8558537696313793
1.0,5.98906363884628
