alpha,s
0.7984148844812843,0.0
0.587301842464541,0.04379871989025892
0.7450835580626014,0.36988066483375964
0.37090354502536405,1.4249432073473447
0.0,3.450130638208582
1.0,5.994828711855273
