alpha,s
4.184513954820433,0.0
2.2782733509715865,0.007940163585964784
1.2299398779487476,0.07636147195988749
1.1493043771130758,0.6330575426363684
1.3022091854191555,2.6746426480916394
1.0,5.967010804544612
