alpha,s
1.1260215239079647,0.0
0.9232182614488921,0.39552280683717556
0.7734597903310599,1.3684056942825735
0.8591167070311503,2.8981406523388964
0.0,4.386900415422799
1.0,5.996921927924624
