alpha,s
4.540237156222079,0.0
1.6217430163491329,0.008628546417326941
1.223975367641694,0.11452904158960782
1.1242378744685777,0.6566343060578381
0.917004191750278,2.7958681763091633
1.0,5.983054230730529
