alpha,s
1.5080151975890999,0.0
1.140954933678933,0.05986100451765367
1.0727591661593587,0.21971526980954675
0.8769239255702571,0.7181213487471194
0.7178262665168583,2.9061953638523654
1.0,5.965741049060024
