alpha,s
2.6957974594849095,0.0
1.2067414076833958,0.005416258736928922
1.0431932618984499,0.05115016087782272
1.0256589966478882,0.17475288149741106
0.9976872664280447,0.4973795210185561
1.0,3.733088524952575
