alpha,s
4.343597358670836,0.0
1.2847215835174868,0.004307004796724321
1.1506060074355557,0.05029786404554225
1.0563369466172543,0.16930717109107274
1.1343623023829834,0.4944308229995256
1.0,3.604354047488013
