alpha,s
0.59999641528089,0.0
0.3614216272690295,0.38079129705192044
0.12978144343930875,1.3581194163178714
0.065171624829967,2.7526373710842127
0.0,4.324111298488245
1.0,5.996113333588424
