alpha,s
1.0346257308226479,0.0
0.9252138214084544,0.41000225599095075
0.9122758408740687,1.3568804571675568
0.818570876912412,2.7233876935474113
0.5301390325086082,4.327719803725869
1.0,5.997860860067533
