alpha,s
1.2963405894768345,0.0
1.1559767654587376,0.4360625966350687
1.3315832887675598,1.4120890792097847
3.3507636765191924,2.7843359431608548
0.0,4.349749806990744
1.0,5.998515874832167
