alpha,s
0.8849796702080066,0.0
0.6969700044968062,0.08825712232525001
0.8114895525935087,0.3012734681535248
0.6083228291257234,0.7935623939247317
1.149720635097105,2.347330154899561
1.0,5.882443283087727
