alpha,s
1.716706841657407,0.0
1.113732089464138,0.08825712232525001
1.0310302345027638,0.3012734681535248
0.6250203411206661,0.7935623939247317
1.0118767306927365,2.347330154899561
1.0,5.882443283087727
