alpha,s
1.7145499218267837,0.0
1.2628513576986533,0.4463231208490148
1.2601562331856955,1.48568368054247
0.0,3.0644648335269724
1.5166756625953943,4.443941485624703
1.0,5.994519675476159
