alpha,s
0.5702324820587654,0.0
0.3011974229215901,0.42899472902725716
0.11902982749327452,1.52678497288224
0.03324530533614327,3.0122200537885018
0.0,4.340009758552996
1.0,5.990362434518742
