alpha,s
1.1307453578926887,0.0
1.3471843216542438,0.4922794280519628
0.5963740032495846,1.3233779496155784
0.5562396624210721,2.696276341273275
0.0,4.280282755867836
1.0,5.9957424870829
