alpha,s
1.0605427330432322,0.0
1.0491649744550422,0.17640586423763052
1.1259559088489333,0.4615356095603131
0.9940832186834861,1.028760009728314
0.8035643466155906,2.800512354575391
1.0,5.993312128629737
