alpha,s
0.4265253730998332,0.0
0.5599725837806874,0.11135802357488664
0.7883175664325972,0.3308970454246569
0.8792930201089991,0.8615148654189253
1.5675629046443427,2.7864626980593012
1.0,5.985652469402353
