alpha,s
1.4361999232543932,0.0
1.2562631082348004,0.05490040428685526
1.232456236481327,0.19932921514360738
1.1253845444229362,0.6102380651564551
0.17586385294408471,2.1637859591887754
1.0,5.973386108293981
