alpha,s
0.7574540550744684,0.0
0.5450770741713238,0.4674102131810679
0.26258422615807986,1.5321377514782413
0.08774624867421749,2.8063895679440267
0.0,4.326551766757696
1.0,5.9910436206557725
