alpha,s
1.0513103872165905,0.0
1.203384086528546,0.21122184802766078
1.10207351313045,0.5317085618637707
1.3261722421172766,1.2123366804076197
9.768654476644583,2.8419550942466807
1.0,5.968401876561391
