alpha,s
1.217822037224394,0.0
1.2977433094930717,0.45622943528613336
1.6685558995942642,1.304551669743758
15.557125517812322,2.608926395015758
0.0,4.206491896579053
1.0,5.984653523608806
