alpha,s
1.0206648797584699,0.0
1.0002973494274645,0.19073867607237638
0.9925719848398606,0.5056876074930257
0.991200727794159,1.1308215606885683
1.0128316990416932,2.9043010327657037
1.0,5.9997699391693295
