alpha,s
0.6541791466025414,0.0
0.8156998385811944,0.10965374157826706
0.7661973782028492,0.30065582521695994
0.8224478157622326,0.9125252651110205
1.4414190566733145,2.9230133116208066
1.0,5.970640274090794
