alpha,s
1.5689661623619828,0.0
1.5208507666267905,0.10965374157826706
1.066972588632009,0.30065582521695994
0.9468301950619558,0.9125252651110205
1.513115286537912,2.9230133116208066
1.0,5.970640274090794
