alpha,s
2.015513992921249,0.0
1.8286856289087554,0.010685222020442862
1.116058026020451,0.08019080244093764
1.651540493381753,0.5804807312064
5.592855790393814,2.6585399035494843
1.0,5.997635887018955
