alpha,s
0.7759215558449462,0.0
0.48139274602412213,0.33499104843820854
0.23738018359254082,1.3868453254634998
0.024165375050460552,2.640870565389807
0.0,4.322059866544586
1.0,5.997399174683499
