alpha,s
1.3912713835361323,0.0
1.326338563208956,0.4718555579501713
1.2886307976224944,1.478823762290341
1.2759107058342243,2.7880519419355068
0.0,4.424235712955328
1.0,5.99836542041765
