alpha,s
0.9932852810572884,0.0
1.0545508286305114,0.19030553784155205
1.1127406244221756,0.4759454301357556
1.1615327266717494,1.0524015876319355
1.142135607467476,2.7954899800537847
1.0,5.998951202738092
