alpha,s
0.9870011179613988,0.0
1.155344822479096,0.3056009000424283
1.1339150541765888,0.6887502112315941
1.6044895566170834,1.3781833420571512
12.428584039472577,3.0840082849131307
1.0,5.982904417483634
