alpha,s
1.2480236329779397,0.0
1.2731655980667111,0.06419104644339912
1.168003248149955,0.20524263296787687
1.1198357204880545,0.6702637672091146
0.8920630255547545,2.5903693413680324
1.0,5.997971515147562
