alpha,s
0.5699517802615596,0.0
0.4130720978564461,0.05042698925581219
0.22431384225627335,0.3639035076491669
0.06278190558637231,1.541601627692278
0.011698555226798437,3.617872326606075
1.0,5.987643253027988
