alpha,s
1.1560548433889009,0.0
0.8272173156877011,0.4865867624570344
0.9166155022412713,1.3541000783375516
1.0142358530303843,2.7417338846263677
0.0,4.362289822462351
1.0,5.99125163780732
