alpha,s
1.5469720008951786,0.0
1.2874433835106696,0.42800592803065773
1.034537951954691,1.379271803190902
1.1437724974618728,2.814267401796518
1.8312535235708838,4.327940220013241
1.0,5.999348214020649
