alpha,s
1.1696007496222354,0.0
1.1667684306851305,0.2369734957216958
1.013523928729635,0.5702745448230253
1.1214989185742217,1.2308017805421567
0.9508802334460043,2.7698256358183717
1.0,5.997178757501418
