alpha,s
1.0780157607566612,0.0
0.9131302861546334,0.42564243065660085
0.9362429711448264,1.3780546061070371
0.8894365832846713,2.704653499669266
5.847104100541718,4.2940591851536505
1.0,5.999836429091432
