alpha,s
1.8270695444367608,0.0
0.8890743290469154,0.03405414472780998
0.9603582117326107,0.33829415975008814
0.4849518486568847,1.4781228638825987
0.1815107315886424,3.611486281498385
1.0,5.988424966136676
