alpha,s
1.11172797247436,0.0
1.0736732400426157,0.23393903197009822
1.0339204930521781,0.6677983572959241
1.2988712720983275,1.6171374444453621
2.6480642162897268,3.4869230436585066
1.0,5.995229089369561
