alpha,s
9.437596960627733,0.0
2.641312837917801,0.008799085592801301
1.6612264904425253,0.09237847536558431
1.0237764580573316,0.5375642212958723
0.5230651999343645,2.825991863222217
1.0,5.969954264479681
