alpha,s
1.4480033553632172,0.0
1.3196772923399658,0.11293960269121475
1.089132144514045,0.3438745751253841
1.1111953159305297,1.0934398733217345
0.6468240624031144,3.027544205058834
1.0,5.9981452893810125
