alpha,s
1.2833180771110655,0.0
1.0532235635139762,0.4227943160438471
1.272714922930077,1.5677782853931195
0.7931282390557503,2.971933178784842
0.0,4.506923709795809
1.0,5.999977094874281
