alpha,s
1.1239017712474173,0.0
0.735586433870979,0.48003018537553654
0.9524098459379345,1.2991216578582225
2.6499218631471706,2.7923197073713344
0.0,4.251701177405044
1.0,5.979745725168333
