alpha,s
1.6544297898839433,0.0
1.2293281672301597,0.10435427924354243
1.7428640163697982,0.32570276994483743
0.7600841866165077,0.7614430156112818
3.536365670620836,2.410161774559596
1.0,5.965629353475328
