alpha,s
0.8620652193727377,0.0
0.9728018236340942,0.3303164452285908
0.8508156919117498,0.772014639411053
0.929575841302783,1.635774762087173
3.4441722620906976,3.30362701964226
1.0,5.972074107236394
