alpha,s
1.0209095954551044,0.0
1.001176848940268,0.3057150804627214
1.01599515367835,0.7447524530060395
1.0481839322619582,1.4399896635127416
1.1858412742741722,3.156441721996124
1.0,5.9663728252760775
