alpha,s
1.1979731441218984,0.0
1.1879110064954155,0.09769431697625693
1.0545155060127884,0.29324792005060546
1.0052760887738368,0.8260223312557573
0.7313196033483984,2.7535014019896815
1.0,5.999025309699774
