alpha,s
0.8845758624116855,0.0
1.1092814665961899,0.3243635755641273
0.8542557756707784,0.7135647189295508
1.0103978729602807,1.4766392524675471
0.6015653233092049,3.004730199817654
1.0,5.982557312431135
