alpha,s
1.18632860921395,0.0
1.3583261604029868,0.18453083387345362
1.1477056606873712,0.4454247555403031
1.278139170590271,1.032213022269035
2.8972772957783515,2.7802538909571264
1.0,5.988638545760489
