alpha,s
2.234198235912387,0.0
1.0571877292648844,0.011638321304020064
0.7932616168853803,0.1020702876734828
0.7570063915242343,0.5278091951903451
0.47084957452857673,2.3024435420750327
1.0,5.9687914746009785
