alpha,s
1.062293936036963,0.0
1.1118601191283684,0.41774005365524197
1.0684584895184364,1.3065039367477547
1.9873671754752658,2.714881888405089
0.0,4.272804961864924
1.0,5.997362351607853
