alpha,s
1.2909848900921317,0.0
0.874920299389569,0.4249554735023782
0.7824906460063696,1.4842924598807927
0.2812370791572845,2.806020847274922
0.0,4.432578132163321
1.0,5.998742484017559
