alpha,s
0.2837446969844616,0.0
0.17065267138106247,0.41705636595010137
0.0626857509764815,1.5158061787079067
0.016112537800819723,2.928621915984531
0.009264767525178595,4.507039344638206
1.0,5.998181864642608
