alpha,s
1.874245040182697,0.0
1.6958708272168805,0.05494984927174244
1.2853154704333156,0.18594502773943597
1.621268024798227,0.6562273406859247
3.189311687409036,2.7257907085803463
1.0,5.964013341315204
