alpha,s
1.095395414338023,0.0
1.2996383294455491,0.267802272161675
0.941949396318667,0.6016509696277821
1.1208959057517887,1.290492988093203
1.3506813311471102,2.9489359915339235
1.0,5.9841653976875815
