alpha,s
1.394749808698798,0.0
1.3032494018320508,0.06425524390101499
1.229631044309345,0.21372689914992188
1.0972045003231876,0.6858879163386374
1.8193348783674612,2.6242364952751704
1.0,5.990808236663371
