alpha,s
0.4278971810065604,0.0
0.6161381940939005,0.11184007258346887
0.7261468978762916,0.31745140592930904
0.9017536326936617,0.9231277168481474
0.8967742827408599,2.7121841193995873
1.0,5.997066770281009
