alpha,s
1.2269848724805954,0.0
1.226525089887858,0.10296076050905849
1.1831437344506885,0.29261847596811863
1.1525795849748997,0.8260283464679029
0.925085787965375,2.7593352314451725
1.0,5.999695103324334
