alpha,s
0.4444803017074782,0.0
0.649261627886602,0.0984382376947586
0.730835095261523,0.3017496927274345
1.0813912441608804,0.9199286584150022
2.446406389887232,2.874966519943419
1.0,5.981976675295838
