alpha,s
1.2861373733431554,0.0
0.9002622749277576,0.14057345112773717
0.9129698887246156,0.4861852158052949
1.0126418208656585,1.1578784956437187
0.7597956121493732,2.9556302182084107
1.0,5.977167952643487
