alpha,s
1.4763207635133062,0.0
1.2020129690671963,0.4273242872717465
1.3055098207801688,1.442811912218423
1.6375544591849276,2.8424623194317356
0.0,4.470717718315089
1.0,5.988765084171332
