alpha,s
1.0057227594871803,0.0
0.9315821127437399,0.2781770693647614
1.0259629117640474,0.7192507186842029
0.992742217064322,1.4051606714884606
1.0576182239725571,2.9779788663300004
1.0,5.98883229796936
