alpha,s
0.9074562390591309,0.0
0.8516121359182128,0.29081389413838293
0.6809058061864157,0.730226793234511
0.850046682507675,1.5311263707372411
1.2909771643512598,2.9330347039046334
1.0,5.933330275351592
