alpha,s
1.2372932242555486,0.0
1.2961429698792064,0.10202473681454366
1.0619107745470333,0.2860149103330472
1.1023583090027367,0.8405546170429903
0.960850847451732,2.894341250557593
1.0,5.999435110563257
