alpha,s
0.4493812644400615,0.0
0.6471592657166753,0.10202473681454366
0.7153986154025144,0.2860149103330472
0.9378056880635681,0.8405546170429903
0.8423320089764118,2.894341250557593
1.0,5.999435110563257
