alpha,s
1.32913844361814,0.0
1.0591362992668372,0.4418905209486411
0.8773415892646418,1.483588134134745
0.3561842094408945,2.948727914387659
0.0,4.515610643573079
1.0,5.996685486473118
