alpha,s
0.441377157126974,0.0
0.20343645014475034,0.3954642108652882
0.08043426435001984,1.486810780144517
0.007317854540862474,2.947549282106442
0.0,4.4566056837469255
1.0,5.998572220750373
