alpha,s
0.7444537670215234,0.0
0.784100677520362,0.10678453533409489
0.9908404149812711,0.32177458196295255
0.8894881807017317,0.8535132515895556
0.8406743553300529,2.5182581365722236
1.0,5.946310791900409
