alpha,s
0.9911313012156566,0.0
1.0726623556909567,0.17610788172302103
0.8948133825746988,0.44113084695594534
0.7908890773334665,1.0198570975872931
0.4756855443930788,2.6350716751793954
1.0,5.962593511922206
