alpha,s
0.8884596043230881,0.0
1.1078065161001631,0.2120660268657793
0.894229226798298,0.5085416090028888
0.8430692025432821,1.289123030079688
1.2133307156869502,3.4659452437814178
1.0,5.9633760271922265
