alpha,s
1.660720618203747,0.0
1.2068278781478339,0.38985512689849816
0.9082727061214406,1.4325928023181582
0.8862208187828785,2.8069626737483304
5.4087353598924865,4.424023437643069
1.0,5.995541019368781
