alpha,s
1.369330276886088,0.0
1.2119382355099741,0.4033890340434112
0.9907090645901793,1.2787898309355883
1.7571621175262953,2.875097013239879
0.0,4.381475991185423
1.0,5.986924866705021
