alpha,s
1.213980985351075,0.0
1.2464772911000799,0.06279751740203529
1.2703303906176289,0.21165044864687335
1.1119030440822633,0.6234696098882033
3.145874246144268,2.6696781721491387
1.0,5.985589706968176
