alpha,s
2.485027477474886,0.0
1.9422379342004907,0.009054177812362223
1.2144455286042843,0.07361236408422894
1.2034801924177216,0.5209643297122106
0.378239490787647,2.669097090636813
1.0,5.930900543083142
