alpha,s
1.0782740987007975,0.0
1.0049796679701557,0.15054770875772208
1.0365064532036627,0.4320240392658158
0.9180092192753188,1.118996782863094
0.36230543812045324,2.8654875981693966
1.0,5.982119471712303
