alpha,s
3.635020939612711,0.0
1.8255122042704561,0.010639910694962028
1.2137887097833588,0.10204908459100376
1.397591750143042,0.6035289414235125
2.5074244550723743,2.351949949563342
1.0,5.962796698863665
