alpha,s
1.2344613590135727,0.0
1.2919004923484396,0.1067536819752165
1.2585869803220875,0.31103637671758927
1.0926572429324792,0.8880502946159214
0.5355484555887257,2.991987168731972
1.0,5.985936828361179
