alpha,s
0.4082426150208395,0.0
0.6006342150042462,0.1067536819752165
0.7993575086609409,0.31103637671758927
0.8331074868939593,0.8880502946159214
0.2794910060327467,2.991987168731972
1.0,5.985936828361179
