alpha,s
1.6542134673166942,0.0
1.0371635895703626,0.051333213122889944
0.8466577456799135,0.4095116420855556
0.7650949635703931,1.5960326384794994
0.0,3.603779814378971
1.0,5.999844462325866
