alpha,s
1.1883864154130823,0.0
1.162122382041397,0.1295214510072459
1.120368401156542,0.3746829506015433
0.8136877497720516,1.03702878522184
2.06127089322042,2.9314748475732206
1.0,5.997263603065021
