alpha,s
1.028485422420929,0.0
0.8831308607715375,0.4768559532836833
0.8845244678846934,1.469444029858187
0.4668645123041102,2.921377293127569
0.0,4.482757544058285
1.0,5.998889526220363
