alpha,s
1.518922820328684,0.0
1.0600719825074614,0.05550938868603873
0.9419573437119345,0.3870983078516112
0.5365490336968816,1.5518082610980903
0.2576670746364779,3.81279416205524
1.0,5.999454362081591
