alpha,s
4.547446330189662,0.0
1.305268927571512,0.0049263265011849
1.128453225217565,0.0527736409071128
1.0890331074701276,0.17872919907117102
0.9562804291538927,0.4900345399929747
1.0,5.484726632717094
