alpha,s
1.1167190363543418,0.0
1.18461071516475,0.4155496487600287
1.7626472581019046,1.4442026813699378
2.567667258650447,2.888356914039242
0.0,4.441574166978053
1.0,5.995548270390088
