alpha,s
1.60343855146189,0.0
1.0623190583132607,0.05794785750752149
1.0905747995325836,0.4104761714607541
0.964876751798696,1.5697611573128631
5.451201701786047,3.741416572518083
1.0,5.997895693887964
