alpha,s
4.348086835320019,0.0
1.495212949634623,0.0046776621285184
1.0605214762862138,0.0450348854953896
1.041674801643248,0.16885438830871205
1.0349105470735418,0.4806229229737843
1.0,4.01866838217918
