alpha,s
2.5353142630518453,0.0
1.4315790979855376,0.00844168376973662
1.2062138348883444,0.08829293494727913
0.7237625386159677,0.48665768948743443
0.35027932052728183,2.4455948134970904
1.0,5.991232465755583
