alpha,s
1.3678629409273382,0.0
0.9129467743729103,0.048313623678509256
0.8420789605753967,0.3768874166698734
1.2685775289747832,1.372933386128703
0.0,3.821368602525333
1.0,5.97834057373358
