alpha,s
1.1702643426096413,0.0
1.1299156953592202,0.10194538212350514
1.0787135899120845,0.3052464283366441
1.0789216312479861,0.8555297925317077
1.2161355521464707,2.782055900788144
1.0,5.998402586716805
