alpha,s
1.0990640072979716,0.0
1.062860293740079,0.1636025776286431
1.1209537672948087,0.4398258448194205
1.012935044037402,1.0004339138606262
1.1380817087926378,2.7442016947955414
1.0,5.997674260563716
