alpha,s
1.0572398321864678,0.0
1.0479205204581508,0.18574916201664032
1.0112348031364007,0.47765395696088003
0.9752374381077836,1.0794837020410137
0.6782173978765793,2.7026662100689918
1.0,5.99721233752191
