alpha,s
1.0112582329097177,0.0
0.981766019505132,0.18975533056189678
1.040898571407547,0.47984783174011775
0.8476857934114613,1.0410987413491644
1.2957672041444288,3.056307356895538
1.0,5.988780850342673
