alpha,s
1.2926810517074907,0.0
1.2020532951809906,0.10771905441398176
0.9716254348623559,0.32158500112261584
0.9379965421208927,0.9118621796752102
0.26969697534609927,2.8243726961376097
1.0,5.999568077329362
