alpha,s
1.4361534574086647,0.0
1.202353686586862,0.4776476378120276
1.021684551169343,1.3173854829181455
1.189856160096039,2.791366948485883
0.0,4.4900833799613835
1.0,5.989066995767509
