alpha,s
1.0403232501331021,0.0
1.0410331307618352,0.18379470521279426
1.1051440150843534,0.48953243374363226
1.0754328743275645,1.1388082212137445
2.1869683825485757,2.8236303494204846
1.0,5.9947482061050685
