alpha,s
1.2286827116499663,0.0
1.0963996604548993,0.14424166710528025
1.2275017572302394,0.43111697350325867
0.9497949187950933,0.9044926753396046
0.39241671751907864,2.757168416820235
1.0,5.9942459081715125
