alpha,s
0.9885251667225038,0.0
1.0313935862393608,0.19855313907240443
1.0387381661416495,0.5059302696333343
0.9462740791347335,1.1210509052889297
0.9050514097821296,2.7947193560360617
1.0,5.988125797933862
