alpha,s
1.2604985232163066,0.0
0.9392051104543915,0.38292610285033646
0.8083906917030544,1.3843374699437634
0.3453651500474128,2.800496719410815
0.0,4.447728654274314
1.0,5.99989292120681
