alpha,s
1.067784812744307,0.0
1.0339286600925646,0.23497072371630728
0.9328905184204717,0.6760518615377374
1.0757251166572972,1.6733077562439977
0.22658278133480186,3.637707442680978
1.0,5.993838830361533
