alpha,s
1.1706050055479134,0.0
1.028065282503189,0.4388954494809857
0.7042014349655364,1.32816677702761
0.5324975346544587,2.7878243137254346
0.8922342826055139,4.199588963294157
1.0,5.979398970034076
