alpha,s
1.111016107553061,0.0
1.0298924813139694,0.216911003550522
1.1538031567394054,0.6509921848978157
1.1340053211659924,1.704789495324168
3.487756393005448,3.599200952805991
1.0,5.984917724836283
