alpha,s
1.7953415863278974,0.0
1.3086122902122728,0.060643394771820444
1.372624720798393,0.22894761744851405
0.61191061244702,0.6785331089939024
0.17028989206715778,2.679065193646278
1.0,5.9933342779551735
