alpha,s
1.2481927202433192,0.0
0.9819432842984734,0.14472479398545607
1.1442343685667815,0.4350534157138283
1.0819507287685104,0.983535841121633
1.0605757644523217,2.889892192868846
1.0,5.939605948931416
