alpha,s
1.584817403068611,0.0
1.1585840927919064,0.3556469773942163
1.7853857108850117,1.2996943247351322
5.1436668237927545,2.642124118588994
0.0,4.320928248188567
1.0,5.989875459217178
