alpha,s
1.095933940481627,0.0
0.8843836197758859,0.17466596140660365
0.8778200981665065,0.48460459674066014
1.151250052433444,1.1817320382522418
0.994968729524244,2.6383597757624946
1.0,5.988446566059535
