alpha,s
0.9962411028136575,0.0
1.0629829770781267,0.169427312478085
0.9937926759728173,0.4367953759690963
0.9942555774530573,1.0154877792235388
0.8886895793910174,2.63419817398479
1.0,5.99937099266246
