alpha,s
1.0411350622813629,0.0
1.070089979950618,0.5115007272876939
0.8864721455085928,1.4929664884394802
0.7851542220774471,2.952825526913959
0.0,4.447377148163528
1.0,5.995944638766847
