alpha,s
1.5464894526373527,0.0
1.4622765273635323,0.4382754241815691
1.3612952551731123,1.4266904714863544
0.8145854463817328,2.86049177035201
0.0,4.452236822241956
1.0,5.997962257659395
