alpha,s
1.6053196342671323,0.0
0.7833417296434522,0.4210352012208571
0.8478715076805916,1.4990140358142872
0.0,2.880220237144712
0.0,4.5414810291974765
1.0,5.989075507737152
