alpha,s
0.37895009996353846,0.0
0.20732723388733934,0.4323047316439517
0.07895349301835243,1.4923775849419094
0.02191603878925858,2.874830273934973
0.0,4.3873774897197535
1.0,5.971535369859504
