alpha,s
10.151916804905808,0.0
3.2259190609460475,0.01149009856840084
1.665409066982298,0.10240562001213852
1.3494489392258173,0.6467110921298842
2.8705697755754604,2.670379674982811
1.0,5.99364788973879
