alpha,s
1.0265656132618568,0.0
1.1294715495272585,0.17462445686995073
1.1006190117898544,0.4376152670785009
1.1104912899501485,0.9993305787721626
1.3934578477755126,2.799387318505405
1.0,5.982506694824706
