alpha,s
1.1130118450470428,0.0
1.03998822203379,0.23392738088264117
1.0688232050437811,0.7031748482960701
1.271014967661414,1.68882678674088
1.2226399608083787,3.6829673519475103
1.0,5.998652719664632
