alpha,s
2.632965268353543,0.0
1.6068847596113356,0.0110640313492715
1.155687193731102,0.11278306441923232
1.1854092612191023,0.7207638563791319
2.957247852315267,2.7634510210565253
1.0,5.994629026548839
