alpha,s
1.3056426847847606,0.0
1.3346720874258111,0.4650939752137236
1.5385314518967976,1.464265658130842
3.143205809844842,2.77366234281087
0.0,4.288782823645082
1.0,5.980037467446606
