alpha,s
1.4028343649301411,0.0
1.053779037445796,0.12530813720748044
1.0647874918005773,0.39745321876867556
0.8526751243032507,0.9690695417672663
1.2938092424426524,2.6267620946763266
1.0,5.998135784771216
