alpha,s
1.3180496701745557,0.0
1.2574347920860736,0.0950643992248783
1.123215278409928,0.2790253467926324
0.9666526812722247,0.7763335352262926
1.3311395849986791,2.6574959878632822
1.0,5.997079251680494
