alpha,s
1.2697992731658618,0.0
1.2550361451746224,0.06302916425347747
1.0919583935430128,0.21579674417627515
1.2370586498748024,0.7408424258165514
5.577632967122057,3.0007507335530357
1.0,5.995581808391793
