alpha,s
1.2569226553763901,0.0
1.6929934137715206,0.41653398630581917
1.7367886976583127,1.4717719165481729
0.0,3.0584946353771283
0.0,4.507394089634834
1.0,5.99446890855358
