alpha,s
1.2188058483045663,0.0
1.1730744757891125,0.4583934802935764
1.1718872971146248,1.3106023976202856
0.0,2.81890080817749
0.0,4.441618835708008
1.0,5.980040520048046
