alpha,s
1.0212384342849987,0.0
0.8743865579263727,0.4583934802935764
0.5396379486585242,1.3106023976202856
0.0,2.81890080817749
0.0,4.441618835708008
1.0,5.980040520048046
