alpha,s
0.34000195388067866,0.0
0.2173623256543434,0.42517356442651544
0.07896939674084542,1.4085465684586065
0.053838892609234,2.862409238494225
0.0,4.359346789229755
1.0,5.996012318485374
