alpha,s
1.5054067381085023,0.0
0.9895765855883832,0.04521170667079925
1.0609293259085246,0.4072634914921148
1.0557327077689678,1.5256948443127027
3.220540866264824,3.6699845313278194
1.0,5.999674836322663
