alpha,s
3.9110785297313395,0.0
1.5088580428348204,0.003522975870658701
1.165458160049353,0.04058552342353272
0.9775081829975967,0.15394722945969616
1.0892891839870116,0.49537575756283286
1.0,4.153178740447521
