alpha,s
1.1661128988833331,0.0
0.9928681840473438,0.461035620009616
0.9375326381979996,1.4459145404427036
0.7829760572667207,2.8271226220100383
0.5194474704070405,4.409014976363802
1.0,5.99641773995067
