alpha,s
1.5011461529134078,0.0
1.206472175818308,0.4149405724519063
1.331851604591816,1.4628505995487353
2.489005428698655,2.9504748250543478
0.0,4.422645657714303
1.0,5.997503101352423
