alpha,s
0.9656088660678299,0.0
0.9551692627258584,0.17863268530854962
0.9074468557781854,0.46917168450401064
0.8372491205869197,1.0463655633958806
0.4442034523557537,2.7344530703396672
1.0,5.995244510859825
