alpha,s
3.7958008259771026,0.0
1.6415906702966239,0.011360262894272841
1.2476981440908312,0.11503618868542141
1.1161713254262464,0.6472725568739788
1.7399167906535438,2.711449417783804
1.0,5.994648724500588
