alpha,s
0.9804386343780569,0.0
1.0560296678283594,0.2065846087487106
0.9521230033512921,0.49839995090887224
0.9036368930926015,1.1162658963018979
1.3024813141480167,2.8334388658630023
1.0,5.996672443541499
