alpha,s
1.0866305206436344,0.0
0.9070603420722219,0.5042566212378338
0.9793051102413621,1.5429173901411084
0.6363064437175767,2.8351751970544554
2.4033781440892805,4.399399644278845
1.0,5.989182362243675
