alpha,s
0.9318787420362845,0.0
0.8535987764492323,0.5042566212378338
0.9335820739243142,1.5429173901411084
0.610739926035803,2.8351751970544554
2.2745150254026423,4.399399644278845
1.0,5.989182362243675
