alpha,s
0.9337625130355489,0.0
0.5381978236471799,0.36565649343396767
0.38645198687747423,1.3614259825731165
0.03898478889809353,2.7931155849108116
0.0,4.382763158295223
1.0,5.997378372263153
