alpha,s
1.2160091941389806,0.0
1.2463896944192567,0.37992026731746814
0.9888487512421923,1.3355636407315599
1.6375204584343277,2.803284601900376
0.0,4.441787676088569
1.0,5.996214012855416
