alpha,s
1.1846369247050936,0.0
1.231387140074787,0.4510627398819384
0.8826114153349666,1.4280899742217983
3.4652997990908525,2.7071297318711127
0.0,4.349666072994232
1.0,5.999858230902637
