alpha,s
1.330600925529264,0.0
1.1926774636339044,0.13580561369065844
0.9514816768002278,0.38586886505368095
1.1646571683739944,1.0094299307540069
0.7268946367100655,2.8915331554573025
1.0,5.996724184682677
