alpha,s
0.6002204380769705,0.0
0.6298151260106313,0.13185405298815522
0.9132581958648944,0.44799011751360995
0.8089510763414864,1.1208539646668958
1.163507750755672,3.0550044195900217
1.0,5.985261953147405
