alpha,s
0.7285022305408299,0.0
1.0251361245397896,0.28917650632236863
1.0115707396784992,0.6409986803795897
0.761096350326952,1.5221236092247243
1.0786001255387605,3.5770097557576612
1.0,5.981372450768044
