alpha,s
0.4166431527601924,0.0
0.24196244541099599,0.3886695505450288
0.10612555297681123,1.3246886192386143
0.029282508577292556,2.8281962398570477
0.029166280575628836,4.344492313242109
1.0,5.999525607656347
