alpha,s
0.9736340189084767,0.0
1.077718682267827,0.17520205614899706
1.0862992435483598,0.4389566618573382
1.1258588115489123,0.9519321063713587
1.5350407532674766,2.626865109042636
1.0,5.997469749644227
