alpha,s
1.438175602841945,0.0
1.3124208808389153,0.44377747315939353
0.903231789074944,1.351008794382282
0.7477060954850729,2.757832065036838
0.918767438014533,4.3625668944355525
1.0,5.995251412598606
