alpha,s
0.4279042792878758,0.0
0.289820662612874,0.44377747315939353
0.08942839994661389,1.351008794382282
0.02498199305734301,2.757832065036838
0.009915886648130562,4.3625668944355525
1.0,5.995251412598606
