alpha,s
5.501774838889113,0.0
1.6610743200065254,0.004852633524502699
1.3113498051013452,0.04641483124680658
1.041774680403013,0.1596157252690905
1.1265314384066942,0.49361751329782455
1.0,4.1098832154247305
