alpha,s
1.0573856953701506,0.0
0.9275604229719404,0.4403739843607072
1.0049147655383042,1.4432257210690542
1.0743331065487474,2.8542712857187698
1.0509096932220399,4.407043079369029
1.0,5.998746704304596
