alpha,s
1.640688592165312,0.0
1.2939719927804245,0.399022234721307
1.0664283315044212,1.336425462749377
2.3900307853521037,2.776156466031141
0.0,4.3963278115374695
1.0,5.999876325407798
