alpha,s
1.3162948170801978,0.0
1.3894545222310313,0.10224157251727985
1.3476129395750795,0.2906273078881043
1.8719500171265764,0.8808996415204747
1.9641433107423238,2.790233126357627
1.0,5.958692296812483
