alpha,s
0.5112666397443373,0.0
0.7487905358607831,0.10224157251727985
0.9903086860006528,0.2906273078881043
1.6973644661685197,0.8808996415204747
1.8425642305054228,2.790233126357627
1.0,5.958692296812483
