alpha,s
1.1298143812388939,0.0
1.0868277885805602,0.21755687255206252
1.067264880899396,0.6610004830144979
1.05348354196575,1.6395812679748643
1.7575901718512033,3.7312348752761473
1.0,5.993961590735374
