alpha,s
1.050873827447118,0.0
1.0199986399433407,0.16491806460911276
1.0253991548043777,0.4723963022065928
1.1081278329851123,1.0712334983167808
1.6002676184837512,2.8209580980094855
1.0,5.928669221263214
