alpha,s
0.7620666905605771,0.0
0.7366592076075862,0.08797407654086337
0.8783596971278739,0.3080307183236033
1.0576536409533313,0.848192681981226
0.27628036342030154,2.8016286008712767
1.0,5.970514521199174
