alpha,s
0.8654888455861742,0.0
0.8429086701239545,0.18031105715462536
0.7972111481220802,0.4644712959692127
0.6756784042621679,1.014543593497779
0.27663308939538855,2.602361617123925
1.0,5.99910287594108
