alpha,s
1.4535586745021096,0.0
1.4735601620129488,0.3209756055453688
1.0486359518520392,1.55472896150547
0.0,3.2051289066061517
0.0,4.8139166605466714
1.0,5.992949382313755
