alpha,s
0.9272223461447612,0.0
1.0399074431451896,0.2990073645804326
0.8846685847435565,0.6859363640726652
0.7266485426329825,1.4073518541907755
0.8695968279723666,3.0878491952013896
1.0,5.973466622147521
