alpha,s
1.1965272295966056,0.0
1.173214705821041,0.12481257141434732
1.0406077861130103,0.45898122188254326
0.8108576542848187,1.4595087878916373
0.3150709963089534,3.6292985748668034
1.0,5.9994908672331295
