alpha,s
1.1237506765992284,0.0
1.0808216525559255,0.26287387564098047
0.9086308767691819,0.6416874294843355
0.954382194315965,1.3460397744778871
0.8995995245710288,2.856434683171973
1.0,5.955522041808284
