alpha,s
0.47810753021867014,0.0
0.8389436306277361,0.10779975056532391
0.7655896020651807,0.27619584731690605
1.193689070480801,0.8608128782476563
2.3248040339779816,2.510218015889307
1.0,5.9710973199684405
