alpha,s
2.973574281323687,0.0
1.51250874414903,0.01038996234556328
1.309607936615704,0.11300175939149144
1.0669720978986492,0.6706334968158756
0.0,2.8254087428225527
1.0,5.992070198317118
