alpha,s
0.9637326337109929,0.0
0.8902715442086155,0.30288688096217276
0.8941565422143959,0.7529212121141231
0.7404131106199612,1.4624093971650252
1.093163486248679,3.165607474525957
1.0,5.9769419227005205
