alpha,s
1.0660645987924444,0.0
1.020720923980612,0.42983302699643394
0.6852300937891083,1.2956651365756489
0.9479284458709498,2.6950719037875643
0.7894934136428988,4.375010334242637
1.0,5.996253043498058
