alpha,s
1.6181600485265486,0.0
1.5098314966946698,0.053676096287631814
1.2006211744715458,0.17941271608819126
0.9752872622708204,0.6344267548514667
0.27454291848874257,2.596690130026823
1.0,5.9989410962438185
