alpha,s
1.420294816646451,0.0
1.2768009870545203,0.06505442859429444
1.1130642528536414,0.23190261074579854
1.1120067438887975,0.7517298483791677
1.1281213677277628,2.9184494616100514
1.0,5.98150568670718
