alpha,s
4.6489529600660395,0.0
1.637401604769118,0.00682345880251898
1.1282460576484952,0.08442115351696575
0.7773951104204828,0.5443692903950861
0.33938543065228166,2.7892006624034353
1.0,5.987079227844868
