alpha,s
0.6763500566836798,0.0
0.4344743834372807,0.4257857242651097
0.24816962409506288,1.346650352359918
0.06809033219048174,2.7424809738546485
0.0,4.364653710116535
1.0,5.989545729056927
