alpha,s
3.427466536205364,0.0
1.3955590988280813,0.004525369351898158
1.0172911934591797,0.045781017466471036
0.9848492953880635,0.18376114319888068
1.003556573199268,0.5309223878823203
1.0,4.042983690549988
