alpha,s
0.6595874189498026,0.0
0.4131345401553852,0.05421136799710118
0.2972832531287505,0.44492133367361497
0.10001152831085289,1.6178821320969619
0.01843865641760067,3.6751424487373616
1.0,5.999910142839232
