alpha,s
1.4069644014186329,0.0
0.9353774158207833,0.3795874607411068
0.7566434458567955,1.3368316936427123
0.14242880631079644,2.717684091032793
0.0,4.44745171123822
1.0,5.987353787555562
