alpha,s
0.935491244561283,0.0
0.5426383073443233,0.40270813756877166
0.42327903234373254,1.4101896251138384
0.2045100482520673,2.8599937835585667
0.0,4.3589567525185
1.0,5.989154696373337
