alpha,s
1.1845091081253871,0.0
1.1314013854256695,0.06186402881799166
1.079861493082795,0.21280110907895491
0.7972745928565047,0.682958806137792
0.44144444148443057,2.763647995770615
1.0,5.999769363852927
