alpha,s
0.45983249866173825,0.0
0.5455828431767862,0.10974114189269213
0.8795960538165551,0.3538534401130942
1.090941879223136,0.8638722103110499
0.5818379503359137,2.5906590303118966
1.0,5.9931980658023445
