alpha,s
0.35458205780850105,0.0
0.4418005215521134,0.10902541566969765
0.6625025131295535,0.3174589200887779
0.8356270008708331,0.8924755381484161
3.41047296954723,2.568319263787431
1.0,5.999611106868655
