alpha,s
0.9744249667342837,0.0
0.9719018167295176,0.24258079467334226
0.9102148562350607,0.6957345363124056
0.9793106641733708,1.7237040717960939
1.7577246702985918,3.6156637034616614
1.0,5.997404606742705
