alpha,s
0.48081374008502814,0.0
0.6197436714892822,0.11141560480575881
0.7059816719334853,0.333400693512484
0.6255139798095031,0.9168105202641187
0.2571639425425269,2.7277554701735447
1.0,5.959730993428609
