alpha,s
1.2218020679055461,0.0
1.142063073957078,0.11141560480575881
0.9946546651660395,0.333400693512484
0.7122490857637112,0.9168105202641187
0.26618266395592305,2.7277554701735447
1.0,5.959730993428609
