alpha,s
0.46938318570641585,0.0
0.5473012486478993,0.0964570391590865
0.6505149780816227,0.30145184977485817
0.8515703222765431,0.8364293998114938
0.5539173970608143,2.7744682932208624
1.0,5.988891903996065
