alpha,s
1.0718551512005592,0.0
1.0101991610861167,0.16238918549628648
1.1045389441135076,0.4427133922448654
0.9919443799554226,1.033932137491072
1.015282702193719,2.812040235807172
1.0,5.996417398829282
