alpha,s
1.0723624938150826,0.0
0.9761244950011299,0.17141152845927507
1.207072368544432,0.4935705093491613
1.0175635661561064,1.1205609764329352
0.414992863370783,2.701709602284164
1.0,5.899096927039092
