alpha,s
1.0481952567273758,0.0
1.126886033689637,0.0718941811299346
1.031496566878375,0.23492580915524408
0.9778606441162343,0.7920432896519272
1.2300313957412614,2.6799052515152586
1.0,5.997341418387606
