alpha,s
0.3117286781785966,0.0
0.21040871142282108,0.3795571433072282
0.06003239747755701,1.3388473465168396
0.027481942189682782,2.856269941810484
0.0,4.3607533928764335
1.0,5.988210308489869
