alpha,s
1.0253714791585085,0.0
1.092477646427832,0.16106733995681521
1.0851589002901896,0.42343045234937665
1.0094690738556582,0.9767017520095689
1.4687800964762658,2.8056585067279163
1.0,5.998812273006836
