alpha,s
3.2003707027420045,0.0
1.790187520485603,0.01153032581673752
1.5344689937275606,0.09761582610423512
1.610376321292381,0.5493071894666902
6.044167286480469,2.7954329911798186
1.0,5.999758924234203
