alpha,s
1.0444007826554913,0.0
1.081009123676853,0.19132389221455562
1.159518270028178,0.4950901121434814
1.0788962425609305,1.0908025701280233
1.4557508037198503,2.869457948282189
1.0,5.980056480453298
