alpha,s
0.9765328022782839,0.0
1.0897217885450448,0.47643774186224064
1.0818225181419185,1.3448564547092678
2.5535257132119002,2.784328045932197
0.0,4.348050529626243
1.0,5.990542281007839
