alpha,s
1.0928460123019286,0.0
1.1684349110703398,0.47643774186224064
1.1442112212534696,1.3448564547092678
2.6783735197769754,2.784328045932197
0.0,4.348050529626243
1.0,5.990542281007839
