alpha,s
1.4289328371231724,0.0
1.233404991988786,0.06236872392748682
1.1765761678887958,0.21149807885467473
0.8630208603413247,0.6365610838360513
1.114724671405198,2.48499364664654
1.0,5.9894121225704895
