alpha,s
1.9271073354350323,0.0
1.2981911819587693,0.007832230840578701
0.9585580867655084,0.07535288764661396
0.8907867036526984,0.5049279382906278
1.2078690513776542,2.38590400769336
1.0,5.959780957342652
