alpha,s
1.1435114222350589,0.0
1.2018428511596038,0.07252279752672136
0.8264904648991599,0.24491334593442163
1.0763727357129762,0.8765295390550785
3.155139585277027,2.6890761635799336
1.0,5.94341235944691
