alpha,s
6.838020433298105,0.0
2.3511373171714194,0.00729500937533492
1.4682278561270212,0.0801492814666701
1.0838459728054453,0.5277424429973651
1.548637813171417,2.7729722819758256
1.0,5.971782803543792
