alpha,s
1.0736012365947634,0.0
1.0817217256754883,0.46959476231517405
1.0536460937504628,1.3683873929957435
0.8443948989637298,2.7597436920909137
0.0,4.3425175146258335
1.0,5.996368200991739
