alpha,s
1.4271378342760375,0.0
1.1053102284854508,0.38985512689849816
0.816659142922815,1.4325928023181582
0.7936303790700693,2.8069626737483304
5.17264512263513,4.424023437643069
1.0,5.995541019368781
