alpha,s
1.175627504618484,0.0
0.9287197390562703,0.21581814405762514
0.9238051258258955,0.7201808508969539
1.3243683556765844,1.6535617090504897
1.5834049002413955,3.605114534075368
1.0,5.999222597672546
