alpha,s
0.8078544927526597,0.0
1.1821569175592201,0.27398635648583003
0.952499070702881,0.6491294065386921
0.8002151355774992,1.6988354258591756
0.0,3.6264945985004684
1.0,5.992112020132411
