alpha,s
2.552935896889486,0.0
1.4616230222843896,0.008964360878646048
1.2702657924044358,0.09566701145923216
1.6914945795024827,0.5161798598240434
9.309221214093174,2.48065454301047
1.0,5.993199393811392
