alpha,s
1.4860806522547823,0.0
0.9871843187323311,0.43967681103079015
1.1014056361300766,1.5356462909717228
1.7073144064641819,3.06594112984108
0.0,4.315257365617023
1.0,5.999001666488489
