alpha,s
1.0568932642236943,0.0
1.0245828482362165,0.19673042420992942
1.053352587446252,0.5117635946454325
0.7183710567912216,1.0973366497423067
0.574421800597069,2.972051238721077
1.0,5.983439467620412
