alpha,s
0.9735382179533141,0.0
1.314930369837099,0.15758314981983942
1.0627614595412036,0.3535494547812582
1.123077630794204,0.835913848578914
1.2395064264215618,2.3173108752442104
1.0,5.973802239345318
