alpha,s
0.5616871992812345,0.0
0.3917979213018841,0.05712640116950906
0.20980090229250892,0.41377526802458264
0.04076984127991756,1.6314796969658003
0.020815849054567053,3.7713913124898943
1.0,5.993673384307607
