alpha,s
0.9618096170815494,0.0
0.9636949695553924,0.17579319357065978
0.9319391408025002,0.4763279472714814
1.214194835506955,1.1152119746055251
0.6091613724785243,2.8815541236719815
1.0,5.9477601635534185
