alpha,s
1.3271959056463074,0.0
1.1867362720157144,0.059522787750925885
1.2165218679169862,0.2078112710022583
1.1059743912613749,0.6414361282643409
2.2191896179308985,2.503038233183927
1.0,5.9951360810944765
