alpha,s
1.523080533440706,0.0
1.340412729232569,0.07295855346568005
1.3143788829079543,0.25010352341989145
1.0172391816603066,0.7926630970866269
0.6654606320634092,2.7436768692785076
1.0,5.978149286585582
