alpha,s
1.123637014916397,0.0
1.0858218482019009,0.4476982780225233
0.8851662228393569,1.3597347958656651
0.6788744347986366,2.799378407716456
1.8943747552136196,4.28740552200558
1.0,5.994101676254752
