alpha,s
1.1033095161701971,0.0
1.5049338811690642,0.4725409586524781
0.7405371150419844,1.2806303455184693
0.0,2.862352780331711
0.0,4.280704966951128
1.0,5.987794376473544
