alpha,s
0.44756305051776674,0.0
0.584166571749972,0.09849633321388716
0.7098925232534612,0.30571230068357935
0.9187141104429344,0.8999355042966013
1.0243722511556543,2.8320610608198393
1.0,5.990984168106296
