alpha,s
1.0143775212644865,0.0
1.0855417929823121,0.23867797655989362
1.0806584592007855,0.6992511538886761
1.3395938650855082,1.7217316793703799
0.0,3.965722508899314
1.0,5.993119995642425
