alpha,s
3.8379488133604323,0.0
1.7003097054429475,0.007767639950404121
1.1009394215882,0.10052898656340034
0.783899908495488,0.6425465359702099
0.33971379212499764,2.8546508786387315
1.0,5.989602109136397
