alpha,s
1.2337056319701194,0.0
1.0793058920766452,0.06943860436235635
1.2410666196416928,0.22978694376789605
0.6446961348378505,0.6469079567047004
0.25044567891436437,2.585184761843601
1.0,5.986385004971823
