alpha,s
1.0510985675796598,0.0
1.0469459340179508,0.16966063798895878
1.1625430282349662,0.4644878707933806
0.9294198206368004,1.0597059100792259
1.1475574942671931,2.9193897886934312
1.0,5.987109981633761
