alpha,s
0.4117926946837961,0.0
0.40513887878037597,0.39550899574244813
0.7724570678801606,1.4681162570394435
5.7970262847280285,2.781848901009129
0.0,4.4472591036244005
1.0,5.994670351125723
