alpha,s
0.9378124388151107,0.0
0.9798074594514453,0.45742504732037337
1.0375179704044981,1.4110656654013611
1.287943734100213,2.804770464118152
10.082912830611114,4.298222524362212
1.0,5.999793962085086
