alpha,s
0.5330541239784842,0.0
0.655492055656191,0.09959097467569744
0.7599344181716667,0.2895120457819537
0.8004031023209173,0.7995193675607818
1.1928879663468028,2.5331432303323553
1.0,5.999859489957222
