alpha,s
2.0630125251736,0.0
1.2468099569970421,0.29352432496566794
3.392845848169918,1.366804663443301
0.0,2.8204702272246953
0.0,4.4120913629433955
1.0,5.995774781350472
