alpha,s
1.0298781216049244,0.0
1.0447000921348994,0.276433219387051
1.0530465255182089,0.700799709993389
0.9129224587785699,1.4278542832325556
0.604856350281646,3.107943571570487
1.0,5.946629327457671
