alpha,s
3.895339959683958,0.0
1.892219369521991,0.008057990892982122
1.1722498299626471,0.0867964946574972
1.1400082279434989,0.5973036142590814
1.4092448005338394,2.7630630211735094
1.0,5.997547524572878
