alpha,s
0.7896368736502021,0.0
0.9720732270412193,0.20149044503161587
1.0335209178427849,0.46798553071025273
0.9331790479002743,0.9473015347141401
1.2098854124654215,2.583157972003707
1.0,5.996134529333858
