alpha,s
1.0940232857738432,0.0
1.0909334151261443,0.2798706735235366
1.1595157745023799,0.6820241010360925
1.3702987770543353,1.2414234695368747
2.6739024495614157,2.8080151066906587
1.0,5.980726678354497
