alpha,s
0.44332544710541405,0.0
0.728904041579589,0.1095239617314271
0.6118877514868993,0.3180335197900328
1.0202040847421308,1.1017444888318875
0.39432238030163985,3.0384532613257567
1.0,5.972044079565594
