alpha,s
1.0303635229781583,0.0
1.1296929723230167,0.24872943893124672
0.9766300457632912,0.6508989782719837
1.026029213731171,1.7287594800456496
0.9827496683621512,3.539255983846575
1.0,5.99906155385803
