alpha,s
1.1872167970304186,0.0
0.9485277996302542,0.45965732634520995
1.0282910665849443,1.5472202901330838
0.1550754552375469,2.876379202986788
0.31736491137719325,4.43045349155599
1.0,5.9968798381658
