alpha,s
1.1230616777665172,0.0
0.9764661179459972,0.45965732634520995
1.1815197277940546,1.5472202901330838
0.2397316281970337,2.876379202986788
0.6546036783742354,4.43045349155599
1.0,5.9968798381658
