alpha,s
2.932068804306227,0.0
1.6677171282483907,0.009979523963177162
1.1202450824222276,0.09668637436789485
1.127828763224824,0.6406550958362713
1.124228105727357,2.682021378851997
1.0,5.992932990897078
