alpha,s
1.0762668347659325,0.0
1.1528254092632755,0.16704518828913914
1.290727011269166,0.42289042499242707
0.9542038980741336,0.8566924274506054
2.618095240872618,2.2897510212676466
1.0,5.98856063373117
