alpha,s
1.0510979306999713,0.0
0.7716397545865149,0.2797939049749867
1.1192341596909403,0.823040074746506
0.8725147820846427,1.5209062653061791
1.0081375737199163,3.100391620967283
1.0,5.950606328566304
