alpha,s
4.0336267223556,0.0
1.858119246801805,0.0080495617259617
1.233719659293719,0.08886473080196039
1.3083495761832225,0.609912244089377
2.4502950543718565,2.760981509659964
1.0,5.998195899620242
