alpha,s
1.1530111444488886,0.0
1.0241114037395664,0.1402100049044524
1.0199175893978982,0.4129255266626658
0.925258014160351,1.0294001919903424
3.9410370904111147,2.899074174594051
1.0,5.9619012073146855
