alpha,s
1.3898143512287702,0.0
1.0807800277744606,0.05501262944956149
0.9591760313339407,0.38098174067408613
0.862684677139185,1.5348167714472216
2.1712836748117983,3.7549291717390547
1.0,5.9980488150079045
