alpha,s
1.2191146280559113,0.0
0.9008219022844912,0.0715704987804341
1.1249669562938742,0.2702707495174272
1.1576346695379587,0.681302163918199
1.16810928980426,2.3271896211957026
1.0,5.995528845121394
