alpha,s
1.3184007653753749,0.0
0.8258681472771524,0.44568341984280413
1.7167963088942122,1.4669468718535246
1.622320442766515,2.7408023709113722
0.0,4.180532303485252
1.0,5.998329032706388
