alpha,s
1.1740549232746786,0.0
1.0373842176056076,0.3851035160004052
1.0501222129923127,1.3535976073627556
0.8739499383968887,2.817146303452158
0.0,4.457428885966084
1.0,5.998905924684319
