alpha,s
3.665155173899258,0.0
1.7669368024326666,0.00733440750896286
1.3085625694013534,0.09607515290468933
1.300994228666603,0.6385755251798327
1.2120517607640802,2.8836793399215463
1.0,5.999764101256523
