alpha,s
1.147289093668891,0.0
1.1111260294311494,0.1661434226502441
1.05022626777365,0.47053344209380654
1.1918364287321745,1.1298992291831598
1.665345796104564,2.8274757036847693
1.0,5.960454763557229
