alpha,s
1.150205328374388,0.0
1.1285910422598902,0.10378723476819678
1.0297571776510939,0.3065510860598052
0.7992508736329866,0.8055842766012747
1.3335096941321742,2.662450630424328
1.0,5.993394347723521
