alpha,s
0.5532506051898683,0.0
0.7016718931826191,0.10378723476819678
0.7980326576791482,0.3065510860598052
0.7327973656887269,0.8055842766012747
1.3478846365307606,2.662450630424328
1.0,5.993394347723521
