alpha,s
4.348519065913064,0.0
1.338772524673679,0.003698115888034282
1.0847862806026993,0.048379958387105945
1.0031975134756108,0.17340515627201547
1.043940393646369,0.5066251380554202
1.0,4.395519556616161
