alpha,s
1.3744044547844,0.0
0.8992164798965795,0.054074688725937806
0.8039610615879837,0.37818418421813393
0.47387035691912527,1.4898501466209775
0.1378678281585252,3.5548797724775842
1.0,5.987841612873048
