alpha,s
1.541552351188731,0.0
1.4040131110876803,0.36424736575179156
0.7624735224829301,1.2242635012728078
1.1762097242781597,2.663070698814819
8.594780830659525,4.272274542333377
1.0,5.970874137882317
