alpha,s
0.9979878638034109,0.0
0.9344283733676373,0.18048505753181907
1.0360928518681238,0.47439044383681184
1.0205751890522632,1.0388965771041792
0.698557301479702,2.6773028160334027
1.0,5.991135605946193
