alpha,s
1.048443358923924,0.0
0.7716637255976824,0.4250385198427928
0.8436090962446997,1.3874922871209643
0.39924643523719194,2.7017251747538187
0.9991436599508975,4.276717894468234
1.0,5.991534190456053
