alpha,s
3.80727364426333,0.0
1.648624131255709,0.0057814699673111826
1.0889311732146982,0.04299017563613991
1.1408800136592854,0.17093487651140135
1.1025732362040574,0.4686618453050441
1.0,4.073893557360048
