alpha,s
1.2112420804837198,0.0
1.1395683443252649,0.14203795888164478
0.9236614416414597,0.4035153863060496
0.6812967443727831,0.9958952157542904
0.16156548662807158,2.7127211278380856
1.0,5.989452983234343
