alpha,s
1.1574268586526442,0.0
1.0503787944315108,0.22902008502535867
0.9807753971980795,0.7186257514886515
1.0412253866464565,1.8697865117219319
0.8708591800210479,3.9049126055451264
1.0,5.99980501146861
