alpha,s
1.1050960799817156,0.0
1.0208661343694665,0.14315764194572816
1.1561040557582145,0.5526039224380709
1.222090893971206,1.6355434808173528
1.722866136537991,3.6759792739128048
1.0,5.994384672114282
