alpha,s
1.1373605306411951,0.0
1.1179981970038924,0.21820363133366558
1.0556941122707264,0.637206110768762
1.4644528690009222,1.610345206860883
4.738133898598351,3.5598527908788187
1.0,5.992984293076704
