alpha,s
1.0906072721403544,0.0
1.0162055318539607,0.17874927145010147
1.115655836117543,0.4728920698247333
0.9943894287863955,1.0348120529076605
1.3048820328188382,2.8468256836868617
1.0,5.986428561986135
