alpha,s
5.545608073285163,0.0
1.8886443063806655,0.05022681163616935
1.3621352128545954,0.343805116708638
1.309916684574203,1.3331360762039608
1.0981155914238376,3.6510993234922178
1.0,5.996193782373217
