alpha,s
0.3466431499691618,0.0
0.5323414729723789,0.11194188942175044
0.7256129788106156,0.30921219641941816
0.7574874254258472,0.8303464576385431
0.5579527852939028,2.8975603286595057
1.0,5.998339053441976
