alpha,s
1.0863135929923717,0.0
1.011126838270792,0.23229125986121474
1.0169790522750208,0.6917177387231735
0.7083719663323761,1.666651335238133
1.3976158535452916,3.5625106360217274
1.0,5.991350363763321
