alpha,s
5.736952802825788,0.0
1.6869555263338876,0.05519396894856564
1.2022991943954942,0.4524910372900182
1.5011003383624468,1.6664052254611779
0.8702872170685152,3.7653643206327723
1.0,5.999681001804845
