alpha,s
0.4211427670927156,0.0
0.19952810691064796,0.33431877667484905
0.10346110335611168,1.3559591086875027
0.00974588086608,2.77417128720522
0.0,4.408970476552994
1.0,5.991495855523226
