alpha,s
2.3170447703809622,0.0
1.3892440054497008,0.00982470454348054
1.0663892317259949,0.09167124011624193
0.8603111135393744,0.5689863786034158
0.586936924035495,2.6400461752982465
1.0,5.998662927963347
