alpha,s
1.4918118222903032,0.0
1.2997355326448832,0.4623587234269306
1.2931196356005623,1.4515328658261653
1.2527011072706276,2.843873907740056
0.0,4.387130237759902
1.0,5.996936775981705
