alpha,s
1.3359735851672765,0.0
1.0046012799641981,0.37253993062289587
0.8766091106446767,1.4572012444085474
1.4209134969720218,2.955808925439577
0.0,4.433392099921393
1.0,5.994742926532597
