alpha,s
0.49993890637385807,0.0
0.665335225983322,0.08506756429394284
0.7612237338398744,0.26846392292315563
0.9513933948047334,0.7864638672722594
0.5308447730848024,2.582760752256933
1.0,5.925372951756573
