alpha,s
1.279337665060054,0.0
1.2531043089385099,0.08506756429394284
1.0813171887180817,0.26846392292315563
1.116859815703095,0.7864638672722594
0.6851707879835915,2.582760752256933
1.0,5.925372951756573
