alpha,s
1.151017260522917,0.0
1.1257306764464168,0.17778483010906623
1.0774148712677296,0.46858386187298584
1.1494872085448475,1.0459491361123248
1.7620920869387449,2.802482725587081
1.0,5.988543113026174
