alpha,s
1.0446546139589354,0.0
1.0078126802936405,0.18617219811157637
1.1286169345527262,0.48538001275822956
1.003497134199152,1.039824720102817
1.2201531000578305,2.737266947250148
1.0,5.993711410956873
