alpha,s
1.0454575462732303,0.0
1.0565131607488523,0.24175575909494362
0.9103549734776925,0.6895941264489643
1.0235178984791122,1.8712848434150566
0.9129145704711612,3.7235288400129676
1.0,5.993793739449519
