alpha,s
1.4776159343954691,0.0
1.132715040342184,0.05794333445992465
1.0609747072472306,0.38695372670489436
1.2181215431424877,1.4929478041079007
0.5933487810595061,3.6946353226393405
1.0,5.996209490858799
