alpha,s
0.8829842396231266,0.0
0.931623569098299,0.5157789901948726
0.39399790834837034,1.3822837759331366
0.10629744224357189,2.687923114218134
0.0,4.278470089325397
1.0,5.9960839980799
