alpha,s
1.64942364330931,0.0
1.3383430525511477,0.4172047783218144
1.275336541298897,1.4460001036059604
0.8550344651174856,2.8401993813444055
0.0,4.499929156763421
1.0,5.998389197227207
