alpha,s
1.0866269426197046,0.0
0.63761456079395,0.43131196498212654
0.35822595325335327,1.5923241082133672
0.12130201101325636,2.9894135734249336
0.0,4.344713190370254
1.0,5.990978522674053
