alpha,s
1.048293872158677,0.0
0.8537951040389511,0.19583332119784724
0.9527868250730619,0.5480236200388198
0.97623132606012,1.152940403583669
1.5421368036139003,2.9868856247943896
1.0,5.995236627186012
