alpha,s
1.4662718849171026,0.0
1.2286717324329965,0.37459836317069095
1.5341301149645001,1.5197310559812671
0.0,2.9088758303718514
60.17196028545083,4.460433433660032
1.0,5.991874846077733
