alpha,s
1.627778766141713,0.0
1.7616118576846314,0.3586048948547496
2.5168857521383785,1.264945684091867
0.0,2.9264275472465275
0.0,4.579569548469698
1.0,5.9837406354571865
