alpha,s
4.33376352692261,0.0
1.5296311239803275,0.009940219912874861
1.2275931477467992,0.13619511562252437
1.0693654894971578,0.771718312121548
0.9153094680309651,3.342910879809835
1.0,5.994495902914144
