alpha,s
1.7543131354623818,0.0
1.4838831380255864,0.0633012124396665
1.4403474814324808,0.21955586805013308
0.7868162767107171,0.7033448654540203
1.8018564484330442,2.9007582121494484
1.0,5.92681255931078
