alpha,s
1.455019042762087,0.0
1.1770046585009473,0.05265030105704851
1.277216081377361,0.37583158545954887
1.1541414540019295,1.6101437705945962
1.1160797346607847,3.616687916792375
1.0,5.986540276363312
