alpha,s
1.3818639278938118,0.0
1.0565416481217678,0.37239057671523157
1.0777759571205416,1.2784325000557846
2.5243097404985235,2.709976940552965
0.0,4.389569417812962
1.0,5.993659917299185
