alpha,s
1.2726107106441007,0.0
1.4339638235520826,0.40619804787647124
1.6768768901209359,1.5888022968583488
118.35116406866854,2.8855400609504973
0.0,4.444812869998921
1.0,5.996002228403943
