alpha,s
0.9849737658152539,0.0
1.073629845617469,0.2316973100875259
1.1906890780431116,0.6718490569509711
1.7306029264093754,1.7173232213010574
0.0,3.695776586541705
1.0,5.997125754920821
