alpha,s
1.4846812619597103,0.0
1.1604847237056135,0.37761855041864634
1.0137120660046341,1.379162582182853
1.5451590722437876,2.8191063144625943
0.0,4.42492314521389
1.0,5.998637088394414
