alpha,s
1.2524370043472677,0.0
1.1767775890329717,0.41258391606887096
0.6815041693446365,1.5021235658569159
2.2820561901921907,2.743025736538386
0.0,4.331899388307069
1.0,5.996244360732877
