alpha,s
1.2135893041320012,0.0
1.224557826158441,0.06487465471964038
0.9462150843329391,0.22194919256813814
1.157359888814127,0.7706761391457656
1.8077129689726212,2.7439912345995108
1.0,5.966349610937925
