alpha,s
6.379061870789618,0.0
1.8778856089811422,0.002925166600495899
1.2420550212532442,0.037125904056521476
1.2657611122538253,0.15251683084911208
1.0628202858305928,0.42894963123747865
1.0,4.095076447269239
