alpha,s
1.1685542178877344,0.0
1.1262383089337045,0.10317337362818385
1.0908411550989785,0.3031531646105047
0.9498024530281509,0.8044141408895807
0.6307614184971049,2.717645195013558
1.0,5.999425873664728
