alpha,s
0.32821090823238813,0.0
0.4521272732605621,0.10317337362818385
0.5913170931177575,0.3031531646105047
0.5968701137874165,0.8044141408895807
0.2941808459857258,2.717645195013558
1.0,5.999425873664728
