alpha,s
0.3642606917766933,0.0
0.5145990510460359,0.10846826663207201
0.6901409593964086,0.3152039003284243
0.8230788926065792,0.8920195078092372
0.4001722283144401,2.835085961856095
1.0,5.997924950426298
