alpha,s
0.9620051202116247,0.0
1.0976073003661095,0.2631469627431433
1.0308372329908504,0.7443730010122221
0.871990998436436,1.7373214670067723
2.3655237484694145,3.6377586525279644
1.0,5.996143075812969
