alpha,s
1.1297040476407125,0.0
1.0735245629647128,0.1847138577945873
1.095319514828782,0.4951303592495297
1.0428406693140264,1.0855522571359648
0.725955629979655,2.805546739044297
1.0,5.995766437998737
