alpha,s
1.5301461705139612,0.0
1.1620427209593063,0.06434159507698495
1.170489488104185,0.26197748901791734
0.9419814936805704,0.8475302488678591
1.649912872545554,2.856638720096564
1.0,5.978910819026122
