alpha,s
0.9898897146608793,0.0
0.9407402702717436,0.4581842769955018
1.1153156235041026,1.3259982771122643
0.44330429950981803,2.8045058733386
1.205751746744796,4.326977669792846
1.0,5.999449188949749
