alpha,s
3.3746816884751296,0.0
1.9713271834263844,0.008963282057800621
1.4431213725390988,0.0808186901075756
1.2454449463703745,0.6138705201809735
2.6514165320718663,3.0509142116534536
1.0,5.9975946032129945
