alpha,s
1.8114189157347278,0.0
1.4640936567267784,0.3457460022202389
0.6723483080289676,1.3266526841538635
6.352979380784079,2.9730059278106213
0.0,4.657037442874209
1.0,5.998369798415902
