alpha,s
1.106523966882901,0.0
1.0941716618517519,0.11101919257007552
1.105228825139182,0.3138800822617212
1.31989443102433,0.8051903999713679
2.647798725787223,2.3518389362883507
1.0,5.999656942996827
