alpha,s
0.37249999280086155,0.0
0.52234322338218,0.11101919257007552
0.7142167543510817,0.3138800822617212
1.1383892369147028,0.8051903999713679
2.545058122960369,2.3518389362883507
1.0,5.999656942996827
