alpha,s
1.137837549943775,0.0
1.1107386805783177,0.4123096731540556
1.0420705796941336,1.3497587692756297
1.0674320568482116,2.888953546594787
1.5430498586761459,4.485300696505
1.0,5.995983203945771
