alpha,s
1.2994404036596519,0.0
1.1612389968692365,0.4123096731540556
1.0787691593218847,1.3497587692756297
1.2054599917866147,2.888953546594787
1.7224431574844992,4.485300696505
1.0,5.995983203945771
