alpha,s
0.48874117908561865,0.0
0.35662085295746965,0.3424472464275573
0.20254652610102003,1.1388380842351624
0.06627072214876555,2.5700507972784425
0.0,4.2589539468308155
1.0,5.999010687476584
