alpha,s
1.4993076259816656,0.0
1.4625029934855913,0.06303116365245813
1.1797216076163795,0.2100955321770594
1.1567756636980777,0.7746194156164823
0.6751979217507259,2.603663000672127
1.0,5.982434223572904
