alpha,s
1.3099561203922625,0.0
1.42452965864842,0.12275449110256223
1.151688325609527,0.32127392495310053
0.9207758703247513,0.9430291406140302
0.7802984277769979,2.8730768982428807
1.0,5.955228913634027
