alpha,s
0.563633135730325,0.0
0.7907945827989957,0.12275449110256223
0.8287501880210967,0.32127392495310053
0.7673117057479194,0.9430291406140302
0.5492536962409365,2.8730768982428807
1.0,5.955228913634027
