alpha,s
1.1763235693036058,0.0
0.8364289590418982,0.4138052256141382
1.2353381712210336,1.480139865283295
1.209963685129248,2.664965615652453
0.0,4.242968879680808
1.0,5.986537861996426
