alpha,s
1.4341542844494413,0.0
0.9253654692927863,0.4138052256141382
1.3719193044211249,1.480139865283295
1.560725990087166,2.664965615652453
0.0,4.242968879680808
1.0,5.986537861996426
