alpha,s
0.9373136044343375,0.0
0.91967545206236,0.29472379727997505
0.9644108942276918,0.7264202853419495
0.9939242751746545,1.436262773209457
0.7702188267389241,2.9542607599472213
1.0,5.989827982307775
