alpha,s
0.815035106114409,0.0
0.5037820515862019,0.44076128090296635
0.2891653881126196,1.483697935885044
0.03165404519382003,2.8257346002646955
0.0,4.436356710700771
1.0,5.997634022406475
