alpha,s
0.8540701240052664,0.0
0.4704809028806112,0.04300201863894482
0.3885384114146277,0.380200520162915
0.2390656249128153,1.5125686556473192
0.0,3.6345204828619897
1.0,5.9928937956421295
