alpha,s
0.9009770276503656,0.0
0.6908734409318774,0.42876324375944985
0.40110906178933337,1.460151287731045
0.2506973217605818,2.901858726292058
0.0,4.4249537717522855
1.0,5.989827885058797
