alpha,s
3.1164368694741764,0.0
1.5509167840790592,0.0071375626042233225
1.138902877817648,0.09623220002368327
1.0426368162370632,0.6957487188449788
1.1900565267836947,2.8016495955856215
1.0,5.995130448232216
