alpha,s
1.2776795218594563,0.0
0.9801907498735906,0.37865266694212135
0.6512151345185795,1.3497483714332617
1.2132798991973464,2.6008719292057205
0.0,4.265943209091291
1.0,5.990730824774818
