alpha,s
1.659202437665556,0.0
1.1821731789087906,0.37865266694212135
0.7966966971226771,1.3497483714332617
1.5636561438571546,2.6008719292057205
0.0,4.265943209091291
1.0,5.990730824774818
