alpha,s
0.9438017469141978,0.0
0.963238044971969,0.17100696138462876
0.9807197959639484,0.439743372535717
1.0903251983152482,0.9754385309082682
1.2011695388436299,2.505024694868817
1.0,5.927285237839804
