alpha,s
0.9679592207487534,0.0
1.1727741315548708,0.16794193852292585
1.1304389510195176,0.39953528238166813
0.9554521706591935,0.8738946584804318
1.3101508042107848,2.213793042395629
1.0,5.960277806556934
