alpha,s
1.0938534416054961,0.0
1.083988525342738,0.1832554038476889
1.0402790601951997,0.4735410282758587
1.084379900458189,1.087046361579827
0.586288494130266,2.745140624780251
1.0,5.998446858818472
