alpha,s
1.0399245012355272,0.0
0.9833537177027991,0.4871361974233909
1.3288121833051159,1.3941112612288218
2.15787414917664,2.837422245804121
0.0,4.367933260455625
1.0,5.991694598856823
