alpha,s
1.0607141451834525,0.0
0.988881304521093,0.16254986245594333
0.949073410066006,0.4416893624307486
0.8599024998480219,1.0403673337283639
0.6357355242100137,2.939827471605451
1.0,5.996148201565735
