alpha,s
1.2160858999747688,0.0
1.2354353138123702,0.14122560674559495
1.1350051887394867,0.35848072100456385
1.0042435779161223,0.7820114770619777
1.2935413221485914,2.340774703124366
1.0,5.976540032250845
