alpha,s
7.511546421704824,0.0
2.2704735157317266,0.006824644206311501
1.1116595425071658,0.07027411790505332
0.8173520201138288,0.44033510758843114
0.42268672940961405,2.097966677973422
1.0,5.945726700575071
