alpha,s
0.8026616098489505,0.0
0.9855146120394521,0.2591639753003516
1.1395652095044666,0.6688999227527571
1.8555381246715144,1.68865037916044
0.0,3.609976229012929
1.0,5.99207122979486
