alpha,s
1.1397265460136206,0.0
1.0311767415060733,0.06782831396126139
0.8767584237525909,0.4559598298125017
1.0469512092812419,1.5636444787310877
17.002066911988194,3.582588660943001
1.0,5.999938371870886
