alpha,s
0.34191197585881256,0.0
0.685369266396084,0.12492930581743786
0.8658749798524746,0.3142192227720067
1.1569132272531275,0.8874982435340871
0.0,2.7292682898394323
1.0,5.945474875196231
