alpha,s
1.0189687208200464,0.0
0.9417885046996526,0.2831053263839451
1.0348618472412618,0.7492828632510158
1.143256321308003,1.4392708180838787
1.6041952935899995,2.8282961181563553
1.0,5.984283040229606
