alpha,s
1.1461646649714752,0.0
1.019473708666162,0.44795628869265347
1.028927028284171,1.4662036210684501
0.3684076458634243,2.91248897323238
78.26683483244612,4.461244733222133
1.0,5.993884472006348
