alpha,s
1.3615249896078403,0.0
1.2605637525143925,0.08993282485726863
1.3012694465251573,0.27916900340884193
1.0518963722238701,0.7328579198669786
1.4470677389836315,2.706494799144055
1.0,5.9227043320173625
