alpha,s
0.5065614566765587,0.0
0.66190505783131,0.08993282485726863
0.9006989695323617,0.27916900340884193
0.9336872837297877,0.7328579198669786
1.422056742491711,2.706494799144055
1.0,5.9227043320173625
