alpha,s
1.2216086984189694,0.0
1.0619557202316194,0.2806537878625695
1.103861456902974,1.154552730386754
4.624689981207752,2.603922366087302
0.0,4.117268563896995
1.0,5.998500284711927
