alpha,s
1.0413865475363195,0.0
1.0785470981121432,0.16266872770635063
1.12633256495526,0.41501516142521655
0.9778076926819663,0.936715259457241
1.529411736773427,2.779463929710194
1.0,5.999605942966852
