alpha,s
0.9858097895109836,0.0
1.0120453212438367,0.2392239227116512
1.082380492660799,0.666506261228704
1.2090680532858769,1.6172891716649194
2.0376706835193663,3.5124766829842606
1.0,5.988740939412122
