alpha,s
0.9699204176441754,0.0
0.9559100577933302,0.29126758767283817
1.0133411110147246,0.7083043514738356
1.0070383317448588,1.3921484239920268
1.377867736210016,2.9252072618998675
1.0,5.996276899061646
