alpha,s
1.1504381482753123,0.0
1.2755950566667162,0.2243871851578677
1.2157198998361578,0.571252276222364
0.7242493190883432,1.5662364494961212
20.368683283755775,3.632737860026549
1.0,5.991704888488695
