alpha,s
1.1975843901951566,0.0
0.9297109482108629,0.45594160899795366
0.8884006575309642,1.4132039911470233
1.6373278154957742,2.887533693723665
0.0,4.357015028296379
1.0,5.998839747740834
