alpha,s
1.0908970129866467,0.0
0.9041273317486234,0.45594160899795366
0.8763463647608833,1.4132039911470233
1.646829074588085,2.887533693723665
0.0,4.357015028296379
1.0,5.998839747740834
