alpha,s
1.1438949461836407,0.0
1.0355632512639883,0.22007872931271907
1.0770118510397362,0.6681174643982791
1.3483191272816326,1.6118565928467343
2.49151724822043,3.564787598796323
1.0,5.9977193555966215
