alpha,s
1.018283138450404,0.0
0.8465889510508465,0.43021150336494757
0.6754670724740609,1.3968823517386182
0.3034891464642472,2.904910565170693
5.062982252180631,4.517292768460232
1.0,5.997300972640516
