alpha,s
1.2446161616722011,0.0
1.1865101236199183,0.06297520568189544
1.0625766781701866,0.2097586981412914
1.0845719472385242,0.7273000290878601
1.4631760801977747,2.6988232432720403
1.0,5.996136550692762
