alpha,s
2.668644368621052,0.0
1.538124725553618,0.009352059854710182
1.2115953369648882,0.09769283241421695
0.7852798463289739,0.6482640440268809
0.8113666176285859,2.8322053082491534
1.0,5.997446448848541
