alpha,s
1.0997937900881265,0.0
1.0065497247830826,0.12524114168285613
0.9352580661014475,0.4981692975614446
0.9860683478132967,1.5913727083651215
0.9328765101260666,3.5149989242203796
1.0,5.999527679550739
