alpha,s
1.059144934906117,0.0
1.020651350668852,0.1552023005372074
0.9507776220415178,0.41955756982914433
1.348196039542931,0.9371623047908845
0.5089557421469049,2.4821847902503573
1.0,5.983134461361728
