alpha,s
1.029262407075728,0.0
0.9677258178923506,0.18257931162663033
1.2681230521008164,0.5019581866495763
1.066877085681815,0.9666586163482744
1.0510742204876475,2.7236414657459966
1.0,5.985037581525342
