alpha,s
0.7680146959650185,0.0
0.8362757262461903,0.4137526227454152
0.5552596886521542,1.3326619807866835
0.3324123558461668,2.760532804971286
0.0,4.2099910187384975
1.0,5.975479368127914
