alpha,s
1.0383751614502725,0.0
0.9765580042818163,0.4137526227454152
0.6852437275555974,1.3326619807866835
0.4733924417356695,2.760532804971286
0.0,4.2099910187384975
1.0,5.975479368127914
