alpha,s
1.2154849429462398,0.0
0.9937397938790028,0.18325865002185587
1.1492446032653698,0.5207081795103804
1.2133644511726644,1.1329495960203158
4.134893335044522,2.9306188563554287
1.0,5.930911149720442
