alpha,s
0.6817570024390964,0.0
0.3995380031686504,0.40186677453747977
0.1686520665400346,1.3986105460814955
0.06236141257834264,2.8867252247084307
0.0,4.473654993019115
1.0,5.998849754046781
