alpha,s
1.047284344994142,0.0
0.9361780310361313,0.2821940193309675
1.051534233435476,0.7443373745096854
1.3620418110543073,1.4385966926124822
1.1815416225218194,3.4843912970622606
1.0,5.999263176558389
