alpha,s
1.011308418092198,0.0
0.877690298202757,0.46594333995749243
0.6866740097277846,1.403097784427354
0.3695384159257381,2.8488104772394536
0.0,4.443703163166413
1.0,5.99621427886024
