alpha,s
0.9530755279365654,0.0
0.901749917116076,0.451398076901952
0.7771757908656598,1.3897326409255193
0.4694688504857751,2.7526896650055312
0.48056762476774356,4.331153915164625
1.0,5.997926658068095
