alpha,s
1.0709620342406594,0.0
1.0951512512477823,0.27794462571500456
0.9204000812750545,0.6627821917649069
1.2241652113326376,1.3676910467788277
1.719968169228422,2.742993808112559
1.0,5.980988502450131
