alpha,s
1.0955157737914287,0.0
1.0716588078995657,0.4212733565420337
1.3072396540442826,1.3696105022475382
1.1221594973907183,2.7974093606032437
2.989583800616182,4.40022387592844
1.0,5.996688931525499
