alpha,s
1.5030437585747487,0.0
1.412315081098258,0.4204297871488941
1.3640268730554854,1.2977157937865138
22.631054540829897,2.874205399409769
0.0,4.537932136338193
1.0,5.99558792500148
