alpha,s
1.0182451886290138,0.0
0.9787232464506712,0.28058380161364505
0.951787076539602,0.6978836547818905
0.9116155016375742,1.3562304289219251
0.6274906448460605,3.006687164825819
1.0,5.999297496672622
