alpha,s
1.232908008236226,0.0
1.076617666708683,0.41921499651209576
0.5922574943683235,1.357905048336814
1.982622620962986,2.7220883477237616
0.0,4.233892024058504
1.0,5.987528689653504
