alpha,s
1.0989465413364758,0.0
1.2310045533632583,0.20692482544943147
1.3842612902873517,0.5848506584957368
0.9603737842811194,1.419124813420892
2.756022443059001,3.6711992020974944
1.0,5.991387358470528
