alpha,s
1.0640191037460618,0.0
0.9922881082343173,0.22552509049866498
1.0250093079584857,0.6646429335150147
0.8245781569482976,1.5871143578201388
0.15142797519359763,3.5714388075228216
1.0,5.994747028198949
