alpha,s
1.2027811892469245,0.0
1.0781875428483645,0.4903381691024174
0.9699442145781894,1.511402928083176
1.9173685018714854,2.9835368177018418
0.0,4.199234313022479
1.0,5.992355741002717
