alpha,s
1.1640961653006505,0.0
1.142267255353463,0.1761367790148478
1.039607188126773,0.46805978284988686
0.985979405782725,1.0855964061140226
0.4275546584172922,2.6733861079763734
1.0,5.959553897539462
