alpha,s
1.0152924002664379,0.0
1.088328586649582,0.2582813926734041
1.1593599585499013,0.7053721750825938
1.1618355016973894,1.6614524165246718
2.484906884583524,3.4344074285458626
1.0,5.993405083750998
