alpha,s
1.053297425070629,0.0
0.8360276872582708,0.5138553008401897
0.8986540232433148,1.5354546293520392
2.521639815739453,2.9397003448668095
0.0,4.394220223718338
1.0,5.997826066599167
