alpha,s
0.8952718034940298,0.0
1.0908583210172795,0.18733762752834968
1.2411032138635487,0.48489497405702114
0.8939817203422115,1.0906385478737175
3.5378141859790877,3.0154292933536224
1.0,5.995085140215397
