alpha,s
1.1668033218966931,0.0
1.004830091419956,0.5729220595056317
1.0359167246052228,1.6840510401242623
1.1081202004516244,3.1933708598303645
0.0,4.563476816069972
1.0,5.994339158514647
