alpha,s
4.65406406008875,0.0
1.9078487405852531,0.007077174959249581
1.2246277271505706,0.09219673141705854
1.0763262799018063,0.5838228219346557
1.7002324765061094,3.050536803232628
1.0,5.988930527218601
