alpha,s
0.9892481186149207,0.0
1.0244578387224315,0.16881869188263793
0.9343920753514847,0.4372650605426321
1.0143422087887393,1.0141842268030479
1.6470655096946873,2.666450232656282
1.0,5.989916653457655
