alpha,s
1.658916001220901,0.0
1.117254225441519,0.04466157159803331
1.0909498646777012,0.3711387475789481
0.9056052561564967,1.498809663331862
0.0,3.52969961065391
1.0,5.997259499725565
