alpha,s
1.007710735108358,0.0
1.0112816979234136,0.2889576176199204
1.0246043221214698,0.6965827764083791
0.9590869929542584,1.3570028248574812
0.8573683770056815,2.9368244143510176
1.0,5.994306601790515
