alpha,s
1.138950054056666,0.0
0.9881891570752159,0.2581011382315638
0.9287923789621418,0.6607857299005383
1.027723521071415,1.3471406482175616
0.7297386003279128,2.810823386815938
1.0,5.9987693939431255
