alpha,s
3.6168487004995318,0.0
1.7870230953320434,0.0061758788935985
1.1243376951376711,0.07700804656669162
1.0394410915211045,0.5603750278399254
1.0148614030025362,2.9194846180331253
1.0,5.998012229567731
