alpha,s
0.9600146689962388,0.0
0.982731657330971,0.2847730636940733
1.011370069337651,0.681584302755338
0.930540216190366,1.3101484356782438
0.9137117658133905,2.829548097141557
1.0,5.989769157564864
