alpha,s
1.0547075304491906,0.0
1.1300938850132154,0.1110040239522612
1.2355844531699849,0.31828904040193723
0.9417195150200804,0.8657007228059035
1.5490376772063137,2.6825900987390034
1.0,5.995147478910157
