alpha,s
1.1639824814190611,0.0
1.1110378915340227,0.10431977914756323
1.205836902215619,0.31464732122965117
0.9924798062117899,0.8670822371653263
1.4109504263898163,2.9118115039993575
1.0,5.997679362089379
