alpha,s
1.0454296582760163,0.0
1.0207888880695877,0.18255226624963367
0.9864485310859541,0.4852024706040338
1.0442855553876578,1.117843690624021
1.2391951482452868,2.770454822503531
1.0,5.992621399160553
