alpha,s
1.5154334872409982,0.0
1.0270201286540568,0.05243550297052879
1.1040301468959373,0.3981636843032467
1.182350602821517,1.5031547624736332
0.9890783223040859,3.6472520037760146
1.0,5.995256986073459
