alpha,s
1.2999508603596894,0.0
1.1773120177363279,0.3186047663670506
0.7955012814035698,1.1957995007371132
0.6724939182717612,2.8343955157334935
1.650993569173253,4.635328218555473
1.0,5.9808014077881015
