alpha,s
1.4363410646181092,0.0
1.1384798969538636,0.05946222459357634
1.2524087155155184,0.22492518653959745
1.1816070745757836,0.7919930515358903
3.3753128077162424,3.0610504152451816
1.0,5.9914883459354416
