alpha,s
1.079956380845599,0.0
1.0843316922452186,0.2546190531855197
1.0094973481989722,0.6691410220517215
0.8340977764035691,1.4002247252076172
0.7503282173118428,3.011595741472077
1.0,5.958508902081358
