alpha,s
1.3042278289998923,0.0
1.24338869691999,0.06678215087759044
1.0785039556836882,0.23189750932123568
0.9648288094687572,0.7836313840609064
1.0757124819826995,2.859728713394644
1.0,5.994567733819587
