alpha,s
1.1133365141331502,0.0
0.9090499505305182,0.39721234812893674
0.7997666855725318,1.4586598870476526
1.7585481108612582,2.973989434626246
0.0,4.485418524172007
1.0,5.999956240479
