alpha,s
1.0685786766948306,0.0
1.0080771203065013,0.2435537799601241
1.0918950548805673,0.7043921709458004
1.0709629095644357,1.6512821502219854
0.6726251546489107,3.62291123444176
1.0,5.996750827614743
