alpha,s
1.132333324931221,0.0
1.0216253457435633,0.1474964380916397
0.9987461076854919,0.4198543289682114
0.8758074149703157,0.9746879102114686
1.119307472468638,2.647557678596853
1.0,5.99807442724652
