alpha,s
1.5985524842033447,0.0
0.9468144777743956,0.009769439768058663
0.6530326851049247,0.10914192798707473
0.3222171000419985,0.7212294391743741
0.0,2.8312284936846326
1.0,5.984119444019761
