alpha,s
5.28155752897467,0.0
2.7450901489403834,0.010314628542669162
1.5427367828933478,0.09914245357622715
1.3484942940958473,0.7329597235044161
0.0,2.9127633508436053
1.0,5.993901167734987
