alpha,s
3.2975946414424677,0.0
1.6027144765644652,0.008544914115798542
1.5315935426340566,0.0931654696608362
1.4263758473392396,0.4902215247454232
0.6922321061378958,2.729692306995326
1.0,5.9814187063685385
