alpha,s
0.7853621135284748,0.0
0.9508180452726392,0.11280914663821073
0.7762810229310603,0.3147317472398199
1.4086840288443752,0.9593315202699292
3.335643641549526,2.8797058773813196
1.0,5.971361626700991
