alpha,s
1.3640282264878216,0.0
1.3954938593823476,0.11280914663821073
0.9763018077716152,0.3147317472398199
1.528730178027139,0.9593315202699292
3.376545165543931,2.8797058773813196
1.0,5.971361626700991
