alpha,s
1.4240528200645755,0.0
1.0005740363810132,0.40407845794416397
0.870993486222715,1.356300004568386
0.6114796867027991,2.805159103697266
0.575879371034463,4.428604342569907
1.0,5.997686049479711
