alpha,s
1.1189543738706802,0.0
1.0375717146384311,0.15056259057463167
1.0048106747166843,0.4109259309504138
1.1160210707447584,1.0009178702743629
1.32941735181097,2.6909617434654036
1.0,5.994642943489531
