alpha,s
1.1202821192463537,0.0
1.2314605842496793,0.22839888094898123
1.1380047024134103,0.6375328905756439
1.1848437875039581,1.5734184975751984
2.085665856396295,3.5361779463030256
1.0,5.986144748138817
