alpha,s
1.0590050167334404,0.0
1.0392032770055084,0.48450151510708145
0.7109625040386457,1.4499707275769675
0.7271411472558209,2.692612424854028
10.903850984824455,4.265275030167038
1.0,5.991028902326145
