alpha,s
1.230219692055592,0.0
1.1597658724997846,0.23358710438648986
0.9815588969009665,0.7202342266421127
0.9839602991794548,1.748009503021714
1.0762511031457793,4.0174244320113255
1.0,5.912540758853728
