alpha,s
1.158933772300416,0.0
1.037550047806732,0.2159629858348522
1.148574425127447,0.6499228127057356
0.9328828168470479,1.5754832718879983
1.1197083347304186,3.525547400291317
1.0,5.994230360638616
