alpha,s
0.9611198392553892,0.0
1.1486391516983538,0.6111239193717655
0.8036584787852702,1.6674046014018222
0.0,2.968466315681813
0.0,4.361360611772536
1.0,5.993625727420083
