alpha,s
1.3557285192941055,0.0
1.2936587704966935,0.06751354472712906
1.0819030558940186,0.2229272985165554
0.9972133332279417,0.750534718341211
0.6465198879512575,2.6054123569546372
1.0,5.9995293235393214
