alpha,s
1.2007273191145293,0.0
0.8455511617390327,0.5208800788242821
1.032016964864829,1.6281141546198676
0.508549103042088,3.1174713243882928
0.0,4.578064015307522
1.0,5.997519862828996
