alpha,s
1.0829998092869515,0.0
0.9068338564380465,0.3960734528937264
0.545745435269729,1.5203326785735576
0.2493163129193192,2.9825127615739526
0.0,4.502029291551958
1.0,5.993836428753739
