alpha,s
1.2944156556097899,0.0
1.1429920266272082,0.30088769500738366
1.0241550394560144,1.2285519341169278
1.329742589888313,2.5843501221453438
0.0,4.224694534087265
1.0,5.997047868017404
