alpha,s
1.1479752516906552,0.0
1.2102145079143423,0.15357781837446055
1.0353799448758654,0.40201371937980035
1.27033732764381,0.9350861700343068
1.789411863996896,2.619459060316393
1.0,5.975541776993017
