alpha,s
0.269318428168182,0.0
0.46812646296743476,0.12078408234595729
0.7942250949561929,0.32983826534435484
0.9767448049778314,0.8939334833816973
2.8414688526558094,2.976206372080155
1.0,5.990862591681935
