alpha,s
1.2135253097860168,0.0
1.2087079051763028,0.3483310691828868
1.2113491027066605,1.3288496506438692
3.1185892451223087,2.685466919666213
0.0,4.4640462802865954
1.0,5.996429978376772
