alpha,s
1.019163718357617,0.0
1.0258832830523945,0.1781465298036095
1.0334594128745902,0.4587957376966524
1.2592430889978414,0.983433415049461
1.2788127536445095,2.4490644910210593
1.0,5.951342126559796
