alpha,s
1.7232989003279964,0.0
1.3762313953125012,0.06833681490576961
1.4001535749926586,0.24839885860856867
1.1300454063932546,0.7848989854526751
0.4195573144175388,2.8135603787857204
1.0,5.996574375488304
