alpha,s
1.158606906776046,0.0
1.3572513439469311,0.4257839043503289
1.3981779604701168,1.3572543918115736
6.114562071086919,2.8934741133510675
0.0,4.380817972062683
1.0,5.993739877627738
