alpha,s
1.3844975338250538,0.0
1.4473563274369592,0.4257839043503289
1.4471345259660606,1.3572543918115736
6.193060724641038,2.8934741133510675
0.0,4.380817972062683
1.0,5.993739877627738
