alpha,s
3.078324334773155,0.0
1.9137874604103842,0.0092764435730153
1.3333920371663526,0.09111654036873638
1.3253016118871328,0.6704521020120954
2.4273766004436528,3.1603307794590054
1.0,5.979837030321025
