alpha,s
5.160791098404701,0.0
1.7651616759929418,0.060544365878913424
1.2894257102881355,0.42911858946176723
1.4866304433350332,1.6494550493857207
1.9774727069035694,3.670269224927131
1.0,5.987886893579674
