alpha,s
1.1404876493001428,0.0
1.088553281454427,0.10171344115995125
1.015339390473308,0.31027749799129056
1.1219337383812016,0.8569258787763387
2.5745472989709284,2.6688022320410654
1.0,5.99975169331215
