alpha,s
1.8192019318525101,0.0
0.9204227520629544,0.044899873591583116
1.1287118303063866,0.4791844905234692
1.472001057686851,1.6289367872470235
0.9330305362386901,3.6954439796347116
1.0,5.990841556243467
