alpha,s
0.9647164925290238,0.0
0.9822354486628562,0.4470658016011192
0.8426269941972802,1.2785054222046788
0.8390967781801645,2.6645247120846673
0.0,4.2693393131143775
1.0,5.987698749653511
