alpha,s
2.701106016857944,0.0
1.520737597669267,0.006487843963655961
1.2851831231951238,0.04502732402476635
1.1220986273908486,0.15040419411730863
1.0305684096386738,0.45520860658185097
1.0,3.8869569097756473
