alpha,s
0.8637521678333654,0.0
0.5324380063448243,0.3970198357511519
0.14145083130972705,1.528648335237095
0.03297045419345522,2.92857973499098
0.0,4.424634340775376
1.0,5.997842658103763
