alpha,s
1.0543636599746005,0.0
1.1202114833119772,0.17066256090603926
1.072809408279917,0.4372421827238656
1.0722382941549455,0.9910191114240715
0.8492048592982938,2.5605120044609726
1.0,5.965716564214702
