alpha,s
1.1609756157514612,0.0
0.8372111447084337,0.14367095200085223
0.8626037571964489,0.45950767225279016
0.9093121430387238,1.0273607305969312
0.5678728205569008,2.8878463220347133
1.0,5.999640251443656
