alpha,s
1.2138811970569658,0.0
1.0492672117970667,0.3586000738380282
1.1622174781742587,1.3484129887673748
1.7789123862382343,2.728516530242735
0.0,4.259112452149858
1.0,5.995919475783659
