alpha,s
1.084369085436002,0.0
0.9905345438700773,0.24224696930936593
1.0574681960818673,0.6912692348444492
0.9639514752749107,1.6532330969087814
2.0315486731393153,3.670906978745277
1.0,5.99968725892708
