alpha,s
1.0648338133539867,0.0
1.0699624010890154,0.48600009541484074
1.0745117424904618,1.4087444540596568
1.4364376660599825,2.939762278066742
0.0,4.350536623588383
1.0,5.999108739986452
