alpha,s
0.9686982173841755,0.0
1.2008511676360072,0.18803478507314209
1.0492577548846271,0.44021874671847305
0.7954439986940264,0.9766577258401788
2.5132544639864185,2.5158990074304737
1.0,5.996111276613514
