alpha,s
1.0270951905704222,0.0
1.0436368520658936,0.2271837591424534
1.0915322942456671,0.6652967489825224
1.239236172379067,1.6596302866165196
5.33889152548705,3.555703092456363
1.0,5.985254313454792
