alpha,s
0.9166774091074344,0.0
1.0015398887865186,0.20217627068433663
1.078962919990203,0.5002224141526609
0.8757576345705687,1.0375179931203014
1.663361805744492,2.7218563031285115
1.0,5.99306788104234
