alpha,s
1.3572329807606902,0.0
1.2713443817534997,0.07101058676757811
1.1691740046284034,0.24108607798677525
1.1051753673428613,0.7962380176585404
2.3760651491653326,2.706968123880582
1.0,5.996522770706944
