alpha,s
1.297808080700206,0.0
1.1315498727525597,0.35032038643021574
0.9984331851145944,1.199285470516514
0.3403112745062187,2.7308934445363326
5.746491621856025,4.353808974510651
1.0,5.994875060120692
