alpha,s
0.7527227405078531,0.0
0.38260587899582094,0.40491940330399145
0.2173319798199081,1.4233674330023165
0.1168514839140287,2.7899841045899794
0.0,4.3496653938774115
1.0,5.996514000134168
