alpha,s
1.5681165186976807,0.0
1.3773639408371445,0.009315645616093162
1.0609516823787761,0.0808087774379139
1.37876638162754,0.5291999365745509
0.0,2.59213847795783
1.0,5.9695675868923
