alpha,s
1.5342957197486704,0.0
1.1492274218271412,0.050363588878434534
0.925983042439472,0.36655964215146597
1.0523191641686587,1.454274360953133
12.710704396576146,3.567430793108731
1.0,5.996266533234476
