alpha,s
1.2764850785951918,0.0
1.0552790251275228,0.48155545551679346
0.9831661272514413,1.4677164430621241
1.1217561445341517,2.9451793860671915
0.0,4.463123343759827
1.0,5.999419225544929
