alpha,s
0.3607443596918835,0.0
0.16877381157040486,0.3960188286606352
0.10821912626441488,1.40575002954958
0.0,2.7980324130338654
0.0,4.436972465711984
1.0,5.968049094089221
