alpha,s
1.4159357916618083,0.0
0.8931597054409898,0.05986638438005381
1.0286487211256312,0.41383572099638016
0.7787123969874384,1.5057167379879093
6.766271213365461,3.6870458323921347
1.0,5.974116514454408
