alpha,s
1.2581021071635166,0.0
1.1231540963038769,0.3833432560147926
1.4136864809116898,1.2669908984385823
3.2891011038511038,2.6859857126012603
0.0,4.312392189086948
1.0,5.9957258044056605
