alpha,s
0.9993113917528909,0.0
0.9330312373457685,0.16435542396832412
0.9468452470017477,0.48119662892227844
1.2609691697668992,1.0478088869745867
0.8158228146670257,2.56499856684483
1.0,5.976312025611732
