alpha,s
0.9610494612932825,0.0
0.9530371829366759,0.3974592939482763
0.5579091021389835,1.309341596718652
0.433349598510044,2.716465754574475
0.3346135088780282,4.27389826118544
1.0,5.99943391921831
