alpha,s
1.2464447097440632,0.0
1.0920424914116877,0.14986269493161622
0.8235447559298252,0.4484147560315354
0.9919317651907728,1.1017806677768025
0.8809551623590118,2.89306435064348
1.0,5.949452922067989
