alpha,s
0.9512055914678994,0.0
0.9688060626490934,0.2816283448762144
0.9332493922592912,0.6765234364845635
0.8572996670766297,1.321026769803205
0.42834462529635203,2.8274475305277633
1.0,5.966284062190846
