alpha,s
1.1167727737513113,0.0
1.176935646693943,0.16128447976956273
1.1811948282787235,0.4315974667435486
1.3440020648720667,1.003791846316133
2.172704368823457,2.8328097536336836
1.0,5.994893422802056
