alpha,s
3.83718561702889,0.0
1.865780337746226,0.007070937362632402
1.240069478708298,0.08088971568003116
1.0522879162990135,0.568283750451984
1.1667885805356883,2.6875647151164985
1.0,5.999150055286963
