alpha,s
1.0101273785815488,0.0
1.0239855523026076,0.1898714758103902
0.9785653028097453,0.4814451653676253
0.9403350050152183,1.100588996849887
1.1921961924398221,2.84308009768172
1.0,5.994153609084632
