alpha,s
1.2558161973980826,0.0
1.2620917474583213,0.5249462743085549
1.6532533453946856,1.4360738788283038
1.7704660037090725,2.936853261446772
0.0,4.385389043326226
1.0,5.989593386421507
