alpha,s
0.39987535261144,0.0
0.43439584579508855,0.12187406430349741
0.6650425669268022,0.38225513873031686
0.8680161268965151,0.9638734994728417
0.501891175619986,2.85326328358237
1.0,5.9810539690070925
