alpha,s
0.37083514517929467,0.0
0.46907009165771213,0.1066889380245255
0.7285833980212271,0.35109552843328057
1.1081824137959588,0.9409617724924814
1.7988396787278436,2.7840636007745423
1.0,5.988933621643342
