alpha,s
1.0485538154052925,0.0
0.7450826526355122,0.4647668300593453
0.23664619929260713,1.5160408547509188
0.1265416411661449,2.907723876460974
0.21788727881569617,4.422300250252801
1.0,5.9876357424872975
