alpha,s
2.531935737394906,0.0
1.4825887677963665,0.009039881655328963
1.1524557171805527,0.09431125455995365
1.0460965065958727,0.585140992960559
1.8073232665928252,2.5427098185563324
1.0,5.999080627422899
