alpha,s
1.8143040381188895,0.0
1.6029339467246388,0.060662213051049844
1.26105546908045,0.2175219718255942
1.1650775568145126,0.8316437950874676
1.4276624935149267,2.985031035236889
1.0,5.994492523252916
