alpha,s
1.5453762077189501,0.0
1.2529246849481492,0.42495559446643344
1.215959900784482,1.4031489467538616
1.0280917510838081,2.794747835883046
2.215142263008305,4.455403066269084
1.0,5.996560194742235
