alpha,s
1.231796027749344,0.0
0.9811750612123655,0.09928557542806715
1.0945892283476986,0.33460613296231023
1.2136120831941442,0.9022464136983651
2.2741205963709685,2.657298998298007
1.0,5.99382777162269
