alpha,s
0.38611126336569834,0.0
0.23614594165367656,0.42657840961061744
0.10042111273318442,1.484234433493108
0.02929317259199536,2.898829987901535
0.012902804575689542,4.37902053431312
1.0,5.994095350835213
