alpha,s
1.1240588272489003,0.0
1.0849727113355327,0.17499570352061763
0.9683382120493204,0.4605597753522438
1.175576434602304,1.1075358409661396
2.8162291474648944,2.7449380211810612
1.0,5.998279937236276
