alpha,s
0.5200415837009478,0.0
0.3713857091549884,0.05335638519857098
0.2921596784940511,0.41284640354914515
0.10220065703167318,1.5528367719728924
0.0,3.54958583102895
1.0,5.997071125562811
