alpha,s
1.3353571613687167,0.0
1.0771355622433292,0.4282590043149462
0.989367642459794,1.4215827863331083
1.072890736619307,3.002333013377791
151.57609320831565,4.442360482880454
1.0,5.999702711451412
