alpha,s
0.41755458118276106,0.0
0.5445323934558449,0.1089614124707481
0.643566336828354,0.32983320959194
0.8892109068421907,0.9538829067575204
0.9528898590602619,2.8715154916230525
1.0,5.995640663741771
