alpha,s
1.159308949907673,0.0
1.1040027331567817,0.1536796588978061
1.0502963958331704,0.41310469731299454
1.1817729388103884,0.9867736335390942
2.4489905316976457,2.773665777628849
1.0,5.997544192763418
