alpha,s
1.690086430260309,0.0
1.1423088675808217,0.40924167330117367
1.6073685379731135,1.562122819107485
3.9528275080824606,2.941193674018128
0.0,4.509420993137211
1.0,5.990103624187105
