alpha,s
1.30548259797609,0.0
1.2085229229012795,0.06444492745760559
0.9748211907033765,0.22996486362763185
1.2420173243055694,0.846078101637062
0.9068844967789313,2.719654492375352
1.0,5.979831786852747
