alpha,s
0.3604022195402159,0.0
0.5200780922743505,0.10188668012823833
0.6212084442424679,0.28501065370211937
0.626182474037523,0.8329763011984578
0.11320770354761567,2.9419754964153695
1.0,5.96180493983738
