alpha,s
1.1344272242315594,0.0
1.0860134680637579,0.1817838594547469
1.0192715192379227,0.4775188669289935
1.1008320589653116,1.1267247230267947
1.509339358197517,2.869270566421227
1.0,5.997838143051605
