alpha,s
1.2731615237163403,0.0
1.1893811114760724,0.06411858182545352
1.2142534194939851,0.21695980978219348
1.0808647921236696,0.6938972619226684
1.699366401287697,2.7049191438773104
1.0,5.9978317336724265
