alpha,s
0.9965528835169781,0.0
0.6961701062589143,0.396107404357528
0.321118104133019,1.4193576988290082
0.2155510163455499,2.8661017197215837
0.06621325797798207,4.386648771009457
1.0,5.998333964271341
