alpha,s
3.1901480341614503,0.0
1.7433259947341795,0.009678129070909341
1.2909839391295306,0.09310288986108589
1.1489637079071489,0.5496065238678809
2.2499670024132334,2.557638047490717
1.0,5.965205098245122
