alpha,s
1.0839825400358267,0.0
0.9824071592992728,0.43969428191402915
0.9360068946038598,1.4594247033007084
0.8467077887653331,2.843302951765724
0.0,4.425197478303114
1.0,5.99911247114208
