alpha,s
1.0241050023406533,0.0
1.0565979511908954,0.2486734449724923
1.1101324230799772,0.6971933968532013
0.9669630708150089,1.636565297880147
1.6181726537284833,3.7237389467541764
1.0,5.998535338846568
