alpha,s
1.5177526900110199,0.0
1.3640354179334395,0.38429872615887317
0.9881032944901609,1.2712239984293747
3.5032821778600134,2.7224170486049375
0.0,4.428025001578178
1.0,5.995894269630169
