alpha,s
0.9691240233791107,0.0
1.2673924209993237,0.18200204950909415
1.0166394443103066,0.43058165611871485
0.9402428725526976,1.074062903006822
1.0572685952006777,2.9437973951484913
1.0,5.968041098522056
