alpha,s
1.0522284670221362,0.0
1.0933234061735373,0.19046938102763866
1.0891975417913813,0.4969298853895252
1.0371245900428598,1.1279946865243051
0.3626613677316139,2.899792818556069
1.0,5.980984080787025
