alpha,s
5.584537319359269,0.0
1.8691914278509427,0.053384379356252606
1.4229311958395565,0.3844135561436866
1.783566779481548,1.4660985243822662
10.049289160935873,3.505885755169437
1.0,5.998059564847583
