alpha,s
1.5398130479094667,0.0
0.9047415698876659,0.39791851504354114
0.8073675974339838,1.4214750264988618
1.222670612778071,2.811491609573526
0.0,4.38413919915704
1.0,5.994207605824398
