alpha,s
0.807057561414701,0.0
0.6519386904294086,0.4763330910600107
0.3333051325639303,1.450263633705019
0.09717786336274241,2.791998834852618
0.0,4.342428768330128
1.0,5.998985652135176
