alpha,s
1.3064857959492748,0.0
1.1519851913999886,0.3802818166460381
1.2045629363819925,1.3240073509588068
2.7319139325193325,2.698710680519625
0.0,4.2620858747316115
1.0,5.984680309239177
