alpha,s
1.0153457322386437,0.0
1.1264618636118662,0.1850106457429183
0.9922809059114901,0.46509766303601796
0.9638956905407667,1.0664405349973127
1.027231460774818,2.7274420654736704
1.0,5.994014358958319
