alpha,s
0.44376714633208947,0.0
0.6539555440409691,0.1088415645768023
0.8116095052154032,0.30736017937051785
0.9742168517670228,0.8955375421262451
2.386932721960431,2.8477506484601958
1.0,5.9992362728341
