alpha,s
1.5360100575493554,0.0
1.1876116496661753,0.06606543117753094
1.4466923712929367,0.25325716451324565
1.6794701773413534,0.7048941542569777
0.0,2.3654631755500866
1.0,5.995343314295251
