alpha,s
1.028802215267036,0.0
0.9641405718885455,0.059202336474954605
0.7863382621928039,0.20603973207706983
0.8208956768202685,0.6976465323013761
0.26182795110998586,2.56431058196607
1.0,5.984685898153662
