alpha,s
0.6974333436977289,0.0
0.683063104932148,0.09770349045765947
0.6504502744646362,0.3487173048256512
0.7829187917660873,0.9703315544587422
0.0,3.126431320447415
1.0,5.987202806225967
