alpha,s
1.6347360159362074,0.0
1.2107352489601226,0.09770349045765947
0.895851757915801,0.3487173048256512
0.8312419721532788,0.9703315544587422
0.0,3.126431320447415
1.0,5.987202806225967
