alpha,s
1.281628097085694,0.0
0.6236556916527399,0.4073816370085994
0.8548944739636954,1.443842538947094
0.0,2.694955351700722
0.0,4.3491968174487425
1.0,5.997608681894565
