alpha,s
0.9372254654276787,0.0
1.112243977293151,0.17701828781406392
1.018945977820877,0.43773741682275596
0.9563429093948831,1.0759296390722786
0.5001585408108677,2.6105788041649873
1.0,5.997037035714876
