alpha,s
1.1103741802199287,0.0
1.1422052567955057,0.2313284871783952
1.1886383993768332,0.6560828566292679
1.3113008747369677,1.599082645207851
4.1986245402458415,3.429818432052175
1.0,5.988374846366376
