alpha,s
1.236802229347102,0.0
1.1144473778024824,0.06258389934705832
1.0108483118204172,0.2259851287888566
1.0360154911070485,0.7713870210760723
0.9554866628645793,2.7968712965019895
1.0,5.992897634829551
