alpha,s
1.3323116300183069,0.0
1.2182489434062291,0.059860170768554585
1.1809409646755242,0.19944794134048371
1.6297448339483651,0.6376363559232385
0.0,2.4331381353541355
1.0,5.952258631988722
