alpha,s
1.054144275869005,0.0
1.216750045149467,0.1760975591756423
1.2067876871748093,0.4275819950070457
1.096307787265368,0.9743158212836696
2.0567249255996716,2.7156186964218865
1.0,5.9598179628397565
