alpha,s
1.3262743239573858,0.0
1.2123000456653255,0.4257233026917505
1.5616679782364604,1.3798826686523271
1.9585236012752991,2.897706579409681
0.0,4.466607253423909
1.0,5.999144540438349
