alpha,s
5.336080958565051,0.0
1.6936139760466504,0.0047943812896664
1.255220147566441,0.0415293261217219
1.0880466210991364,0.15647744435338498
0.8597373115942901,0.4603170049614023
1.0,4.230291941496241
