alpha,s
1.6530599454519148,0.0
1.0800393075007297,0.056661838951468924
0.963732062195519,0.44589564546265864
0.6927589486350028,1.622530556902191
3.550056008362723,3.803557921724859
1.0,5.963877473366967
