alpha,s
3.416402822536068,0.0
1.9820534865526345,0.012154024586562241
1.3362701949230886,0.10525098531869442
1.1921324334661278,0.6005227748950169
0.4460536353105631,2.7433932873482587
1.0,5.995367819326507
