alpha,s
1.2118866452035533,0.0
0.9543980507625061,0.14647308492827485
0.9270905986767183,0.4442340287812901
0.8862695730914742,1.0773071470122366
1.817459109021022,3.065127811387014
1.0,5.874394288012483
