alpha,s
0.8570821318457236,0.0
1.1864216311850584,0.5047249063377647
1.2524721714311484,1.4355169936876537
2.165675617292507,2.7286820566326906
0.0,4.263242993345209
1.0,5.977347204360931
