alpha,s
4.766664510824289,0.0
1.6153903899777289,0.06399790458411544
1.430129976196421,0.4708293730648024
1.1191430509257194,1.587346460938978
3.4398837575285577,3.636814993372941
1.0,5.999995600341563
