alpha,s
0.9477338899027605,0.0
1.1240063468020745,0.09199885352219973
0.9674774939780737,0.24906005873095463
1.173170238647783,0.6567123186325082
0.7560957632562899,2.266345179058186
1.0,5.985293635918074
