alpha,s
1.2085202654118037,0.0
0.9589568638069614,0.43104574031552695
1.1143521747801353,1.4274975998007091
0.6294543066479235,2.7696722519663486
0.0,4.375618131646384
1.0,5.995484774320103
