alpha,s
1.3903786951465684,0.0
1.0337609857121104,0.43104574031552695
1.250252713060073,1.4274975998007091
0.7311484164066748,2.7696722519663486
0.0,4.375618131646384
1.0,5.995484774320103
