alpha,s
0.9891754796370555,0.0
1.1305977203733157,0.2077025543874946
1.0925822941549779,0.514690726785
1.0761140929541955,1.1664398445530078
5.332749744059084,3.0402077193326815
1.0,5.982961101866091
