alpha,s
1.1714143978305813,0.0
1.2077859337648482,0.06402444600460308
1.1107319313552562,0.21130913676561092
1.062136882818772,0.7288240623167266
0.7794378748409274,2.8007641086901023
1.0,5.996935526056051
