alpha,s
2.071617861714252,0.0
2.0037944357843367,0.35585169426463975
0.4098571561516728,1.4616015897943775
0.0,2.8136395880281655
0.0,4.370371882661224
1.0,5.948092474186127
