alpha,s
2.6726156652055715,0.0
1.7463248520223655,0.05148237685166595
1.5911779367006458,0.2121757918916256
1.233543201395193,0.6776534181902885
3.6196278117557608,2.6958208641067074
1.0,5.949724092775352
