alpha,s
1.0970201376072137,0.0
0.898287063852006,0.22651912451565423
0.957532116450336,0.7107226791378758
0.9549793949599239,1.8080180152271226
0.0,3.765776718997464
1.0,5.997219593127541
