alpha,s
1.1374539713967375,0.0
1.410914853689709,0.4760632306629912
0.9396485483846709,1.463283145571759
0.7104279223999186,2.905778654892932
0.0,4.411328300060394
1.0,5.9534567424079805
