alpha,s
0.9641550543031984,0.0
1.0478314827054334,0.2933925943836436
1.0604463280086263,0.6908959579869717
1.0814700801354225,1.3422636570144886
1.1461630829984921,2.8981039713875294
1.0,5.997727402108801
