alpha,s
0.9801221192538582,0.0
1.0970982838258632,0.18206753058928032
1.1131299528371696,0.44059531348851133
1.0455572823797243,0.9676174435016431
1.039826358349139,2.5848418202550327
1.0,5.995307483194064
