alpha,s
1.3194809319856557,0.0
1.0337545415629277,0.3958503639693815
1.0026528929008716,1.402629700557114
0.6799334697151437,2.833769879062648
11.457697258109732,4.480165037255259
1.0,5.9978642423063615
