alpha,s
5.782023908117404,0.0
1.9162422680531699,0.05417630184799964
1.3739585723024503,0.42880104927082763
1.5284575118769064,1.6409410538803044
0.596096696859185,3.691887904010072
1.0,5.9961791532024185
