alpha,s
1.2455046802477148,0.0
1.0548005420655113,0.44253844147755295
1.1452604898447287,1.3485588974535507
46.023369751269826,2.9498521212753737
0.0,4.461360575347502
1.0,5.983433742425173
