alpha,s
1.1519826328508345,0.0
1.2077975011307174,0.2303310373290358
1.2243325790466288,0.6675323124916736
1.2963586715627207,1.7352277483038294
2.268710126140782,3.685640638463411
1.0,5.994846072684823
