alpha,s
5.54223775979767,0.0
1.965864462777354,0.00793052195808289
1.4024653608532884,0.09812012478886586
0.9872618466294553,0.594112202803588
0.953781051941834,2.8828836614874347
1.0,5.981476905042052
