alpha,s
0.9866629746046944,0.0
1.1641285091258549,0.18506939586598478
1.2666395197410123,0.4637650120852264
0.9031550031970553,1.0909438217537613
0.5646837130699739,3.091907181364821
1.0,5.980754263127547
