alpha,s
1.0739925047783376,0.0
0.887482669667512,0.2005250535107562
0.9121438322221299,0.6800129382056532
0.933041031806988,1.7335181706611498
0.2599487097596912,3.580372999628051
1.0,5.971753203615691
