alpha,s
1.4973856906196679,0.0
1.385757524866685,0.059663167903780776
1.1799632349175224,0.18881786420475513
1.1995732980321259,0.6300305743778166
3.0182451667880295,2.3448669123199686
1.0,5.965019825404329
