alpha,s
1.0371590382088087,0.0
1.141264609017624,0.26630461106321807
1.157281062854378,0.6194368922095131
1.2515453525798124,1.2326535751618495
2.8118075212496163,2.584440729108865
1.0,5.993315981370426
