alpha,s
2.131941135638408,0.0
1.2789476769059906,0.011143330294684083
1.204319121485086,0.11272531149564226
1.0370699407549258,0.6072391003618478
0.8648536134049496,2.7549198346727763
1.0,5.9981528545129645
