alpha,s
3.7543252992203717,0.0
1.4541736000756798,0.004779259041004122
1.1529419996385395,0.04617442920203858
0.9131183320928192,0.16489418237062436
0.8645819921514444,0.5267264574715069
1.0,4.737384816066775
