alpha,s
1.0549814526538572,0.0
0.981433436381274,0.18674843889462311
1.0730462737358522,0.4911505268344593
1.00749890562112,1.0487831226093052
0.6874376364094772,2.864669034606907
1.0,5.999713287136121
