alpha,s
1.2410245698426694,0.0
1.0782343930870277,0.4020178540373926
1.1691220858682796,1.3470930342627054
1.1792908065301217,2.533028921925699
0.0,4.336615679764164
1.0,5.989290285334068
