alpha,s
1.336893145381168,0.0
0.9449286081777162,0.05815850713888297
0.9270383410738938,0.41307632742703254
0.7016338064780099,1.4739972456904655
5.318576372197761,3.54675796951762
1.0,5.999589701071798
