alpha,s
1.4205544459364428,0.0
1.0209652244158303,0.07156954925602176
1.002532681540708,0.2968200629950704
0.9521550757132908,0.9939228483523315
2.1754466087453785,3.177242400433149
1.0,5.99353708662471
