alpha,s
8.170175632342966,0.0
2.929632717252594,0.008015644072256661
1.474643650608659,0.08908152762039233
2.0990386857770003,0.7570127661055268
0.0,2.83717739029216
1.0,5.990991821550832
