alpha,s
1.2714261806474165,0.0
1.452573066180464,0.3819716655404376
1.3539049900627216,1.3470987217361619
0.0,2.881774904517844
0.0,4.4064883765811755
1.0,5.999084504818172
