alpha,s
0.5912281795846243,0.0
0.7067205152148882,0.09786673216587745
0.9397002245577806,0.3041892392018683
0.8086608096148095,0.8796065973578544
0.6198969983483421,2.5869569118589277
1.0,5.9874930485567255
