alpha,s
0.7515243170467251,0.0
0.45125389403437866,0.4030029007975788
0.18987032689719613,1.3872098849450103
0.05017324909022673,2.8127226525835445
0.0,4.357698993136766
1.0,5.984444589640631
