alpha,s
2.321204460403997,0.0
1.677783491357946,0.0104457180061896
1.219351346743324,0.09728960379882629
1.1689182505980809,0.6703425115542809
0.0,3.0490515040233097
1.0,5.981634395908413
