alpha,s
0.6442447206119781,0.0
0.7974519641668967,0.09157167572273005
0.9564069898210029,0.2855007526991666
0.9993643373106057,0.7957213328086604
0.605945936893247,2.67766130752106
1.0,5.992735025252291
