alpha,s
1.4773924538984273,0.0
1.336707081201154,0.09157167572273005
1.248781447865349,0.2855007526991666
1.0673069054223616,0.7957213328086604
0.57954615358074,2.67766130752106
1.0,5.992735025252291
