alpha,s
1.0509106974810887,0.0
0.9443662662100759,0.10902541566969765
1.0012914491526472,0.3174589200887779
0.9762217902526449,0.8924755381484161
3.5828453171871377,2.568319263787431
1.0,5.999611106868655
