alpha,s
1.042937084294325,0.0
1.2607420056108676,0.15202007078904922
1.2780171364239188,0.3668089111840532
1.3386267002523728,0.9093560079599172
2.4653507456868886,2.3436601186363712
1.0,5.829368119504929
