alpha,s
1.1095096441741492,0.0
0.8739388131555756,0.25609789623137874
0.9133471181325001,0.699895763286499
1.219703172367183,1.4034955519041055
2.348144596541944,2.838607726026623
1.0,5.977839753559694
