alpha,s
0.9787281117379809,0.0
1.1049707730836262,0.29261811686172723
0.9677217863018626,0.6677099540119009
1.2096026658622483,1.3772657667838253
1.5403196243743544,2.9833996323284477
1.0,5.993937391262846
