alpha,s
1.341484336860427,0.0
1.1395174403054464,0.40791479808942593
1.163368616405357,1.3322461970526993
1.4495136895776504,2.772806270364052
176.03071403215927,4.348986653494972
1.0,5.9989910597011065
