alpha,s
0.49736466980951616,0.0
0.32902813663398006,0.048766497464478496
0.18726371350701826,0.3581073427931589
0.0449795190264202,1.471459233421822
0.008407278703623615,3.7545001452334437
1.0,5.999949200397731
