alpha,s
4.738628118526407,0.0
1.4648303333341157,0.004130788278711761
1.3028064344800407,0.0459968717638971
1.1093073667283082,0.15208706039838368
1.0051472101789927,0.4624237549396314
1.0,5.075908442363457
