alpha,s
1.06940817516369,0.0
1.0403080521346728,0.16195253131562704
1.0596003138173415,0.440401493739917
0.8198230053444118,0.9890908224734719
0.6196571467563825,2.760059670902893
1.0,5.974213869034212
