alpha,s
3.288949518107193,0.0
1.3761041133191096,0.005207607155123761
0.9722788743276729,0.04652511589961265
0.9626055993078405,0.18030855893054434
0.9512562067114078,0.5049317445851228
1.0,5.015832635228136
