alpha,s
1.8295400648335016,0.0
0.9975514689687957,0.04710876983879573
1.0280458684198899,0.3949468911101831
0.8770722053043338,1.5101674516485057
0.5844684760113339,3.6232502773332187
1.0,5.997166476588333
