alpha,s
1.1788595737571472,0.0
1.0022830252508588,0.21965698500706826
0.8247204775862131,0.6863677215610339
1.4714152220936738,1.919458718316586
0.0,3.986146957974942
1.0,5.97429214226181
