alpha,s
1.0822435107810788,0.0
0.984107311501676,0.16814046604863464
0.9879712259512088,0.4784990880607298
0.967347185577093,1.04169641355696
0.9442734399982396,2.5906052092174296
1.0,5.988472114043562
