alpha,s
1.448827353969492,0.0
1.027183367906472,0.3664032058204418
0.8255679255199515,1.3821812548730772
0.7857927436022402,2.5968065119526456
10.242370962154611,4.20533487370451
1.0,5.980021218960712
