alpha,s
0.4068975968365473,0.0
0.4399790032074453,0.11186326540882094
0.7594263687689076,0.38204457816119175
1.0859349368770075,0.9698740005557674
1.0960191805152049,2.6507096400913106
1.0,5.989716153659781
