alpha,s
1.2881720964229058,0.0
1.2356011822773576,0.10416627121369615
1.279096164030483,0.32560464333910716
1.4885231640647538,0.8627076376798506
2.5018261659191774,2.889883103562876
1.0,5.995784441053012
