alpha,s
1.072876146344759,0.0
0.9626725225678905,0.39921449970618134
1.021794387269396,1.4017352408081005
0.8800752570803727,2.8266619063527716
0.0,4.392190575522154
1.0,5.997497064690884
