alpha,s
1.113328684580852,0.0
0.8700799182221919,0.16597440337869937
1.0220129670129638,0.49870838253300553
0.9362094469147603,1.0179629741596987
1.2723589716410069,2.745739092888712
1.0,5.9696173301572895
