alpha,s
1.012758935994035,0.0
1.3257092804464994,0.1606062380430303
0.750705274184973,0.38478431792075035
1.0997691512405807,1.0214784951090938
0.16315826775361414,2.6997519252720874
1.0,5.985045524457361
