alpha,s
1.3373911756698196,0.0
1.1726230008772125,0.4476982780225233
0.943788807586289,1.3597347958656651
0.7363505333263798,2.799378407716456
2.0221016429273835,4.28740552200558
1.0,5.994101676254752
