alpha,s
1.3623992136193968,0.0
1.016370116226691,0.420264307829156
1.1899880034456198,1.3595291505580358
1.642031400439844,2.7462460568008367
0.0,4.359279702536645
1.0,5.9976789935233885
