alpha,s
1.6735897494836314,0.0
1.1566122110874373,0.29686741707870434
0.8919543450913924,1.3885241178715078
2.899285584148526,2.942414026031095
0.0,4.537366689590755
1.0,5.999603410164621
