alpha,s
1.2827529671176292,0.0
1.1767906482633075,0.15798207173298226
1.064733394901483,0.4292324308923554
1.1347559902180475,1.0508420814938166
1.5801734870846822,2.7094600803990416
1.0,5.968554847950541
