alpha,s
1.2567006719287115,0.0
1.3853633598500812,0.1817056607798409
1.1872577666083575,0.4707591608886154
1.2917982298460813,1.1273348882990744
14.6444687570888,3.2488361414291465
1.0,5.982845699661743
