alpha,s
1.037790141462304,0.0
1.0872732524479825,0.1846161513499006
1.1095323210754051,0.4751026807790628
1.105503701233688,1.0558900146626162
1.2403822565297076,2.770344315881857
1.0,5.994723994925801
