alpha,s
1.02422737616658,0.0
0.9401223635865186,0.18513056417829846
1.1004573162268922,0.5026489631242449
1.0340968072696268,1.060417155578563
1.2780896394053685,2.5794595988294153
1.0,5.998617972628777
