alpha,s
1.4162476162461377,0.0
1.2355330813639098,0.39339722453254844
1.1852398656401035,1.3871775297354745
0.668777398848914,2.7917850236609048
0.0,4.348759284491726
1.0,5.998508035536884
