alpha,s
1.1846228181468965,0.0
1.1559455939898902,0.39339722453254844
1.1326719477190874,1.3871775297354745
0.6158880472803263,2.7917850236609048
0.0,4.348759284491726
1.0,5.998508035536884
