alpha,s
5.326479727705461,0.0
1.5585390240538495,0.05342508125965604
1.2960544308577704,0.42760212006016607
1.5891351627701134,1.514387017580144
1.1620769795052666,3.6127592436636373
1.0,5.994316645453075
