alpha,s
1.3458557083725506,0.0
1.1323504113755312,0.06038865878025567
1.1421474034316075,0.224723331694205
0.8828885461492586,0.6815758255554121
0.7341837716914055,2.7321012254560975
1.0,5.993285006825827
