alpha,s
1.082777467921281,0.0
1.0087882869799516,0.1745065420918116
1.0968549953449855,0.4825604000644301
1.1628405494952514,1.0587422498350463
1.0376219448246287,2.7184465444233044
1.0,5.979659961673164
