alpha,s
0.6793502756143027,0.0
0.6571488432413851,0.07156729841791266
0.8842695437484988,0.2520427045075684
0.9969487539714454,0.6629435205855745
0.7732963386807409,2.409480967410556
1.0,5.983162507189287
