alpha,s
1.4817182296899007,0.0
1.1069213140897276,0.07156729841791266
1.1634968406552215,0.2520427045075684
1.0856219462529564,0.6629435205855745
0.7567566679453414,2.409480967410556
1.0,5.983162507189287
