alpha,s
0.46921174400802745,0.0
0.3086584030616383,0.39200646315579724
0.1372326891817883,1.3056230326413152
0.02845798915895964,2.7248064163735104
0.024996337878445934,4.3248219351813715
1.0,5.999681307352306
