alpha,s
1.5316345460342786,0.0
1.3480882315706888,0.43721362387131213
1.1537793115984147,1.4429028837963465
1.1920310906202174,2.9187148398234357
0.0,4.422335731155881
1.0,5.9968430332074405
