alpha,s
1.1073334953404272,0.0
1.1158460161492065,0.43721362387131213
0.8782128145112515,1.4429028837963465
0.5858267936340694,2.9187148398234357
0.0,4.422335731155881
1.0,5.9968430332074405
