alpha,s
1.379424592495045,0.0
1.1737916467048506,0.06331713030763365
0.9952685966259996,0.22780140223045034
0.9324284429094561,0.771165534760603
0.8693224315223775,2.7039824843821862
1.0,5.998867981003824
