alpha,s
1.5286970885487043,0.0
1.1191803104195408,0.3512152484266633
1.0831605857399864,1.436094712351704
8.214994125009026,2.7829154923213424
0.0,4.264661627288303
1.0,5.984952310929531
