alpha,s
0.9986493609939338,0.0
1.0006511812836014,0.20445362240186316
1.1200101778775073,0.5401349883820257
1.0951125916966116,1.1710390298191646
1.0082898711900297,2.93856396663778
1.0,5.995696497356949
