alpha,s
0.9660627701478851,0.0
1.0339247460232874,0.2894208826188201
0.8945827085003804,0.6643185302137031
1.0293489547436316,1.3816897813950912
1.7119025112985182,2.9981664220319937
1.0,5.9989518827258
