alpha,s
1.4313669899286594,0.0
1.4114074118166682,0.23594839791104172
1.2186638668954999,0.6482092415221132
1.3000207209942878,1.5668823788581296
1.605659017865443,3.5606657461654407
1.0,5.9989670849161145
