alpha,s
1.0435899416760408,0.0
1.1301397995792577,0.0779090884405946
0.9189795862622233,0.2550271770940189
0.6524734802358317,0.7580352751142864
0.0,2.862856415447009
1.0,5.987911060086574
