alpha,s
1.4862521246318887,0.0
1.1155078044229787,0.450822601168073
1.1479131937951272,1.5647951257368735
21.674485885086774,2.874681724529425
0.0,4.3259446935767025
1.0,5.996207776666966
