alpha,s
1.1979579199161579,0.0
1.129236747295461,0.06480439261078316
1.1715860875844109,0.22997389580691824
1.0386545915694823,0.7336902789645295
4.458330341255784,2.8836776302694775
1.0,5.9830588144815575
