alpha,s
1.1630146403566408,0.0
1.1115789126989248,0.4801205516775411
0.6699709987856508,1.3669236723064524
0.2598758626812805,2.881229166833867
2.5780905351114347,4.615006600354569
1.0,5.994105295778228
