alpha,s
0.7171237557309879,0.0
1.243438815456729,0.25532003845531404
1.1604433866471193,0.5527277210261861
1.0836912446384694,1.4495713837711028
0.0,3.501565200112683
1.0,5.971668825342723
