alpha,s
1.357227647984781,0.0
1.1847932459097104,0.37845140224049323
1.5618114320848442,1.1807206110573318
0.0,2.6028739853200493
0.0,4.1539168339318495
1.0,5.987978801403104
