alpha,s
0.42791855961252034,0.0
0.5455524160587868,0.10548807579349256
0.6976733650870843,0.33198448909295514
0.8208351573858449,0.9267261081822581
0.6878008051905249,2.7069435770502683
1.0,5.9952781144932645
