alpha,s
1.1632089803115593,0.0
1.0532722725915922,0.10548807579349256
1.0093871278405124,0.33198448909295514
0.9561410904835338,0.9267261081822581
0.8016692483067779,2.7069435770502683
1.0,5.9952781144932645
