alpha,s
0.9892180082706443,0.0
0.9790208860023131,0.2377745240476016
0.8923482284393005,0.6745038850671333
0.6335531395558838,1.6099812920432408
0.5079282608002123,3.4626770843602968
1.0,5.948872592527006
