alpha,s
1.2513255415374724,0.0
0.9710921840956039,0.14057910558461495
1.0413946528007094,0.4530330986685904
1.009113074641263,1.0748559811416072
0.6862007278705474,3.083660416801093
1.0,5.9863695793181
