alpha,s
1.2090084691721428,0.0
0.8534703748125652,0.41601453713864517
0.7447502424654026,1.3569848398608482
0.8592593592342301,2.6419668754296954
7.465916863304525,4.224880398777754
1.0,5.973281406280317
