alpha,s
1.0340411255868882,0.0
1.2030429170560675,0.15048578292546483
0.887567534799962,0.38026219389605614
0.8220733759070301,0.971722015874069
1.1139502255017926,2.5955919275973334
1.0,5.976637070829481
