alpha,s
1.1735661917371545,0.0
1.1285890863798378,0.16315906841826575
0.9237262316375444,0.42688568580727987
1.0766433260359716,1.0311928068976015
0.18566202751734678,2.755473402516249
1.0,5.985856953407953
