alpha,s
0.9413309752915402,0.0
1.1783025214332736,0.2122131570677996
1.0059573857515614,0.4602254843758718
1.113103726598246,1.1432481182289462
1.305688212833823,2.9561717643814505
1.0,5.998781501118466
