alpha,s
0.996131298684543,0.0
1.1207014937106679,0.29253533172945795
0.9233604126157244,0.6782087056247355
1.0408390501237865,1.3986341649911476
1.1585330904856093,2.9231767580679406
1.0,5.987049735617324
