alpha,s
0.9773719820749754,0.0
1.1551392221749233,0.2570315676522112
1.2560496387618487,0.7228325243173439
1.195748711943324,2.004808277411468
0.0,4.072651768982487
1.0,5.984770402550949
