alpha,s
1.4578225046819395,0.0
1.0546436904665717,0.45950292911290763
1.111324413254989,1.618944739750785
1.432674955393886,3.054683377643167
0.0,4.486147848138933
1.0,5.9850224776118335
