alpha,s
1.5224895622346042,0.0
1.2662776024041804,0.11419397798941307
1.275661666862617,0.35422176993075755
1.8618772438902007,0.9998560479468147
0.0,2.809552779836364
1.0,5.987789508619651
