alpha,s
0.7656229425802937,0.0
0.8303354995418123,0.11419397798941307
1.011462569825706,0.35422176993075755
1.691949794100188,0.9998560479468147
0.0,2.809552779836364
1.0,5.987789508619651
