alpha,s
1.5994951675685443,0.0
1.345414958713013,0.38319136086685396
1.7768781933401654,1.4690498588470904
8.546121673856987,2.9323495535736717
0.0,4.494226141856026
1.0,5.998471267253365
