alpha,s
1.29098651837033,0.0
1.0538222023105894,0.05411584116134965
1.2884818782511487,0.39035861083238876
1.396883856155346,1.4944860892919682
0.0,3.6625164666891465
1.0,5.997849435469436
