alpha,s
1.0471721376837435,0.0
1.132152282089242,0.17741283357020943
0.9658796582846721,0.4498533402498561
0.8752542308519826,1.0539112548841016
1.071860527495619,2.6680730806782917
1.0,5.999049548717089
