alpha,s
0.973198786936631,0.0
1.1132480563498515,0.2430045682768183
0.8329132091788806,0.6513457137369227
0.9517144477623352,1.677476186820793
0.6644338568281636,3.7617621517792843
1.0,5.978198271811823
