alpha,s
1.5784317329316233,0.0
0.9440940171208491,0.4001298686198069
1.428565458759217,1.4703548290132218
0.0,3.045240993153139
0.0,4.454834423810015
1.0,5.984836965762398
