alpha,s
0.9801766052188223,0.0
1.1067903284020104,0.28463757639237985
1.1405220090246087,0.7209383749859694
1.0399539769766593,1.678523329772811
34.49092199574065,3.9078449722752624
1.0,5.982690150746825
