alpha,s
5.215512139011101,0.0
1.673665352476542,0.0549778861230994
1.548053520055962,0.4025343105134575
1.100939910959148,1.4333800245278032
2.430240739265899,3.6610291376582578
1.0,5.995108849925199
