alpha,s
0.9745383207445617,0.0
1.0213765869554177,0.29509250436153106
0.9701864732408767,0.6802071492318293
1.1987128161437648,1.3677409855410665
1.2381613349634097,2.7933811229130314
1.0,5.996311801976547
