alpha,s
1.0660575487034754,0.0
0.886842890237985,0.17265332721797383
1.1012406967891026,0.47519214155327844
0.8184332472829757,0.9796067601254685
0.8899382325272636,2.785055636641852
1.0,5.991682199090665
