alpha,s
1.022380391048204,0.0
1.0274859091040147,0.26169157594565384
1.096139823353104,0.725289958714421
0.9256892703910555,1.7418474831398458
0.7042689586165284,3.7162535218212063
1.0,5.999827309583981
