alpha,s
1.7375135844000744,0.0
1.6144227139644745,0.06561035849414076
1.4245562753258945,0.22747417656369237
0.9792935140809355,0.7150066345314043
34.07524399886328,2.9056971460668684
1.0,5.951965314486221
