alpha,s
1.0022318234632341,0.0
1.0343272907607781,0.2397804863479069
1.1340229064031757,0.68235069369386
1.0616627702869001,1.598415019601308
0.6133144210731912,3.59612743141806
1.0,5.998945718993043
