alpha,s
1.3839847612399772,0.0
1.1611810409531103,0.3024080540247164
0.349812887681355,1.2474303837013327
0.18145947517208771,2.7989616050203763
0.0,4.390876762151927
1.0,5.999712452107479
