alpha,s
1.0027886688345413,0.0
0.9977789435805117,0.20211415479553585
1.0873804009225168,0.520364556009027
1.082307141903156,1.0784925132131304
0.5031764711008506,3.0929369945264473
1.0,5.959967463393055
