alpha,s
1.0390114776010924,0.0
0.9646784780279106,0.1586449324919254
1.1305023216134575,0.4364728107977071
1.0648499736748003,0.9660957248703747
1.1424697589199992,2.65843955438212
1.0,5.993765238491041
