alpha,s
1.0664054461501409,0.0
0.7400569233436327,0.3918905208757535
1.4198545335375006,1.497370532317456
6.181469433774979,2.7445486433533737
0.0,4.510607147749944
1.0,5.987494951071378
