alpha,s
1.050165779713261,0.0
0.9531587363555305,0.49111528987451336
0.7920283314627959,1.4247790501265774
0.5553107193211475,2.830633003321448
0.0,4.437234111777027
1.0,5.998916346447766
