alpha,s
3.0514401739973107,0.0
1.1975814303542591,0.0049573411981858806
1.0452950160131522,0.04910876889245515
1.0848509771299055,0.17153558259033222
0.8283831008038797,0.46384963926321393
1.0,3.680629306030076
