alpha,s
0.9240567373381632,0.0
0.6644650065240741,0.050363588878434534
0.4269517838755218,0.36655964215146597
0.20465290949884327,1.454274360953133
0.020531973256346776,3.567430793108731
1.0,5.996266533234476
