alpha,s
0.9850474493917717,0.0
1.11414291497912,0.16453187504892988
1.1419760791291398,0.4135776316839839
0.9081299610815428,0.9415274305733453
0.8911196059871079,2.6745085688552828
1.0,5.982340005256888
