alpha,s
1.0473434449876604,0.0
0.9293306023772933,0.42096938172858417
0.6693448920715531,1.519690010819443
5.597965874483452,2.9519660924440156
0.0,4.373680359755621
1.0,5.980526339910366
