alpha,s
1.0618016962773298,0.0
1.209669496289054,0.19846949405081218
1.1928909167605641,0.4919357810910471
1.3636022723719146,1.04960925858942
0.4176406052621809,2.8127944793071284
1.0,5.947718470983695
