alpha,s
3.2800386825342396,0.0
1.6552760561076756,0.008685721928521583
1.1501729168464105,0.097670429900231
1.1575870063128155,0.6258748756900776
1.5734581174132671,2.721403473040097
1.0,5.996698644151941
