alpha,s
1.0108040559115634,0.0
0.9868431915525313,0.417564197513145
0.6651498842963066,1.4115131887263066
1.3210451616860877,2.932295011056862
2.168914921264366,4.438305643853453
1.0,5.9776167035211545
