alpha,s
1.0462204600539515,0.0
0.8097585010301231,0.2766457093078458
1.10121660699298,0.7356644726278484
1.2424855483005237,1.430181797398395
1.3408075384372886,2.917642657410541
1.0,5.999632397817714
