alpha,s
1.7119944474010957,0.0
1.580717663787029,0.06758491946969461
1.558130518074451,0.22206914769569167
1.1171762981878024,0.68556542440687
1.161526862756057,2.577302587333004
1.0,5.996290499497501
