alpha,s
0.937472941993552,0.0
0.5511332666502019,0.042696841127789965
0.573226513835144,0.39496844419958627
0.23288333322252674,1.240065132360004
0.06264105345778369,3.315040839014424
1.0,5.9969979401314575
