alpha,s
1.65065676436664,0.0
1.4371976969857754,0.061697910215034124
1.0338433657302326,0.41787708777729693
1.290095055613143,1.6741981150595204
0.0,3.622504821797705
1.0,5.994325110381678
