alpha,s
1.409527465656127,0.0
1.2604755544103339,0.05964708956995684
1.1119292166856236,0.210877215924201
1.0749882670413107,0.7321466089862234
2.7977238885132585,2.6090079973475775
1.0,5.996443012016908
