alpha,s
2.73539801044559,0.0
1.4714578865511967,0.0062327329519421
1.0777975123618053,0.04676594210366809
0.9548978227945584,0.17320799064681483
0.8991004230476201,0.5116033578365928
1.0,5.184411131684287
