alpha,s
2.3554386707954924,0.0
1.2519378142943278,0.010065125284774122
1.0527495435967213,0.09932071634771256
1.036466163387085,0.5327170274856491
1.2565477398158909,2.8966685161255366
1.0,5.966122920067356
