alpha,s
4.008454111178855,0.0
1.7627075601644255,0.004355036153066003
1.1631955863043226,0.03703571994226326
1.0986939425709168,0.150825615463812
1.1057586306191913,0.45592683367579684
1.0,3.142018596022736
