alpha,s
0.9047750973042186,0.0
1.0221780049003544,0.24303124617092112
0.7256054218802858,0.7014473643690892
1.1249242216045015,1.7711007896229973
2.136290093491955,3.6576213328853138
1.0,5.96759330229179
