alpha,s
1.2552483073396485,0.0
0.8552400672826975,0.32319855937426406
1.8026086365032215,1.2578877572884137
10.375157205073759,2.603795479693344
0.0,4.328039198866252
1.0,5.987961360594237
