alpha,s
5.299268906432865,0.0
1.678082331573603,0.004793322131112319
1.135874330237261,0.047351636759339566
1.1293375169332855,0.17921522302945497
0.9461772574768297,0.4897011062379283
1.0,4.5989665611978365
