alpha,s
0.7985782521880939,0.0
0.48586072992220786,0.050452996737406525
0.34962446692314014,0.3868498689204692
0.15271960785842273,1.550965486164444
0.03034185465380649,3.6590267691535163
1.0,5.98956836620018
