alpha,s
1.3067700272302034,0.0
1.2925819989129297,0.386171574959031
0.8321323788994882,1.326306901131916
0.6028347101737689,2.9269700456591408
0.0,4.538238418522448
1.0,5.99985927285949
