alpha,s
0.9276352297312985,0.0
1.0471323868221938,0.2678038876498915
1.0867928525909114,0.7257602665215678
1.0402218589566758,1.7213760235073308
0.9536482586631483,3.7785376247660536
1.0,5.998934094880919
