alpha,s
1.1934010446501637,0.0
1.1519641291848965,0.11369312967258992
1.0849052627813525,0.3395647341887558
1.1019917839379272,0.9504292438414005
0.7455142599583143,2.8322846645873523
1.0,5.994096855544798
