alpha,s
0.6087623794450828,0.0
0.6759378716038849,0.10438325193391929
0.9146106674564851,0.3443172468648011
1.7104581639744136,0.9745216715278147
17.440715577843257,2.9762225202270143
1.0,5.97321559435644
