alpha,s
0.9984499691444242,0.0
1.0478882937283365,0.18302163057307863
1.033764852364266,0.4761139925441332
1.0282362256004967,1.0605648993624226
1.268827890865555,2.8834762216699117
1.0,5.998395554251125
