alpha,s
5.774517530684172,0.0
1.8426016107756547,0.05571550491335285
1.447588946685136,0.43320196537738953
1.5262063832642792,1.6104016843308582
2.1800323067629357,3.645824564334466
1.0,5.996931064543244
