alpha,s
0.9786927663764193,0.0
1.0291076652953406,0.24065382632834703
0.9613399759832514,0.6753477237367151
0.7333704825759197,1.8238743195243117
0.0,3.774351618666518
1.0,5.962426061665779
