alpha,s
1.145572175712284,0.0
0.8060520028553565,0.4643735094039704
0.49597471685412553,1.3341907275926999
0.2620729509372201,2.5817194593923247
0.0,4.258897888406278
1.0,5.97748290464923
