alpha,s
3.5420809116919645,0.0
2.0645659841585253,0.00860513544341152
1.2316778920461262,0.08000625978697137
1.2078723003628025,0.5247826590946116
1.6216304789712321,2.3549989439949885
1.0,5.994686821161786
