alpha,s
1.008270469320225,0.0
1.04337383193651,0.10529397039301262
1.1216119684874644,0.2956368349210303
1.1041486212043288,0.6740291886533797
0.8682659837784129,2.177348078393812
1.0,5.990511377099216
