alpha,s
1.37050427093055,0.0
1.0434609487137334,0.05385125787970653
0.9209034809568876,0.38609740269158677
0.8478407908755307,1.4632290691870125
0.0,3.660345802226709
1.0,5.9915535956215775
