alpha,s
1.0254194150079747,0.0
1.0372310333075991,0.20594947671395863
1.1820465018233322,0.521740941615972
1.1095473677054564,1.16855205450717
0.8266914240970227,3.1618768806015844
1.0,5.985326845935056
