alpha,s
0.9188892430310773,0.0
0.8711714212305847,0.08926904165226308
0.9972432685146382,0.3025330504532853
1.3408297736182275,0.8918277602117117
1.4025506051035739,2.6374820338660974
1.0,5.959397102891284
