alpha,s
1.6428292716122859,0.0
1.3191457734957839,0.08926904165226308
1.2537555960732276,0.3025330504532853
1.495514446566996,0.8918277602117117
1.483606436301813,2.6374820338660974
1.0,5.959397102891284
