alpha,s
1.0441565551657634,0.0
1.0847524818344403,0.2515591950857633
1.0209468068134295,0.6914438613262364
1.0088436695026233,1.7046793672720002
1.6216165006838634,3.591468050313481
1.0,5.998376984729792
