alpha,s
1.05812386463099,0.0
1.236757769701901,0.26977310062137133
1.4130646902743285,0.8419884555996627
1.4742228795019865,1.8685108082479487
0.0,3.837163463679268
1.0,5.982832796201525
