alpha,s
0.43973390291600295,0.0
0.2808591696014455,0.4209026730860424
0.12335199129341128,1.4812773997573034
0.009194282915312038,2.9149273735117798
0.0,4.486759264826726
1.0,5.996424094971766
