alpha,s
1.7650062599204541,0.0
1.322241916121135,0.009042570335146443
1.1367827854885897,0.08372568728033021
0.8993868611191107,0.4913390748606279
1.3076771633803412,2.5602709117183977
1.0,5.992188074807229
