alpha,s
1.1847391712196969,0.0
1.1589879844507065,0.4583410228194428
1.0564816598433668,1.4551765089579733
4.957199760363367,2.8845986677464843
0.0,4.423195479838291
1.0,5.98795853308244
