alpha,s
1.0103353428272732,0.0
1.05679407517089,0.2363852578421697
0.8822362626705575,0.6418817379046954
0.7496857576314033,1.636618453083276
0.15204088469021526,3.673478057304654
1.0,5.996593476258502
