alpha,s
1.2338245821836453,0.0
0.8880919052486776,0.41530017418171383
1.2410535377688465,1.4385658205375362
1.132486471810625,2.9336854809380073
0.0,4.478644752810892
1.0,5.9997242019935495
