alpha,s
4.7800122442755395,0.0
1.9562748419498017,0.0068703028473820005
1.23942623660859,0.08394136914717386
1.116938647029472,0.5866440770373296
2.0992071876607334,2.579678234766149
1.0,5.996144493810979
