alpha,s
1.1498266984232157,0.0
1.040500481003631,0.17619418291709474
1.0093979904894477,0.47701650749799823
0.9919309841733237,1.0850111247653997
1.138758647650593,2.888252251492853
1.0,5.999509115842063
