alpha,s
0.9774677701360164,0.0
0.9780319627632729,0.29718544111309736
0.9651994337132412,0.7298605406019966
1.098424441480573,1.504729710131164
1.922114702424739,2.946337197291702
1.0,5.983858592527112
