alpha,s
0.665383016977907,0.0
0.8495871578677363,0.11495725202733544
1.285741499441684,0.30515523410017503
1.1897248682109265,0.7856036549349205
0.0,2.863553857445744
1.0,5.974538728063656
