alpha,s
0.5507613200759517,0.0
0.40679065906364315,0.2851870658760881
0.374728985983283,1.2333272562145783
0.16287138296190756,2.5714831778426785
0.0,4.296492446610634
1.0,5.970239486241789
