alpha,s
1.206387046889694,0.0
1.224039568426347,0.17241070155564903
1.0796936267186121,0.44546037959559726
1.109021708534304,1.0679719973644806
5.613069676663979,2.8636824255785642
1.0,5.965907755636371
