alpha,s
2.03975893523571,0.0
1.4220531205447335,0.008583860072083461
1.0536147631007982,0.07772957602908738
1.159742129515897,0.592111429831735
0.6852107102552607,2.8489729446109444
1.0,5.990785799252024
