alpha,s
1.3266435229268112,0.0
1.120541368081562,0.06550268766579792
1.1658512508043015,0.23290127156955084
1.129104335639009,0.7426414653537073
2.017479095728671,2.6916775345501773
1.0,5.999801182356633
