alpha,s
4.218101259862714,0.0
1.7137732333916682,0.004223322375052202
1.0951966900504253,0.03987884422765864
1.0748315990981918,0.16311399945506422
0.9175695237523792,0.4653105041138641
1.0,4.339151757792542
