alpha,s
0.9843322091053934,0.0
1.0647723252751788,0.17636174369060365
0.8089717335780077,0.4504511789153011
1.0590892818951216,1.089312160000069
1.3793196954488445,2.6841248999933485
1.0,5.949793393619449
