alpha,s
4.558786136363558,0.0
1.705779424337053,0.0041749577961648
1.2024654426517214,0.0398051314700926
1.1714686993353154,0.1538414640684623
0.9693542963861653,0.4449173819984051
1.0,4.059856593635014
