alpha,s
0.9031319802945696,0.0
0.6476774509416948,0.05257117062548766
0.39693758102189475,0.4105756100836721
0.13908382680395853,1.6295818479462651
0.010097019184055152,3.6802128280578863
1.0,5.993852959231546
