alpha,s
0.8122595012024362,0.0
1.1217935710802527,0.2408718124089846
0.9485043971901126,0.6218228514721257
0.8062826125473351,1.6377529453157147
1.352704308598459,3.5947394894954336
1.0,5.975014262441343
