alpha,s
4.981057046336093,0.0
1.8124262707110494,0.004411705613860543
1.2631096511408142,0.04358833136336215
1.2144807866654048,0.16752221493044933
1.1294043429458926,0.47468320332315267
1.0,4.373828548355298
