alpha,s
1.6192616891205314,0.0
1.133879475070808,0.049378700778508346
1.0792555144824243,0.3806487587207824
0.9267753034450092,1.5990549554572187
1.9194652162732828,3.727865136443055
1.0,5.9973310490193406
