alpha,s
1.0744097704343942,0.0
1.0187870157889587,0.16065430915445775
0.915903033760229,0.43601066597592614
0.8909756160376264,1.0589306416733462
0.7320712952332882,2.866014443350783
1.0,5.994358753099044
