alpha,s
1.1175330792439335,0.0
1.1357472196002374,0.4423952170744529
0.9709771994569112,1.3041891995229018
0.8053571117541364,2.764586100236749
1.0102530259516582,4.39964150269069
1.0,5.998948849737348
