alpha,s
2.114895189105568,0.0
1.3844826690712217,0.05236441208552215
1.3696750662929105,0.2054815908851469
2.063776520212542,0.6471702915922565
1.5867018492906544,2.33979965372383
1.0,5.995126241047265
