alpha,s
1.023436950009589,0.0
0.9554995897892112,0.2859960822200729
1.096729327970517,0.7164961918547037
1.4219777629228787,1.3869941074758507
1.3694314743658655,2.792795877890775
1.0,5.995857641468921
