alpha,s
1.3027501290204357,0.0
1.799554656683106,0.3849002200466683
1.7283476597137335,1.2636829021587366
0.0,2.6641072677660893
0.0,4.200073020232605
1.0,5.989657052067731
