alpha,s
1.3226966952166954,0.0
1.1247326017753592,0.0964570391590865
1.0247067589373133,0.30145184977485817
1.0713442390953893,0.8364293998114938
0.7612293713305203,2.7744682932208624
1.0,5.988891903996065
