alpha,s
1.1665203592355111,0.0
1.1688363978021648,0.1687042760020834
1.1751488085472717,0.4387603739395733
0.7134659706267806,1.0944424350130393
1.9449526699735915,3.0646446582465456
1.0,5.966070563797851
