alpha,s
1.0445648425434322,0.0
1.1136438956281953,0.24866975979581254
1.0602325917297992,0.6698912853924779
1.1682980483762788,1.688902769088215
2.1308634880585107,3.5670316726154727
1.0,5.994343774209929
