alpha,s
1.1150798614484054,0.0
1.1044777026026333,0.15211106581708883
0.99809254523872,0.407190643377178
1.0282475955669066,0.9865282604955949
1.476530664496736,2.7150311691579954
1.0,5.997650638546134
