alpha,s
1.382604914408813,0.0
1.5281568763003794,0.06718899642407447
1.419487602605074,0.19471386673138608
1.6616149165178402,0.6621141231862628
7.18409648080141,2.86584750555576
1.0,5.986618465435253
