alpha,s
1.0757368542962267,0.0
1.0015053474314914,0.2676702653041201
1.0360690062568818,0.6507073848121769
1.2409181034125256,1.2843484441118567
1.9646842679037715,2.639400619649648
1.0,5.955855363440474
