alpha,s
0.9969772750576714,0.0
1.020378531361969,0.23847875505955907
1.0521108526310234,0.6623869329526494
1.2235700737847148,1.7225377277846525
2.2958638226676458,3.6780727721124893
1.0,5.994284436472615
