alpha,s
1.0987188174410731,0.0
1.0567169591269465,0.17135910739973967
1.1709088162904095,0.4540388914078973
1.1876615396719814,1.1231852891079794
1.7472082075800333,2.8534993852234845
1.0,5.944089842236199
