alpha,s
2.2713549026266433,0.0
1.0134897670687002,0.00846689720406942
0.9156353027072679,0.11011873196605024
0.8090815060195857,0.5994333258071325
0.13979622740221323,2.5652984849482645
1.0,5.998669643128952
