alpha,s
1.1226916738600405,0.0
0.9460468582747301,0.34508095904782726
0.7440870596617194,1.2986490108835171
0.04366292344700217,2.776500006764602
0.0,4.347473318587056
1.0,5.995685308955363
