alpha,s
4.280970953515341,0.0
2.0452104141862195,0.007993989361002922
1.0252757212694261,0.08473153978013394
0.6791669851695898,0.6115471553768167
0.0,2.8288978758470433
1.0,5.993829260232121
