alpha,s
0.35024069091680443,0.0
0.20068741393712058,0.35875444481647184
0.10624399513353153,1.462533923668929
0.030695064043280505,2.8348523799587704
0.0,4.425073397371134
1.0,5.996911310495428
