alpha,s
1.2624465733103145,0.0
1.137286179253639,0.05678498608221337
1.2210745658624926,0.22549403753776381
0.9032284123557784,0.6278893631011458
0.8393738433559093,2.5675483263658214
1.0,5.9676103616793
