alpha,s
1.1327686224808873,0.0
1.1464570104701233,0.1088037699234285
1.097743962620696,0.3164461752889045
1.123483530866404,0.8671293643647774
1.715627950546998,2.6436419279367587
1.0,5.988171623145732
