alpha,s
0.6111465204740277,0.0
0.6076363156394871,0.10225242260348674
0.7367958116194679,0.316885670209683
1.2954014357043513,0.9095824514269192
1.3945264200479859,2.414900888153955
1.0,5.97848276469192
