alpha,s
1.455754049726712,0.0
1.4430793760035607,0.3985816850876291
1.022418138025944,1.2666724557437694
1.0297070480063886,2.602249400410982
1.2937705863997908,4.337290724071803
1.0,5.997243395425193
