alpha,s
1.1564697464404108,0.0
1.2218455269172905,0.10741885099258239
1.1073076273219822,0.3062322066809659
1.214665238696189,0.8335151604984178
2.0228123167527143,2.7108178216152656
1.0,5.997162781863061
