alpha,s
1.1250415115854644,0.0
1.038628425988865,0.14767758569523745
1.1961805381926618,0.4052678945397998
1.083874252401051,0.8805764425079821
0.7767814026731703,2.5511390375774132
1.0,5.936617197912036
