alpha,s
2.317390958098513,0.0
1.5733053762230322,0.01086562171179892
1.2362772282164953,0.10700300829471943
1.1056029074581697,0.7566586920793057
1.2443778341077039,3.090710067171285
1.0,5.995579719309489
