alpha,s
1.0187488272510004,0.0
0.6650127679257922,0.3937898911363027
0.3797467417338605,1.3399359357712353
0.19308269471689501,2.6881782131304086
0.0,4.408499647542152
1.0,5.999738731357694
