alpha,s
1.1227921868765816,0.0
1.1147297986166296,0.15436997833799304
1.1596589011745306,0.4185162028776733
1.04575840393465,0.9805560994256343
0.8213927741893299,2.7425496060499013
1.0,5.999383127084972
