alpha,s
1.1472476382888939,0.0
0.975718031668319,0.18072963056170294
0.8401106886231308,0.5246540413686157
1.086732676090238,1.2776129078288392
1.2262531673489945,3.03236276089093
1.0,5.9877399378952205
