alpha,s
1.042697725531195,0.0
1.0356627338018303,0.10010247135387763
1.1244251169979873,0.2893185937672352
1.1305793148076388,0.7621477217612636
1.8259845413209153,2.517240084788697
1.0,5.981305702240665
