alpha,s
0.3544919494956537,0.0
0.4924073279340133,0.10010247135387763
0.7389402497640167,0.2893185937672352
0.969704544239861,0.7621477217612636
1.7273806881654825,2.517240084788697
1.0,5.981305702240665
