alpha,s
0.9938384050363779,0.0
0.94651869346963,0.2852591800113947
1.0261066818974682,0.7044858492787408
0.9934536235441284,1.3705041522166337
1.2559329572075553,2.9122928718097025
1.0,5.99922031848068
