alpha,s
0.729265250058821,0.0
0.6102497565470019,0.4614936349249419
0.311205935045437,1.4508733552104156
0.09027746674612669,2.8166367053959602
0.14182632156650685,4.422548152725717
1.0,5.998401053208826
