alpha,s
0.5017310417967227,0.0
0.6851566672467552,0.1155317013533095
1.1014985731440636,0.3517911673184987
1.251781060833279,0.9010624442778649
111.78733421496084,2.840389850953872
1.0,5.989032960454418
