alpha,s
1.4322899840282641,0.0
1.2650696506563088,0.06651783268883847
1.1380533671762634,0.2313619262538484
1.1523744547090442,0.7600847343032253
1.3367831384969635,2.6496654934341826
1.0,5.997138648839826
