alpha,s
0.9729102447415562,0.0
1.1151332310042161,0.15753508290927806
0.9986659103748177,0.38815221002246203
0.8838274694449074,0.9701411311320638
0.3644950639196632,2.7012783621830643
1.0,5.982517773254014
