alpha,s
1.2706184557286764,0.0
0.9839640894851236,0.4556178297987586
1.124810787101784,1.413989851177464
0.7336741653377759,2.881023493281567
2.1817367792243405,4.421005198910371
1.0,5.996327381913259
