alpha,s
0.9581105695213126,0.0
0.8493189213316306,0.4556178297987586
0.9727595847463919,1.413989851177464
0.5714934745950545,2.881023493281567
1.7709146666848954,4.421005198910371
1.0,5.996327381913259
