alpha,s
1.1551380335796482,0.0
1.0295702672720957,0.3901889599297882
0.7634520847888723,1.396674688289929
0.6151756429341759,2.8593182362496763
0.0,4.440201865405048
1.0,5.999532296973925
