alpha,s
0.9012097109988021,0.0
0.9001366759077741,0.2124652826629093
0.9689209175405515,0.540996033722997
1.0017059710389589,1.1398372842504128
1.7881559836023089,2.878680583614026
1.0,5.992061366057204
