alpha,s
1.179376421460125,0.0
1.288033813267274,0.012381402481561301
1.0595729521770472,0.07172640409308945
0.6055998048475912,0.5260298085226081
0.0,2.541180839637085
1.0,5.989942387988588
