alpha,s
1.1830273268859006,0.0
1.072697106802422,0.11273797784849504
1.2020761953328538,0.3430111581709411
0.8972036449244363,0.8530944627115098
1.1026284419837709,2.833784634272934
1.0,5.939995965472971
