alpha,s
0.4514522505344581,0.0
0.5630214558528109,0.11273797784849504
0.8408391375994722,0.3430111581709411
0.7975689759073832,0.8530944627115098
1.0678387355253804,2.833784634272934
1.0,5.939995965472971
