alpha,s
1.0954717335533042,0.0
1.0221244346109744,0.15463165841767032
1.00840481434177,0.41951204118218727
0.9398843689924965,0.9909131524826587
1.1324424926109933,2.8350690572868147
1.0,5.996517255955758
