alpha,s
1.0124156940472395,0.0
1.3384667039944453,0.19056724595511937
1.0881876677760487,0.4274246591785376
1.4245967371251997,1.0019790491922869
1.278291792662045,2.58526848906803
1.0,5.97778637354126
