alpha,s
1.192889028648886,0.0
1.2578471061973628,0.43085612319219674
1.0695784059166078,1.3675482573935525
2.0838216858763694,2.754818679416483
0.0,4.3857806364798915
1.0,5.996535769456475
