alpha,s
1.1159090236951623,0.0
1.0488882105405826,0.06530624746330994
0.9437118651214932,0.2228088510092439
1.3962269135012395,0.7488484407550378
0.14756732472518513,2.5340236516749606
1.0,5.973047778198707
