alpha,s
1.8186958083922016,0.0
1.0798455553390893,0.06287121483668008
0.9055624822271073,0.4884905662786853
0.8096729887178657,1.7391901082644787
0.5570663327442683,3.892504924500709
1.0,5.999463893498403
