alpha,s
1.5359826998361197,0.0
1.12786556846373,0.4358691039267269
1.739237135261435,1.5238922585813686
0.0,2.9800959262358533
0.0,4.372588949501164
1.0,5.982966014651257
