alpha,s
1.051479264482524,0.0
1.0638038714118987,0.16088794899591088
0.929699173540698,0.43264814066050555
1.0452079379461447,1.0854200371744247
1.0093700177406346,2.8099497201554664
1.0,5.996579292183075
