alpha,s
0.40350212551350445,0.0
0.6830871237242241,0.11202930832169095
0.9110761321380938,0.3000133164375848
0.9419306514985124,0.8159754026895492
1.1460717275410326,2.93665103431539
1.0,5.975855971046856
