alpha,s
1.1455018633127718,0.0
0.9858997315843958,0.17156785779441336
0.8843752009982703,0.46084893094095464
0.9807623279040952,1.0732643954730525
1.175226712811206,2.7013164588354277
1.0,5.985475989427787
