alpha,s
0.8026380230078313,0.0
1.0850336464418096,0.18753613563010416
0.9892966992119323,0.4294148511816492
0.907739271608823,0.9408895951885122
1.0404072668122846,2.5214278398331555
1.0,5.990295899265533
