alpha,s
0.3336969626677552,0.0
0.5032454907993652,0.12134678528038562
0.675438001188429,0.35674711584889796
0.7176749360313772,0.9120993699384922
0.5225988766562393,2.9388237201549363
1.0,5.998224785514744
