alpha,s
0.9969161927052359,0.0
1.0071677684207088,0.12134678528038562
0.9986871230780852,0.35674711584889796
0.8603673942885873,0.9120993699384922
0.6208610125982567,2.9388237201549363
1.0,5.998224785514744
