alpha,s
2.98439890886922,0.0
1.554668542066991,0.006833134705984302
1.128252656250743,0.0758009894536063
1.1112078936899206,0.4814748479563261
3.7675015479916776,2.2381037421593732
1.0,5.997550718452676
