alpha,s
1.42946199767422,0.0
1.0348176717859898,0.4262123859549162
1.2531944306286391,1.4541350151609103
4.3008840007559455,2.7796977856790397
0.0,4.4077586477861
1.0,5.998492125722306
