alpha,s
0.45398946149550246,0.0
0.573381928052608,0.1024616644879244
0.7610699755199521,0.32167348907976845
0.9177243647721972,0.8846445966938103
0.9469053220825161,2.9138876018598787
1.0,5.998691535923958
