alpha,s
1.3678150829771598,0.0
1.1996069314637827,0.1024616644879244
1.1764288016708817,0.32167348907976845
1.1193661422000543,0.8846445966938103
1.1423673273610462,2.9138876018598787
1.0,5.998691535923958
