alpha,s
1.088888107023754,0.0
0.8676115726341498,0.4202344512759877
1.2131246600133654,1.4647003083776589
0.0,2.879474022440624
1.3707676242355682,4.5329200292477045
1.0,5.998172465532409
