alpha,s
0.933086495830204,0.0
0.5240006874166505,0.3963045883863111
0.09339280066907583,1.4407084127455194
0.0,2.9168359338313636
0.0,4.471555748741027
1.0,5.997816439451452
