alpha,s
1.237282143566809,0.0
1.0319258900399138,0.06306327715280755
1.1621976166674302,0.2536779242266536
0.8688224154413288,0.8007063773992199
0.23117118590724584,2.918065383380095
1.0,5.972760447344882
