alpha,s
1.0578710281086319,0.0
1.0298030342997617,0.2534844382176611
1.0049552379978701,0.700264506098734
1.273993413231897,1.7514194735319484
4.580512443221677,3.493810933607745
1.0,5.963197218427204
