alpha,s
1.327664171184663,0.0
1.0416809611733453,0.3947241630705377
0.5244783748339181,1.4809875322038781
0.27706489796724476,2.8315746776617177
3.841462440728039,4.554878699150144
1.0,5.988483325139276
