alpha,s
1.0760660316157902,0.0
0.9928238915109985,0.24640790436932805
1.050294529690613,0.7115612850087296
0.9873205193847748,1.704225173529363
1.0947640478093599,3.616258387567888
1.0,5.993568372346906
