alpha,s
1.210189561004396,0.0
0.9466648710948652,0.16206172139568276
1.2955686275029066,0.45322510427997326
1.0804956981411857,0.950425369393252
0.9467241895339285,2.7042080658990346
1.0,5.990085140466583
