alpha,s
1.390121429336815,0.0
1.4752707185585139,0.0721311509518166
0.9990805690105792,0.2161795532445948
1.0867752178935106,0.8063022828782683
3.036416357080416,2.9611991047845843
1.0,5.997103315053291
