alpha,s
1.0333430130734735,0.0
0.9328630696699967,0.2865798291395332
0.9599737359080721,0.7418908719124296
1.140753501441389,1.4170359098162135
1.032956392132719,3.0508402217080213
1.0,5.968207395276026
