alpha,s
1.788948019824136,0.0
1.2634070312108494,0.009503116130080341
0.8730856023286465,0.09790142482007078
0.8788631695296121,0.6532503227815549
1.6689451610304027,2.6748871065991233
1.0,5.958985330581656
