alpha,s
1.5158014031168214,0.0
1.1312165940848091,0.42379348733877903
1.099443197235312,1.386298491013424
1.4689608197184572,2.6977793735872737
0.0,4.387469695459658
1.0,5.999415315832808
