alpha,s
1.0521659837824286,0.0
1.1290051687956169,0.1911109464847688
1.0301393747736345,0.49642045952033836
0.9194079376962201,1.153637326750952
1.5090237713172112,3.033067222305944
1.0,5.995511378011148
