alpha,s
1.132933593545682,0.0
1.0558468855934986,0.2182367770438686
0.9976097363272085,0.6370915297513532
1.2721254737275534,1.628824395460379
2.201881951630601,3.5347490864097804
1.0,5.999159156173657
