alpha,s
1.4336507000417884,0.0
0.9895602466363895,0.46873624702738476
0.6505338220900879,1.5169143142667636
0.5670084994734981,2.919266556260429
0.0,4.424021157882281
1.0,5.994587167126381
