alpha,s
1.1965159778077814,0.0
1.5097620895655244,0.4091057687556579
1.2897890503655853,1.1760312121388155
35.985355435104644,2.5717998012872765
0.0,4.31712983441032
1.0,5.992398151712648
