alpha,s
1.0324427381160068,0.0
1.066037550712492,0.18990346779870984
1.0232446201704901,0.49003506235390737
1.0122707330268401,1.1465355533909352
1.2169303172199393,2.844883808105615
1.0,5.996372921012617
