alpha,s
1.496426942002998,0.0
1.3537045138260844,0.4410141401401434
0.8451431006321536,1.424025667376714
2.2867410603321465,2.8046780477158295
0.0,4.472932537357642
1.0,5.992383804064423
