alpha,s
0.9859761119938251,0.0
0.7440095201787372,0.45721767612638525
0.5193176733539858,1.457985554693955
0.18267906721061275,2.8910509389285273
0.10945624669821244,4.422697337260734
1.0,5.998933886966203
