alpha,s
2.5267916727273807,0.0
1.620957792839858,0.007954997811015734
1.202322047694121,0.09152787578506806
1.2022097771430096,0.595252444777206
0.7335152213222711,2.618931102789954
1.0,5.993507085118891
