alpha,s
1.705328852782179,0.0
0.8995522261985668,0.011117329768095662
0.8581676056774833,0.1403144741492129
0.6122827585341867,0.7533718083410271
0.35787296983680184,2.904812360915945
1.0,5.996930456895962
