alpha,s
1.1866093516111635,0.0
1.2506688065105331,0.16961503911106515
1.3620290478605437,0.4231469631898087
0.9794667743520863,0.959184210860396
0.8164240414748072,2.8916267460588214
1.0,5.936103898125847
