alpha,s
1.1330490092286631,0.0
1.0901934502063166,0.22720574718347739
0.9856000353690862,0.6719113208552716
0.9444498703221096,1.707741787424566
2.7238446981631115,3.5637788378326576
1.0,5.999636270865477
