alpha,s
1.298381081320122,0.0
1.0591260660713284,0.4210975924746691
1.2564466375730685,1.3746924080986966
1.3982678127440187,2.791125251552169
0.0,4.295620004303704
1.0,5.982960137035127
