alpha,s
1.7326007900973117,0.0
1.3510716355049435,0.0157001078908231
1.317990392318711,0.1308792228254344
1.0625853449127094,0.7624513299701802
0.5903802203294309,2.895656885718469
1.0,5.976275783477646
