alpha,s
1.0237105092573728,0.0
0.9288118514312158,0.16938750712651762
0.970467426830959,0.45999724047138046
1.0567380838022742,1.0813672753882906
0.07554889038407088,2.816441545498484
1.0,5.975708187550331
