alpha,s
2.7701683653692326,0.0
2.000545061228181,0.00843414584455044
1.3519340810450367,0.07313918162200259
1.304842535741113,0.532758735660554
1.3560251058694055,2.654671982268412
1.0,5.994418652957101
