alpha,s
1.1883004400959538,0.0
1.1711494761665657,0.07725109234769213
1.1175050150802444,0.2601749088258282
1.2456236315482552,0.8826665270695437
2.622532797113596,2.7196193855579183
1.0,5.960225482589962
