alpha,s
1.1499729654941364,0.0
1.105269336153101,0.1608137920598635
1.1245258743218136,0.4368383200941553
1.1716672013465517,1.0659088086917725
1.5151257940977347,2.7607519673918737
1.0,5.99355915832527
