alpha,s
1.0365454212655327,0.0
1.0076193723451736,0.2819246722573001
1.1108086800346921,0.6893651866386519
0.9623377329486412,1.3517436823179894
0.8136725426569855,3.000783117525313
1.0,5.995791644574254
