alpha,s
0.8804328375997478,0.0
0.5211943753103307,0.039881938022446224
0.45075836296501604,0.3689428387435295
0.23001287550032135,1.4838757948255805
0.07566649723254829,3.446939849481859
1.0,5.999831240325129
