alpha,s
2.7433930750901996,0.0
1.226520784006121,0.0033370795352726606
0.8470523503446423,0.03910690096052578
0.8240689470243547,0.1712492589295999
0.7969068036948381,0.5230872062741881
1.0,4.3027834174345765
