alpha,s
1.0322501020637453,0.0
0.6135611181197786,0.4058182900587314
0.1933067329521315,1.2536785932820325
0.1532452210104239,2.633963754373894
0.0,4.17121686170576
1.0,5.966181522356646
