alpha,s
1.1300979212358249,0.0
1.1182905126097595,0.1696177680507811
1.0429461591559246,0.4500042768061976
1.0031338252461646,1.025209669398107
1.3418367011244128,2.687484719315676
1.0,5.992709092586988
