alpha,s
1.0778797684775396,0.0
1.1579349134300814,0.1588305260303248
1.0188846835849634,0.4042438684891498
1.0247282032857976,1.0014987940426772
1.4447128724153269,2.837586055866119
1.0,5.996510606541969
