alpha,s
1.5601736374445192,0.0
0.8322185541649414,0.045564603803753476
0.7794757703198646,0.4420914528684174
1.0845079629827623,1.6333581027173443
4.665913763498408,3.721966764377216
1.0,5.993309889955962
