alpha,s
1.0606297369737874,0.0
0.9625384188803234,0.17964035667124437
0.9962416125986805,0.4922444533765198
0.7732142887105448,1.0994232547949745
0.39748391044269044,2.804083591618495
1.0,5.996255067428788
