alpha,s
1.1828273229085007,0.0
1.2868597756163782,0.20769097900077044
1.373766029352267,0.4962087958989259
1.2386349405133097,1.0321719898076176
2.617407918456753,2.6856524465898017
1.0,5.995853397669633
