alpha,s
1.0927433943591358,0.0
1.1006784031822936,0.1825162465890998
0.998668353691042,0.4615837191142097
1.1016705349630989,1.1741186147053404
0.4039557051781667,2.804097682268899
1.0,5.959278771291053
