alpha,s
1.0146204423089575,0.0
0.9969191662707753,0.44982393248387176
0.7958981361329546,1.3412176685068082
0.23073539808580665,2.7074907960390115
0.1717407479816997,4.35908407912578
1.0,5.99976469665584
