alpha,s
0.9857800632244661,0.0
0.9421698599088695,0.24634559174397855
0.8508924295011085,0.6968680636439494
0.9760500034595453,1.6841528707942857
2.4186745408610557,3.569427068367635
1.0,5.99297573127642
