alpha,s
1.1144934348918314,0.0
1.2284181015505748,0.2574732009557367
1.6550844401797342,0.6400050482101267
1.5070979598914018,1.1822571871999343
1.15941070760422,2.791702183313442
1.0,5.954573960170442
