alpha,s
0.950558333064519,0.0
1.083046079545494,0.19424063435324154
1.1894155095325298,0.5031553276060736
0.9967006045741338,1.1317271380069855
2.7062495098802466,3.1477081233282718
1.0,5.9370921872294
