alpha,s
1.0878567540122484,0.0
1.0086092038699495,0.2612584961773639
1.0174871539433583,0.6710460416148826
1.0244026047121857,1.3943570517330708
1.5612230352546819,2.9539857190572216
1.0,5.996175531731937
