alpha,s
3.1558261721264946,0.0
1.690133968042247,0.008356543946244348
1.205956550467201,0.07923726700343604
1.139004781918708,0.5735254950993731
0.8849457199409354,2.5604667732036632
1.0,5.996635365457239
