alpha,s
2.529150818102908,0.0
1.4594437991547495,0.008558881068510823
1.1552506882424178,0.09434875357002151
0.9236067566354064,0.6151135351269615
1.2271784665055137,2.792501075366511
1.0,5.988187093532067
