alpha,s
1.0607887092795139,0.0
0.9589626976643401,0.1566437584397884
1.0466290908055051,0.44211416266285924
1.0223817655544123,1.0059755659747047
0.950793362063242,2.7678895473577914
1.0,5.996040389843234
