alpha,s
1.0853703294439345,0.0
0.8637657505137499,0.20342124055615984
0.8813035808992723,0.5868324230238597
1.077805519254466,1.4545909183513832
0.0,3.616135450156609
1.0,5.927385599677244
