alpha,s
5.634249182650115,0.0
1.7740962646849436,0.004591198092164001
1.119817288473823,0.04575438741153462
1.1697166242783503,0.18439169888087492
1.054548324897435,0.49366663494597923
1.0,3.894964920532213
