alpha,s
1.0344148364530112,0.0
0.8973497488342306,0.19764534810342407
1.0662188708287719,0.5603332763028522
1.0484672992670099,1.2014308115421806
0.8978710806036557,2.780453229973553
1.0,5.961058664683423
