alpha,s
2.876980352129696,0.0
1.5392418576857658,0.008138882001288143
0.9953689938681544,0.08707177752751011
0.6833861998506029,0.6414518575872613
1.4277076805590445,3.0132231838786696
1.0,5.998462877519512
