alpha,s
0.39367006075253697,0.0
0.18126780134447223,0.37812347753847786
0.07677546123280851,1.3678717805637841
0.018575143493089284,2.8579517316189817
0.0,4.426528524115194
1.0,5.995199644193653
