alpha,s
0.6807613948630876,0.0
0.3974320644395587,0.40042443599748856
0.1563202758743492,1.430316714367484
0.056176053548571775,2.929403248621605
0.04744607813960815,4.498987268311427
1.0,5.988568484789531
