alpha,s
0.3809173785445108,0.0
0.2167168885567092,0.41987983353706454
0.0742199094927222,1.521850516374309
0.018653622933059503,2.9860930114711364
0.011505822949148719,4.506341558610884
1.0,5.99677485905554
