alpha,s
1.082123434569291,0.0
1.0475463868991992,0.23502013791934004
1.1314824424393717,0.6781641679129824
1.115753504045789,1.7064217117836955
2.8442466318562407,3.699690446588803
1.0,5.996636580602852
