alpha,s
3.91965975107978,0.0
1.4356087304982632,0.00479073771157952
1.0788175417693173,0.04633468377085022
0.9633035018607413,0.17313406779367213
1.0458964021664106,0.5305453465987925
1.0,4.651613235745862
