alpha,s
1.0107642759574456,0.0
1.1101927644732745,0.1911661977192724
1.0627693012909198,0.4629708040946708
0.8911534204519601,1.0826952588825265
0.40821671522747977,2.9756851346938524
1.0,5.95769380749011
