alpha,s
1.0413494114542607,0.0
1.0619946963499867,0.2853282307092541
1.0324661142007874,0.6925949892907672
1.2007296824430334,1.3762840034352668
1.2976131893784544,3.018658666744506
1.0,5.9983552709516434
