alpha,s
0.4245643099427488,0.0
0.7108737941830096,0.11980360159341873
0.8207640692392916,0.3019601146310472
0.6902677791405873,0.8486763974292955
0.26348114160226915,2.415249899830345
1.0,5.925302758922073
