alpha,s
1.2273264921753806,0.0
0.9255677134596365,0.45594260747346593
0.9379133542241762,1.3696921624036489
0.31430190677273945,2.676212106622786
0.0,4.2621981320804245
1.0,5.995866814134256
