alpha,s
1.2361540940919782,0.0
1.2266882998451674,0.13587937243903148
1.0819030616810708,0.37157987418177124
1.1061542174096652,0.9513107260357873
0.9119358866293222,2.6639556328831855
1.0,5.998409371328228
