alpha,s
1.0163484485463947,0.0
0.9827389927915718,0.2381714393225659
1.163454366102254,0.6981824231418393
1.192396266806757,1.5965995574621619
1.846214047891718,3.493170718664682
1.0,5.999242852305267
