alpha,s
0.958700013642043,0.0
1.004388090357664,0.2962542367309684
0.9515838697902397,0.7229176611438167
1.0946073074231801,1.4435177631421032
0.6801556499171049,2.9123862096384485
1.0,5.985939492363388
