alpha,s
1.2166176439015237,0.0
1.1341576049459243,0.3572207824328929
0.926678931766077,1.3121218875590663
1.965243905252197,2.6461907935455735
0.0,4.335760441148651
1.0,5.981295286661737
