alpha,s
1.138732591242373,0.0
1.127961517747134,0.1795951888064281
1.2089651167503255,0.46099704309653916
1.1622651343487593,1.0579099975342756
0.8268186629754393,2.894801991139014
1.0,5.9865968630635065
