alpha,s
1.395213974633255,0.0
1.1315465858782205,0.09632691288693122
1.198174787649194,0.32182831413970536
1.1948888406832936,0.8912113280791928
2.399597621886902,2.8832399216999813
1.0,5.999273335035899
