alpha,s
1.0699964270938611,0.0
0.689426614398076,0.49387270476092815
0.12734622483527305,1.5134526448467431
0.32840562920036154,3.0259598169396114
0.0,4.550929828872221
1.0,5.9880168813849295
