alpha,s
3.6028003790884404,0.0
1.8496725422026141,0.008037630642138765
1.3971590632347841,0.09182473168031637
1.3206839365718872,0.58130828297985
3.4284073671159327,2.972721538282854
1.0,5.986806590082189
