alpha,s
1.5292518837560376,0.0
1.3817495395028205,0.3962697170982018
1.3967301293686019,1.3958510163651712
1.4811793779691396,2.8245082902939163
0.0,4.353443447178504
1.0,5.996160595314699
