alpha,s
1.3093773292979083,0.0
1.186815557632719,0.42106578272559897
0.865613174285173,1.3976012814723056
0.5677955317656811,2.882412276222515
0.0,4.333376493882767
1.0,5.992954349158224
