alpha,s
1.005530069157663,0.0
0.9811649928236599,0.2843501891301833
0.9629323917678686,0.683177900988544
1.027862883211725,1.3436477973378866
1.1334101988018115,2.8926435310804672
1.0,5.988325472055328
