alpha,s
1.1055324710741756,0.0
1.233297248959105,0.16178699587648915
0.9289425183857439,0.41256297466792613
0.9844430239415847,1.0261155930454349
0.2785489451811392,2.926910542431435
1.0,5.9949728562330815
