alpha,s
0.9768346141366845,0.0
1.20412697169143,0.19830668025922518
1.2485619453363324,0.5005262405784296
1.0096051722181494,1.0973827591978513
4.788847103278641,3.2189941040114274
1.0,5.977185276238647
