alpha,s
1.1110236456805433,0.0
1.0857906204160428,0.18056754551847345
1.0113027682104332,0.46153496097502017
1.2236373555806406,1.0676545678922562
2.2176964113845137,2.5393919227964594
1.0,5.996029676644021
