alpha,s
3.536313764409616,0.0
1.749597843751095,0.008888820209076224
1.2600242193406828,0.08649879284949681
1.2350976716673074,0.5992134128297397
0.9880000511929626,2.8820337603625528
1.0,5.996692381324129
