alpha,s
3.0615784132267385,0.0
1.6123284163073852,0.009375402374368862
1.2868111751995777,0.10192534308816341
0.7908359719418725,0.6047748190248625
1.9814304440540054,2.916562678916769
1.0,5.983013976274649
