alpha,s
1.1839441404213966,0.0
1.3659490799629976,0.44684925835894374
1.3399941485779325,1.4793294579925271
1.2930511074540134,2.905398754329165
0.0,4.343536384008141
1.0,5.994776336596495
