alpha,s
1.0661250997646856,0.0
1.0082293735509047,0.15133970145109563
0.977896175898301,0.405105697377836
0.8937302755410549,0.951938916779228
0.5632553784398854,2.6257749787832028
1.0,5.996358729639082
