alpha,s
1.19724137011918,0.0
0.9884319410355992,0.4595191582108261
0.9069493642475367,1.3966792691734204
0.8411391698009952,2.894621230563572
0.0,4.4445285564734895
1.0,5.999576587780702
