alpha,s
1.017091907986908,0.0
0.877864919493419,0.1754978660727797
0.9473083083073982,0.49166015710522487
1.0155416114885072,1.04538340525332
0.4661164975521656,2.6424610214925845
1.0,5.932994871763432
