alpha,s
1.007877089309218,0.0
1.0664934654391618,0.19661416721525185
1.1317371214819094,0.49660595372581806
1.061282654111578,1.114275753135262
1.7984626846970373,2.8750468739844464
1.0,5.993301936447951
