alpha,s
1.281083585825597,0.0
1.1543936285159468,0.4303449412617669
0.9873906407190391,1.3540160118822508
1.0123769161755463,2.8864579468925005
0.0,4.403672612063341
1.0,5.996388755403971
