alpha,s
0.3137024439783508,0.0
0.16282917543423206,0.40947725624506887
0.06396442215364002,1.507322062809998
0.025538391580833802,2.8571467993701303
0.008854313586395296,4.421112274307445
1.0,5.998343807001631
