alpha,s
1.2666247999079763,0.0
0.9721789237806144,0.4285623978519072
0.8492164572778387,1.4177596000696129
1.1162234451549937,3.0126490882574952
0.0,4.406399591965345
1.0,5.984258494925494
