alpha,s
0.9542932271988017,0.0
0.90959147461228,0.22192333096351535
1.1026480929921576,0.5484049881455156
0.9964546390181308,1.1476001028526144
1.0936551367959082,2.9593202317331375
1.0,5.987748377895629
