alpha,s
1.319621103730669,0.0
1.0608797441299809,0.3958195331643418
2.1837694818581177,1.313968943785159
2.287785385066948,2.9510392146350326
0.0,4.56587511028754
1.0,5.995892693453685
