alpha,s
0.9381197560873138,0.0
1.095475978902345,0.12202388573887274
1.228881469392611,0.33405418695745626
1.8116231542590389,0.9180956298700648
2.7481516209794394,2.7492535788012393
1.0,5.969681084293322
