alpha,s
0.9843723103569146,0.0
0.9646509559888411,0.29131434302482423
0.9992865192099305,0.7042032951910207
1.0249191669645625,1.4093451637338827
0.5926523301625723,3.040582907263819
1.0,5.999155876391253
