alpha,s
0.9397329258153047,0.0
0.950690178379763,0.2098926286255803
0.8512869808153503,0.534829323063387
0.9472735474636405,1.1797804534801575
1.018308504079609,2.845219135374728
1.0,5.988182013901392
