alpha,s
1.7765246323600294,0.0
1.2618097978883998,0.39535517053821473
1.1214281866420084,1.3845303348197116
2.3505006616147615,2.7560239867482026
0.0,4.373462224758511
1.0,5.996691367075434
