alpha,s
1.5659087855173799,0.0
1.156230393278475,0.39535517053821473
1.0361891979450741,1.3845303348197116
2.060774586223149,2.7560239867482026
0.0,4.373462224758511
1.0,5.996691367075434
