alpha,s
0.9281234688733457,0.0
0.9350712792742704,0.10515427600444656
0.9649210382593147,0.29921683964216295
0.727618022550864,0.8017711324757316
0.18981064676935716,2.5407453246253886
1.0,5.955717213651653
