alpha,s
1.0891855723413095,0.0
1.1605175295285102,0.2396344426000026
1.170247787928889,0.6904746093249402
0.8841796766692219,1.65575656991891
1.1914259981225381,3.6845589516309234
1.0,5.998593340216408
