alpha,s
1.1886639560278065,0.0
0.7652723402402122,0.36761562243084606
0.5071146968386773,1.3516914540476765
0.09363378768594852,2.813853434394452
0.0,4.421146818816692
1.0,5.998616056805086
