alpha,s
6.014548305282094,0.0
1.8103401856652366,0.05003371240819121
1.3023325862131856,0.37963651149492206
1.1468391479541498,1.5419294628594298
2.442354417249727,3.5635517086480832
1.0,5.996285478261939
