alpha,s
1.064578171938157,0.0
1.149731673577157,0.24887321834587528
1.088154098386429,0.6834918533052305
1.0389107795924202,1.6847197960515035
0.5874405928676922,3.717457219949776
1.0,5.997302770490689
