alpha,s
1.0499704874828049,0.0
1.0096426709695987,0.16977352488479167
0.8640512348344437,0.4405679939730983
0.9397061657277597,1.0454159794496285
0.623788243941757,2.576282635144938
1.0,5.947051622489807
