alpha,s
0.8964595001752828,0.0
0.9956425974871093,0.2504444484364378
1.0608053939292663,0.7022811227214246
1.056256856327606,1.5447675337961768
7.352960158635261,3.9149178846945207
1.0,5.959189313252796
