alpha,s
4.284099640999514,0.0
1.766269467404447,0.004622861330485742
1.2692128147196173,0.04285601978255842
1.095678207526156,0.15745404019258696
1.0300834543351913,0.4833784402049406
1.0,5.341311008571398
