alpha,s
1.410922146553564,0.0
1.4985968378499444,0.06327524847613339
1.4151984494789067,0.20261948566116658
1.213098753831989,0.7062063020638797
0.6711031234402416,2.7090577975646273
1.0,5.948525418869775
