alpha,s
0.8439940021281829,0.0
0.6039305707558095,0.4018781820076229
0.7669416709921761,1.355237290720652
0.1453312226754736,2.735825432765716
0.0,4.358441419240773
1.0,5.983932537235649
