alpha,s
1.114909583274061,0.0
1.181485296760277,0.2482180582185915
1.2152862412949967,0.6892860895984099
1.2358563538619165,1.7898014490766152
2.626959979562624,3.7150381450364436
1.0,5.99654925568343
