alpha,s
0.9388840421551591,0.0
0.9456456504275712,0.46495617962418184
0.7193307593727825,1.4534672425812687
1.2858407919650827,2.9342206064284695
7.810372033380995,4.37785581745657
1.0,5.99494678415193
