alpha,s
1.3441482007924417,0.0
1.115309911485982,0.46495617962418184
0.8167287693489454,1.4534672425812687
1.4149351150863327,2.9342206064284695
8.272338154514081,4.37785581745657
1.0,5.99494678415193
