alpha,s
1.4830149507659183,0.0
1.2479615067760124,0.4658715607695984
1.582769201297699,1.4954451308960084
1.019646407820251,3.002614623415559
0.0,4.45906878303215
1.0,5.99871228882661
