alpha,s
1.2813869937099904,0.0
1.2106536106334571,0.4658715607695984
1.578333834816159,1.4954451308960084
1.0377763397622501,3.002614623415559
0.0,4.45906878303215
1.0,5.99871228882661
