alpha,s
0.5928125898638262,0.0
0.33961621560375704,0.4501981006158214
0.2171357608198843,1.4122788193368068
0.0803880613597146,2.800562658401737
0.0,4.356511417142346
1.0,5.983440423949446
