alpha,s
1.0730852975903562,0.0
1.0298269945808658,0.17821872845303594
1.1580569052229701,0.4729627097345201
1.0492228451373062,1.0514695301004797
0.91019317268932,2.7432288711790664
1.0,5.9954932218051
