alpha,s
1.2183505231569784,0.0
1.1139593101091918,0.10870308097440966
1.130842925945577,0.32686392600312764
1.1553012396784839,0.8604989627458977
1.529921018409409,2.767516706630543
1.0,5.996972497627948
