alpha,s
1.1507314050820776,0.0
1.182699335262725,0.5145772737768994
0.9306962339029886,1.53420078596799
0.8251612031407936,2.8169407279770247
0.0,4.375519525028778
1.0,5.97389391455738
