alpha,s
1.4875920781035135,0.0
1.271772965695706,0.06120934033607407
1.0865576259787806,0.22842531198902
1.051649985091603,0.8069620372964271
1.3329167575625633,2.6533950709624885
1.0,5.994167814239032
