alpha,s
1.0508154951938313,0.0
0.73844908822802,0.3806607228431709
0.4423264055532563,1.4019934640850695
0.16924875458760422,2.8815832071274703
0.0,4.3306753220915235
1.0,5.999982755688297
