alpha,s
1.0092888295753444,0.0
1.0167761501090964,0.28674315086334184
0.9519805732074079,0.7033895434232277
1.1102001952484701,1.4013803696230116
1.1622329307848118,2.8457258633580538
1.0,5.998298462477475
