alpha,s
1.0615635666078826,0.0
0.9388900105838367,0.1691183520578069
1.008808429854317,0.48164541808621886
0.8054436599092316,1.0428641275334267
1.8167500205883924,2.823172657190884
1.0,5.987764727671424
