alpha,s
1.0327283016327022,0.0
0.8404298285930976,0.14777325120248885
0.9584132843366322,0.44572418852550455
1.38532180060792,0.9945273034967
1.554199793817485,2.4946875684423415
1.0,5.95276928073622
