alpha,s
1.0001438753518213,0.0
0.8672149711359614,0.445643054292189
1.0599289650207055,1.4447239460445742
0.5669062967326762,2.837117088922624
0.0,4.377167473804459
1.0,5.9986204545923085
