alpha,s
1.0563651889876253,0.0
1.1621436950534243,0.4512332881275252
1.2964961069521117,1.4896497109477695
11.25406934033685,2.848789554770956
0.0,4.490812134530433
1.0,5.9994282833572825
