alpha,s
1.3046374951323978,0.0
1.0521204047720134,0.49180168706516086
1.3988264044413092,1.5450640326989533
1.0542834121181264,3.0313427845484746
0.0,4.602303113585712
1.0,5.998648366880266
