alpha,s
1.285799660875284,0.0
1.0260785566775406,0.49180168706516086
1.3509680102437156,1.5450640326989533
0.9775723399837104,3.0313427845484746
0.0,4.602303113585712
1.0,5.998648366880266
