alpha,s
1.1287723006060126,0.0
0.8164023507876202,0.42109683638769446
1.0470549020936126,1.4252004775666836
1.6440085757847256,2.682288647144754
0.0,4.277069877256965
1.0,5.999049418105134
