alpha,s
1.0798893630106055,0.0
0.8403868347411926,0.11074790640119322
1.0056570376592178,0.3833453839492732
1.1821526510307607,1.0003742539958316
1.6895048605459184,2.775957738742313
1.0,5.844871368769155
