alpha,s
1.0411756765044813,0.0
0.9799483587437576,0.26808098887228915
0.9509015641526779,0.6512393918553723
0.8109721211627582,1.3550948360064201
0.8931924129195039,2.9551241965204134
1.0,5.984976314382855
