alpha,s
0.357318520116253,0.0
0.46009188973568915,0.10600042550544152
0.6699775699618711,0.33866885270559094
0.8451925571399324,0.9069503124252135
1.0312207854851188,2.7301893530256183
1.0,5.996530512087848
