alpha,s
0.9889573674556267,0.0
1.1239311680319375,0.1738898114365639
1.150931765432521,0.4323528643835911
1.1204279475421384,0.9163525530635401
1.1727674023913492,2.640843698540342
1.0,5.989124847318275
