alpha,s
1.532078891255837,0.0
1.050034236894043,0.3653537129258327
1.6509683135880306,1.321288204148688
77.43970786501684,2.911880388086374
0.0,4.427780523529663
1.0,5.984574948563355
