alpha,s
0.32640925748168553,0.0
0.5035757153432713,0.13164926814556804
0.8654511386449939,0.40587682996843144
1.6498123714165074,1.050019326560924
12.258481850843856,2.655245872657562
1.0,5.997152936143715
