alpha,s
0.3785800213112265,0.0
0.5212783102154085,0.10394535099196309
0.6915571325186821,0.30620394886494806
0.748937034846382,0.8134227278647893
0.7787240158413611,2.583916323434617
1.0,5.998244958396064
