alpha,s
0.680408658434161,0.0
0.26296618230970437,0.29881859873592365
0.18727162220976748,1.5090521722566506
0.03524710236409743,2.9869159060426664
0.0,4.627204203342004
1.0,5.999195098042657
