alpha,s
0.9903503020818855,0.0
0.9804972045944084,0.16289016153850663
1.0324607767736274,0.43147248012492295
1.0408802695808717,0.958612682852925
0.7807960534432927,2.7773174173827995
1.0,5.999985174019441
