alpha,s
1.2626431900957524,0.0
0.9981567320920955,0.4204667771027365
0.7658624830478017,1.452670080398464
0.29433211801621095,2.8540744743171365
0.2682409470079659,4.433783737783003
1.0,5.999419960277261
