alpha,s
0.9287457458888646,0.0
0.9135349782781026,0.2959881071242696
0.849708920698424,0.712612691711767
0.9167023298654332,1.460983595466782
0.5567473362855574,2.8947692814243373
1.0,5.997273160926091
