alpha,s
1.2970117247645654,0.0
0.9954258491643451,0.18337628194440275
0.8071275729367383,0.6342428809050001
1.2783022973687954,1.6986203320632152
0.0,3.727471634103911
1.0,5.991215529406942
