alpha,s
1.0600878472046873,0.0
1.0442259306691062,0.1802447880839489
1.0929169918123338,0.47509671553771954
1.0259631800146705,1.0422134622747923
0.8974925467701711,2.670979562825675
1.0,5.971157340279
