alpha,s
1.5643532369347775,0.0
1.2297564265878822,0.3822753773947714
1.691234372058788,1.4598895420549212
25.159679938089802,2.68994024441474
0.0,4.567339159368688
1.0,5.991667176366908
