alpha,s
1.1802818676947262,0.0
0.8402647154606622,0.35526054421488007
0.6368476967800598,1.3567943614041214
0.9574688106735072,2.7970769005397553
2.9708229103453365,4.340564775884484
1.0,5.99364371906265
