alpha,s
1.0445983516776984,0.0
1.0373786000902143,0.2312498401883402
0.9686603925145266,0.6622943667830232
1.0379370031975874,1.6630233722576924
1.048061970916157,3.5628517556971597
1.0,5.998525347690581
