alpha,s
1.303913358966527,0.0
1.0869839231700895,0.43998724488683316
0.7625296509908546,1.4016368595768056
1.1055872009228602,2.7607142248201284
0.0,4.384803759551246
1.0,5.9911295862304295
