alpha,s
1.0168834064517436,0.0
0.9824528876685957,0.19136377315252623
1.0622446100119134,0.4978476425806199
1.0791056433297554,1.05838159614694
1.3841663820319063,2.6898146801382663
1.0,5.987579622400436
