alpha,s
1.3185126478540146,0.0
1.1921078150377808,0.37363277186207056
1.1804170721183913,1.2686499705883991
0.0,2.86164291092259
0.0,4.5061199297987855
1.0,5.997937423669457
