alpha,s
1.3298893136794798,0.0
1.2983594541940908,0.18672043682636344
1.2074205273483982,0.4972748892240126
1.1350268008563102,1.1556071020943417
1.0698139621394398,3.082966636687033
1.0,5.973804382680995
