alpha,s
1.0517348979808707,0.0
1.0235736063897367,0.13164926814556804
1.2755934865048169,0.40587682996843144
1.9274912861534388,1.050019326560924
12.485515982217944,2.655245872657562
1.0,5.997152936143715
