alpha,s
1.0808284867199995,0.0
0.9984086481651595,0.4246105881446448
1.6316360279755107,1.3684234595339066
1.9614138927184088,2.873745116373998
0.0,4.4138486206496825
1.0,5.993541711782715
