alpha,s
1.2333153968727864,0.0
1.0112170147045016,0.4279193490062273
0.6062129587376626,1.4388014794732447
0.1485178985554092,2.8315235676602466
0.0,4.4907555139420445
1.0,5.994818186200613
