alpha,s
0.7645554601279746,0.0
0.4880899644079721,0.3549174969310126
0.28767395066127405,1.2545103497778278
0.09626611522619585,2.674083731836671
0.0,4.2919997116983515
1.0,5.9920188877606
