alpha,s
4.8387017647155375,0.0
2.212428255181583,0.010692187589806995
1.384181234492268,0.10378648514413481
1.7891006532221394,0.7265837028376574
0.0,3.008637966824871
1.0,5.97759906575277
