alpha,s
0.8729641832047088,0.0
0.6798821001248158,0.4100565575409445
0.47833226439805876,1.3873383631421499
0.07611419332503605,2.826473576598767
0.0,4.442377656385807
1.0,5.99612887605657
