alpha,s
1.024546034215142,0.0
0.9778189395845548,0.18188963458774018
0.9462606000186636,0.481810472824803
1.1471393681220527,1.082595650524849
0.9799610817077448,2.453988786045463
1.0,5.989979579526778
