alpha,s
0.7822747261878473,0.0
0.5885821815860923,0.04503846307733584
0.4319728580778566,0.3315125526618788
0.21752606215342077,1.149721236364193
0.04166394460183497,3.2239372898239598
1.0,5.980675749170582
