alpha,s
1.6024525140039014,0.0
1.3724490412491495,0.35854135907348833
1.8267494345318804,1.3326979391784723
4.048202516856199,2.6346387531851434
0.0,4.368737204341068
1.0,5.971937391090263
