alpha,s
0.9831422763358557,0.0
0.925490910510278,0.2933028535360866
1.0699181987673394,0.7406303617201748
1.0633538169293988,1.3805043186156942
1.1959561496620077,2.9431627360622103
1.0,5.999079556631246
