alpha,s
1.071816050097291,0.0
1.1206639312013957,0.1820371024175087
1.0919564375468969,0.4648348838600464
1.1308885770050863,1.0937741534109684
0.7612420241223877,2.6390246843344585
1.0,5.9962677602746
