alpha,s
1.1056686690227155,0.0
1.0380775821485715,0.1330684257717865
0.9149182453741909,0.5150546247621871
0.951206095162354,1.5526688116794967
1.5970109450296253,3.7149315977188797
1.0,5.9966645311404
