alpha,s
3.95399031931088,0.0
2.8106660353779547,0.00786898987825872
1.3073946399327065,0.056734009137352236
1.0367913993045146,0.4846659132279812
0.9358664461972951,2.4576919445264096
1.0,5.971874217907692
