alpha,s
0.8601222578584035,0.0
1.039904607293008,0.42885986339707716
0.9548049786044125,1.40689253505236
7.17880638956393,2.607651534556205
0.0,4.043104126346413
1.0,5.97941096767689
