alpha,s
0.8472383172946484,0.0
1.2226806231846679,0.21597888360908665
1.172008918754073,0.48798405927875144
1.1514090192064756,1.0310509040004683
1.5692197611645347,2.69872887690853
1.0,5.925406394167535
