alpha,s
1.1816455846141523,0.0
1.113430703845755,0.10249317615836788
1.1172516123535157,0.31694839985183665
0.9529272287277057,0.8225337529423565
1.5493651308470575,2.6000813820546687
1.0,5.995530490619378
