alpha,s
1.3153741350508947,0.0
1.1403221116979496,0.14299789650276526
1.375062840704385,0.4393718085121719
1.1722022842253565,1.002872980131172
4.719964192734187,2.6335272302485184
1.0,5.9625492985853
