alpha,s
1.0643534047603316,0.0
1.0955294623040526,0.18762884503188584
1.0684699315180703,0.4923966452954685
1.0941330634701856,1.155576974154679
0.6536090021238139,2.8781731333354803
1.0,5.989285191599356
