alpha,s
1.5644272565086796,0.0
1.559477711200251,0.0820277747384715
1.2057872198661552,0.25572291903688693
1.166834553231255,0.9441716460497234
4.011996056246495,2.9943457467170553
1.0,5.951371043183283
