alpha,s
1.055963392874398,0.0
0.9583364236457061,0.28483170932790397
1.037996095577195,0.7034281038900441
1.04688009093933,1.4026682860713873
1.6219263253950789,2.964211757188414
1.0,5.9961851060896
