alpha,s
1.794811287581963,0.0
1.2272688113273764,0.035046808139513955
1.0492344294273739,0.33657074924481645
0.6616817728807631,1.3674589771220946
0.5778247799865337,3.543095118243701
1.0,5.995281101173813
