alpha,s
2.644993524125982,0.0
1.9095105419954477,0.005044563475575561
1.384248706874249,0.03230304762969874
1.104322436312302,0.12483986777067495
0.9460902219305104,0.4260138354101755
1.0,4.557086459205668
