alpha,s
1.3555931906290297,0.0
1.3333290137012375,0.388908961524272
0.9574426013861608,1.4393700112932968
0.0,2.9149349158710494
0.0,4.251644808331657
1.0,5.983143870763744
