alpha,s
1.110167123734621,0.0
1.031085156600444,0.19081409359152263
1.0751242240178152,0.5141792561468673
1.068474216648809,1.1272715764576107
12.623883384423191,3.017136145955743
1.0,5.979672406482721
