alpha,s
1.16314642025527,0.0
1.0769175349297802,0.06409290629125125
1.1953672643334008,0.21810270918057614
0.9613414068105679,0.646608672362315
1.355825549154592,2.7262323897771177
1.0,5.997471596783803
