alpha,s
0.9188107674831534,0.0
0.8088696361075626,0.4209076332197513
0.4340520540045809,1.3898066346363138
0.2104139280962482,2.809558865683078
0.19408982326183222,4.392517973863475
1.0,5.993515204528347
