alpha,s
1.1718164706619008,0.0
1.2542100426183302,0.06728363136697287
1.3038320296002537,0.2257632509818255
0.8757403445119992,0.6910936425192965
1.1686814819098092,2.821656132468728
1.0,5.959562289215191
