alpha,s
1.1208612804957667,0.0
1.1646599353309777,0.25203328170215816
1.052029516998488,0.7178859865899043
1.0967889376285958,1.8302579849764344
3.046239476894372,3.832510236563844
1.0,5.999456506175637
