alpha,s
0.869856112292718,0.0
0.6574257374239099,0.4728131802626346
0.5369217909515717,1.4553983359887133
0.2876011132308518,2.8901648209070276
0.6976591777296426,4.419958499348078
1.0,5.99832584154035
