alpha,s
1.1733485003953477,0.0
1.2043466099231213,0.15070311025074196
1.1253299333534643,0.40869076428549117
0.9659055723715112,0.9785269856210391
1.2079315240067392,2.8457507557755135
1.0,5.995811294253039
