alpha,s
1.1820249170143744,0.0
1.02252849230707,0.19170864094933782
1.175674480128517,0.5277830639512929
1.2859209394737332,1.1286074702937403
18.46455809703534,2.9838150063832516
1.0,5.982194119879667
