alpha,s
1.23807457886493,0.0
0.7650031839475956,0.3088131439098745
3.4344387704242196,1.37752442790005
0.0,2.8684902993427
0.0,4.210529457682936
1.0,5.9913110371053735
