alpha,s
1.0754795131347863,0.0
0.8845518670706835,0.2664069258366443
0.9689898181483887,0.7134344611629928
1.1711851513946334,1.3582184371891004
1.564680521951163,2.526652817865687
1.0,5.962846094816122
