alpha,s
1.2458880220071022,0.0
1.5027377520325422,0.504422929454324
0.67751611058917,1.3697153948980498
10.932695940477858,2.842301549444277
0.0,4.351357652623039
1.0,5.959828939584633
