alpha,s
1.0115385989112182,0.0
0.9726788709262546,0.18435687198675146
1.0060415682066064,0.4863228368286721
0.9314369972802883,1.0450068954337
0.944538519118144,2.699664567057703
1.0,5.989782046377629
