alpha,s
1.2413505808479475,0.0
1.021532187282324,0.5084495917542212
1.1691124655286846,1.4099677112200815
3.8299861900839014,2.747102696745042
0.0,4.397362232999116
1.0,5.999999576380688
