alpha,s
1.6056014794807505,0.0
1.6506665836369019,0.44021791100263863
0.9663311645994017,1.5334703192706292
1.2166911716890962,3.0850341466862448
0.0,4.296465547953809
1.0,5.985823754098603
