alpha,s
1.1143094905646007,0.0
1.0402978664848561,0.17976019568093757
1.176467642285675,0.49100469414279485
1.1525601768692788,1.0824616262402595
1.8815723173882348,2.7814147404063556
1.0,5.99632218463503
