alpha,s
1.4094868519939143,0.0
1.0352228653529572,0.47670853791905193
0.7859159736500578,1.6355141162040985
1.8441195334054175,2.8535628260667285
0.0,4.350745375693297
1.0,5.98653759821761
