alpha,s
1.0488716099123672,0.0
0.9993778176358803,0.2744770883701899
1.0050301880723989,0.6736627645930939
1.1100889325994505,1.3493013228588706
1.434362205554545,2.954346754702931
1.0,5.999073956136456
