alpha,s
1.3241857797559455,0.0
1.1388698494654785,0.06158656762637681
1.026172383560532,0.22684881167623008
1.0592136394647242,0.7546219124760319
1.0471022622586017,2.903078832719223
1.0,5.999852855819157
