alpha,s
1.3026758591919767,0.0
0.9826847788343586,0.42911467576550144
1.2302371136457386,1.4286402793886008
0.9779645387033514,2.9194893496773493
1.3884146046713013,4.378859564983809
1.0,5.998546788531955
