alpha,s
1.32928602863815,0.0
1.1182811209819348,0.10746989464476059
0.9925360219113639,0.3585710443956941
1.0180439180019067,1.002691707033872
0.424142831000559,2.933893812113945
1.0,5.983120641027741
