alpha,s
1.105300109196989,0.0
1.1635314007921338,0.24830024627817313
0.8913310843964114,0.6499809694991062
1.0924906055344628,1.792074030694963
2.4252861494176168,3.916399005454486
1.0,5.971777633011446
