alpha,s
3.068280273549198,0.0
1.4907838267427098,0.007523980585250062
1.2211422956267535,0.09144297420170516
0.9949073155400361,0.5687671398584437
0.8739343443959384,2.7239311268349544
1.0,5.996831318957137
