alpha,s
1.2522583755322179,0.0
0.976168486299989,0.05782074388938953
0.7601327189749859,0.3959500225905368
0.36300191284865263,1.539052017361142
0.1069921070708385,3.5871172237405116
1.0,5.995767898940294
