alpha,s
1.1133416224539276,0.0
1.1399064154263128,0.24608228985569539
1.1233875144397405,0.7052352856900401
1.3054370005317089,1.7726753521594865
14.288624536654693,3.894452107801089
1.0,5.9960327905228255
