alpha,s
1.1875402021461716,0.0
1.1484102336334479,0.1668099278904004
1.0331429650925352,0.4496534099005041
1.1118254077302372,1.094635584194118
1.5108578289799246,2.9151499492363606
1.0,5.982766609307509
