alpha,s
0.8923327083787548,0.0
0.6245518969809383,0.44146866555288417
0.3187202046574161,1.4455108718596288
0.10719540326941476,2.826438537691461
0.056948304502156155,4.404173376760424
1.0,5.999195526900522
