alpha,s
0.9921480817738264,0.0
0.931089065576852,0.187759326228399
1.0058001577084417,0.49747402084823944
1.080770134846098,1.1002399661431697
1.3851225100519962,2.741812763133459
1.0,5.991012450752296
