alpha,s
1.431966453038567,0.0
1.1585643348953558,0.06507864002122216
0.9681796928239691,0.40668793912613477
1.4684267269717322,1.5451109458065366
0.0,3.8216389494781158
1.0,5.987537389430416
