alpha,s
0.9802120450952192,0.0
1.0909841738441703,0.19398071160404592
0.9919890423221414,0.4911536309326845
0.8606322562950742,1.118895081195512
1.0177883859282102,2.905890744134256
1.0,5.998028280126856
