alpha,s
0.9228187803574467,0.0
0.9935364571818787,0.2735500811469842
0.8861293297429593,0.6991647831988625
0.7878360181424253,1.7167327218881572
1.32147769882559,3.593407615632733
1.0,5.985216624273342
