alpha,s
0.9961762428650192,0.0
1.0257018408099883,0.27882302285199045
1.1956465954032742,0.6726987353877762
0.8891307275899053,1.2333947209361094
1.3894047236592775,2.964792969035537
1.0,5.975596505585882
