alpha,s
3.0109909435444573,0.0
1.5140222779725137,0.00755856035428514
1.2696235392967739,0.09568106126689901
1.027122007838771,0.5630864042818037
7.626619423237353,2.8526639987838607
1.0,5.993027183232375
