alpha,s
1.2189476770754115,0.0
0.9348038592055191,0.47594035582928385
0.6624382437081732,1.5941765453229282
0.9463759626818204,2.976364113617593
9.15784513132975,4.546465046298721
1.0,5.997290573942489
