alpha,s
1.3312399263933772,0.0
0.9509587770033006,0.376295473945285
0.8599994761863381,1.3986220175315784
0.4679314494652365,2.825662136785387
0.707094861539756,4.3251213156187465
1.0,5.99988931287415
