alpha,s
1.149629153297366,0.0
1.0631936728717637,0.16425284451630476
1.0883954368971753,0.44829172555403585
1.1277077268585507,1.0320043621577568
7.40663419581608,3.025206679389262
1.0,5.9655382852874
