alpha,s
1.0170616926808773,0.0
1.258842900199195,0.15577708017583838
1.085887796494017,0.36771237825108777
1.2307983978503318,0.828660771183889
0.5503520294487529,2.366565225093737
1.0,5.979988709586774
