alpha,s
0.4937504916882436,0.0
0.6570371911974489,0.09825740349197451
0.7588935596700045,0.28703409873558283
1.0729474780990522,0.810475272787012
1.8000748141498089,2.50758596476454
1.0,5.999936733675709
