alpha,s
1.065157487367356,0.0
1.004783623040435,0.17229384150469435
1.0231716780275792,0.43237042651968804
0.856106428848675,0.9390548775315083
0.6403423289086313,2.419769010869719
1.0,5.997720058935522
