alpha,s
1.2506315779261092,0.0
1.1653156222537004,0.16659706150593018
1.4630700457815473,0.45711846193668415
1.253646598648672,0.9373154184077629
0.0,2.923186140619704
1.0,5.988329483643287
