alpha,s
1.2500033795519827,0.0
1.251974413012375,0.14147627273452257
1.153556073643885,0.392821583525163
1.1713705555189993,0.9431747530411648
1.614377780083992,2.757850155649405
1.0,5.942685447732262
