alpha,s
1.03790524261961,0.0
1.0916004957448868,0.11464223043602519
1.042556673834564,0.33245463142122195
0.9393253750352777,0.8883233080813537
1.7498616234531081,2.7022441516414033
1.0,5.992516078193182
