alpha,s
1.383324398173866,0.0
1.4107654432580474,0.062073602338394686
1.0652766898966155,0.22293352472212807
1.248243388138783,0.8105699236412983
21.54450913625348,2.4291732111112165
1.0,5.986047851842825
