alpha,s
0.9389617866147131,0.0
1.1276020668670181,0.193232727396269
0.908845219057064,0.45497507733480447
0.9201654925385068,1.1337494190680384
0.9532138025443703,2.7540082807309
1.0,5.979616901003926
