alpha,s
1.1441128506331375,0.0
1.141160880039715,0.15605020565518282
1.0925492690499519,0.4070622457028895
1.1586509902281685,0.996965877470507
1.5400925224519697,2.7133724103417984
1.0,5.995396692348475
