alpha,s
2.5559237475245453,0.0
1.5274710101943574,0.010237275752053463
1.0443497256740917,0.10286790852271638
0.9442316976757278,0.6945717096842755
0.9746641246939737,2.891202466032615
1.0,5.999221494944319
