alpha,s
1.5271323878093697,0.0
1.0142483584676616,0.45468676696415045
1.1708951355686297,1.7142043011615706
20.985714113648772,3.067150659358566
0.0,4.406857690117818
1.0,5.995666526071305
