alpha,s
0.7699154894821526,0.0
0.8738923580215741,0.2536537724973373
0.8503802321063789,0.6935720864718288
0.9072546339147634,1.512456327828466
0.0,3.4139564723521056
1.0,5.949667827259377
