alpha,s
1.6585042410417536,0.0
1.3699268909925755,0.0659125343404758
0.9570489110297652,0.25832089544038317
0.7668527211397883,0.9339734453057913
1.0312188437653103,2.7242651642240596
1.0,5.978666814033939
