alpha,s
1.0156718992200802,0.0
0.8691691072762552,0.2687339548410228
1.1233173303924933,0.7906897516173749
0.8234254104925243,1.7604933929256494
0.0,3.4998498007850025
1.0,5.977034925802055
