alpha,s
1.2199273316389814,0.0
1.1064104706360423,0.4354934329452783
1.3112858568797343,1.5336938708721695
0.8387191900048881,2.9391418476258844
10.705018243610033,4.427004036909504
1.0,5.997582187821074
