alpha,s
1.5409961337866853,0.0
1.027371759723841,0.04821652069169691
1.0706659622351067,0.3824454305764942
0.9212843798986594,1.5504714729108766
2.393823780200279,3.6442545771905843
1.0,5.996783944366651
