alpha,s
2.7241521241236395,0.0
1.1818174412805413,0.0045859925827777415
0.9598118728398602,0.04466659411822898
0.9911673582493327,0.1722276624987606
1.0925824878836363,0.4921509620876121
1.0,4.208529695627583
