alpha,s
1.2332954971844097,0.0
0.9306422171488228,0.4305478817216234
1.4002197269432364,1.361512790310153
1.1228924866465646,2.9231585812331344
0.0,4.542019522407267
1.0,5.997293065190912
