alpha,s
1.0271113209493228,0.0
1.3317762518928606,0.2736231049572717
1.454023723462416,0.6895860421099351
1.369243560037642,1.6150690285849167
2.2613281272697967,3.5557023358695115
1.0,5.988881812913856
