alpha,s
1.487622025008455,0.0
1.013435063540397,0.049124176081539864
0.9355624530488392,0.371695752148826
1.0282655178488678,1.4343277834111916
0.641380194707871,3.588845950286321
1.0,5.999442596270488
