alpha,s
0.5272913331849651,0.0
0.3189399195506696,0.0535993924708334
0.30275021797236784,0.44604117381525277
0.10526757716207628,1.5829641052883243
0.015802642054475874,3.577354808629415
1.0,5.997523266868539
