alpha,s
2.3804378795103367,0.0
1.4441582676015459,0.009066654866933541
1.1446508106631808,0.09013499943412769
1.3121396062220443,0.5691002009597583
0.2973473092327818,2.730706483929804
1.0,5.994196046019573
