alpha,s
0.9411911425721341,0.0
1.0317507524661573,0.1857416634323491
0.9791453007533094,0.4491013556412276
0.8916333014908732,0.9608713969728033
1.4027001109084019,2.4168614690985835
1.0,5.945381022490973
