alpha,s
1.2086603759121863,0.0
1.0571761366947041,0.16774108080207986
1.0571508456768677,0.47656061079407774
1.1436128428514598,1.1112175034182052
1.276873346652633,2.959865844639954
1.0,5.999622457199699
