alpha,s
0.29755324046553205,0.0
0.225473074885064,0.4068383064219887
0.04468004278288052,1.4416341869728584
0.0,2.9140397104588946
0.0,4.179115854469806
1.0,5.957615109209788
