alpha,s
0.9998929687676711,0.0
0.9658309676453076,0.2767066488866981
0.9924444662649311,0.6863088147689995
0.9986514017314672,1.3247117949395624
1.1730456965439575,2.8538020188816664
1.0,5.970119191497317
