alpha,s
1.2364524861394097,0.0
1.1227407703491712,0.16797690927505676
1.1636107078098257,0.45214928758745104
1.05438759882325,1.0193510871390354
3.126293626211191,2.571061078006582
1.0,5.956076515512227
