alpha,s
1.1511891022173766,0.0
1.1062431684130007,0.1613049206182211
1.009035807775693,0.44238829807967905
0.9950330132113334,1.0794998480207132
0.6053885825656943,3.027746401852468
1.0,5.983729123594156
