alpha,s
,0.0
,0.10496137525401773
,0.34251912325792727
,1.0285307420114764
,3.156533559891099
1.0,5.977726107101474
