alpha,s
1.12338011202037,0.0
0.9315774581135196,0.420264307829156
1.0997617525364072,1.3595291505580358
1.3256451755813732,2.7462460568008367
0.0,4.359279702536645
1.0,5.9976789935233885
