alpha,s
1.4693858427733122,0.0
1.3102079010008725,0.06427959349108711
1.3239962806496786,0.22408965586804472
1.107320101212917,0.757000001684096
2.672784764478823,3.0136389923517832
1.0,5.997246533513225
