alpha,s
0.8555725938171509,0.0
0.7699213961456108,0.5335802368123893
0.3865603173922,1.522590816780968
0.21046594313631597,2.9678909663818374
0.0,4.581211669434161
1.0,5.9951874681894655
