alpha,s
1.029899616857465,0.0
0.9972134125100974,0.16414300223842054
1.0893164874967822,0.4344924597472057
1.0213849561596233,0.9983109925336624
0.9785807265113444,2.7521023836615535
1.0,5.996388055379068
