alpha,s
1.0165660608960756,0.0
1.1021186411465704,0.18995498096528227
1.1118776528991565,0.45095971211209884
1.1038324284164298,1.0553672030943009
0.7469690931922857,3.0648605530403774
1.0,5.997272575161843
