alpha,s
1.0746503530514373,0.0
0.977039572170119,0.09770410018243166
1.0186966170030294,0.3044483376536973
1.0081207638116305,0.8014163578461267
0.545704514537752,2.541081049839545
1.0,5.9921372057951725
