alpha,s
0.37845352520871745,0.0
0.48182440791866327,0.09770410018243166
0.6683270600162632,0.3044483376536973
0.8203491584384709,0.8014163578461267
0.45357726941509685,2.541081049839545
1.0,5.9921372057951725
