alpha,s
1.0780037014050368,0.0
1.1743922568978558,0.1687529174287075
1.0337071938724847,0.4242372338769487
0.9796580521185466,1.0519693077768706
0.6006796993997765,2.7913246116757686
1.0,5.995869428569793
