alpha,s
1.3793406397425396,0.0
0.7157718137291885,0.4122028516434451
1.7827980922085298,1.4393362645746224
2.1862194844004024,2.9261560370975284
0.0,4.494909890675823
1.0,5.98723926129426
