alpha,s
1.2119124688162812,0.0
1.287594011542735,0.2862380401589164
1.4582146266089342,0.7649179615436503
1.1960538850468792,1.6594621771951399
3.810107427444341,3.507932938425625
1.0,5.999598827364281
