alpha,s
1.1918987439484767,0.0
0.6874436286103797,0.5033133122353894
0.6591072047831323,1.5296666763512845
0.8783490941560185,2.935596565097888
0.0,4.5014937669593715
1.0,5.990201603611868
