alpha,s
1.0817145380976407,0.0
0.9924274210943508,0.1767234009221725
1.0729215351641737,0.4845848124915491
0.9253153552762802,1.0597128652030028
1.0937982305794203,2.7231133909307195
1.0,5.998062781019527
