alpha,s
0.35568387363008613,0.0
0.5478824025391295,0.11459333638306973
0.7469017703247426,0.32700921071078193
0.7499858870661231,0.8218431851039358
0.9764398020194703,2.740791313123438
1.0,5.999125003827077
