alpha,s
0.8565376028273157,0.0
0.8299983789086031,0.4808868897280806
0.5367444148771825,1.4094802178493357
0.15253617226822572,2.8075052689011186
0.08871573870234432,4.396429100896276
1.0,5.999523413376412
