alpha,s
1.2392586048604886,0.0
1.1844292613008807,0.06556728689651045
0.984883856147844,0.2241389923129434
0.8746283243677889,0.791176291960884
0.6637120373045462,2.6445712769233243
1.0,5.99885044091705
