alpha,s
9.199283334236773,0.0
2.500946862091489,0.00551795036975176
1.6773858081366733,0.08600611444200837
1.357378988976569,0.46736173063347436
0.0,2.976340186805718
1.0,5.977373762015972
