alpha,s
0.4997844508926785,0.0
0.6419645777778986,0.09833530654020865
0.7983307485173926,0.30377111421254
1.064623993025844,0.8565022282545279
0.4675112458589967,2.919124966566677
1.0,5.999755844965427
