alpha,s
1.323147409302037,0.0
1.2450916581919196,0.09833530654020865
1.1458332427949744,0.30377111421254
1.226070526626235,0.8565022282545279
0.5700428940352787,2.919124966566677
1.0,5.999755844965427
