alpha,s
0.7069792084861356,0.0
0.8115795558163441,0.3818543480099655
0.7624203299795547,1.0923109989271962
0.443121114198787,2.3088896595497674
0.0,4.267789338784715
1.0,5.992876064611579
