alpha,s
0.8826930166423088,0.0
0.638979162101945,0.3945189882817901
0.36119360757339514,1.4214746379321035
0.22396625184418448,2.902532924704532
0.0,4.48017972366802
1.0,5.999455157741088
