alpha,s
1.1213486559849426,0.0
1.1664519403240634,0.1522917438820399
1.1349356970198183,0.4028525345014494
0.8409460351334359,0.9804507511045931
0.33463449449193666,2.6417466668451577
1.0,5.969294218847825
