alpha,s
1.0920616294882897,0.0
1.051012034367585,0.23792323092826187
1.044316064600245,0.668372663411984
1.136252616807469,1.6253415016448995
1.0200671929942435,3.559167027800722
1.0,5.999949615693824
