alpha,s
0.31811185248261975,0.0
0.44437777543362755,0.1114788167921589
0.5865993526309812,0.31983666092792623
0.5874804251033723,0.859491116927579
0.4641443383595026,2.5907479035785217
1.0,5.96292949434395
