alpha,s
1.0367872609899398,0.0
1.0895923603848776,0.2983182648296075
0.9309190136367559,0.712367759121703
0.9402680552225487,1.4813998625862432
1.3238226235622828,3.2635212582868656
1.0,5.996823239281793
