alpha,s
0.27033922678944716,0.0
0.1748663881749079,0.40966623283557163
0.05716571821696618,1.4835377128386655
0.010777422571910248,2.9284931332549293
0.0,4.458127625806148
1.0,5.998637904078175
