alpha,s
1.4921635633164883,0.0
1.1618963519665697,0.1623774926994433
1.203916234157579,0.541450629157291
0.889860615578074,1.3817158118603494
0.7329870237200762,3.2028021585184567
1.0,5.97222729630659
