alpha,s
1.0157822302048214,0.0
0.983915814644968,0.27856570346483256
1.0609560377223273,0.6991999072434525
0.9247987461923052,1.361163245641847
1.0453628646613653,3.014854481354764
1.0,5.998640677423775
