alpha,s
1.4784712419480641,0.0
1.0853884732557193,0.44189119321551346
1.0964796542681845,1.38425824828724
1.348222953949896,2.713605681963435
0.0,4.322728657747398
1.0,5.998251320999959
