alpha,s
0.4337549448760394,0.0
0.2592122547595429,0.44189119321551346
0.11929934626780414,1.38425824828724
0.03190236667020038,2.713605681963435
0.0,4.322728657747398
1.0,5.998251320999959
