alpha,s
1.0064592610193825,0.0
0.9718697674990757,0.1922720227015544
1.15790688541482,0.5063799435695387
1.1304617314001764,1.0909853317982536
1.2176728735865328,2.8526329832168664
1.0,5.996416060325045
