alpha,s
2.391492847133561,0.0
1.3791545118547963,0.010056016434575602
1.2364973413802345,0.09891749088713091
1.1698022705184636,0.5622383194119412
1.207082679414398,2.67190212046084
1.0,5.995730914921683
