alpha,s
3.610272157483052,0.0
1.8122056589132318,0.00951375379945592
1.1134426237714752,0.1053359827122367
1.034621741501568,0.7265346314166431
1.2051282211688952,2.8146303684800826
1.0,5.984398671794297
