alpha,s
1.435258230589797,0.0
0.8286624916175057,0.3888533251165252
0.3333035865351065,1.4671306073241395
0.0,3.1595147302869946
0.0,4.563441855116248
1.0,5.998779643085882
