alpha,s
0.9449956357228395,0.0
1.097491076631948,0.3042045933581195
0.9708992138068467,0.6895428300853153
1.054895558750249,1.3877224568090631
0.8680473846562587,2.87654017945491
1.0,5.987338223009399
