alpha,s
1.0394533930920975,0.0
0.9688929321961116,0.4973976122305514
0.9839712498513312,1.4647895433382976
1.2077632595071783,2.789393793844116
100.29040292383813,4.365489528876216
1.0,5.998832736339639
