alpha,s
0.40079693342187145,0.0
0.5507840117227785,0.11369312967258992
0.723276906242547,0.3395647341887558
0.9226256884688668,0.9504292438414005
0.5939074533898053,2.8322846645873523
1.0,5.994096855544798
