alpha,s
1.0912746127723536,0.0
1.1163119084017836,0.18420332941734965
1.0707472352593388,0.47285794074247883
1.0868781215643388,1.0548637253802204
1.9424997594285882,2.799400775710531
1.0,5.9981446339880815
