alpha,s
1.0155072326176606,0.0
0.8859394242929567,0.4431823554770647
0.8031952317009302,1.5297225968172468
1.7291468433161559,2.805434631732797
0.0,4.324116921575715
1.0,5.9889735621371
