alpha,s
1.0540797082873155,0.0
1.1678398225644815,0.21665133506524797
1.094616481161924,0.5270964318938913
1.1351572411406914,1.2195761074629041
1.5157153846488824,3.1371018123346017
1.0,5.963175115466113
