alpha,s
0.5759625865907659,0.0
0.31932976416042175,0.3862095106110921
0.17801561202685948,1.4273987434454556
0.017740630276796145,2.835802309120437
0.0,4.413545260191768
1.0,5.997641876446799
