alpha,s
0.3915562211437694,0.0
0.6091981215766746,0.10110389645297935
0.752216087600477,0.2694464316977442
0.8293604662557661,0.8232581314013101
6.11196581396856,2.7144499250241987
1.0,5.978760969973463
