alpha,s
2.1975987019791994,0.0
1.141044826715076,0.00915194330798426
1.0601951843342579,0.10688615950112226
0.9884443076189308,0.6080489309197848
0.7608399933648389,2.631997978896541
1.0,5.99713094006885
