alpha,s
2.323123869515785,0.0
1.012383212173443,0.0096549913518381
0.7779124467763852,0.1105241103167913
0.3681790923840246,0.5927149269548887
0.028556026417939123,2.8169554755511306
1.0,5.972276079145438
