alpha,s
4.870490701012876,0.0
1.7692816803595424,0.00794050897798002
1.5872035390958492,0.14318893042008557
1.1951862083591467,0.7157867975354263
0.0,3.2449333123086928
1.0,5.9828432143752455
