alpha,s
1.0422283694081944,0.0
1.1133904846658413,0.11620354203866838
1.0352641370537181,0.33030151934441215
1.3876196747432836,0.9227859879654268
4.304947595336426,2.6109036037612126
1.0,5.908611407291884
