alpha,s
3.3919786641155203,0.0
1.5886380003090306,0.0049646526481562005
1.106811994098974,0.0423013761304275
1.0268658834738795,0.16344208548434255
0.9487747553624363,0.4918948924629654
1.0,5.25350858824292
