alpha,s
1.0341403484816907,0.0
0.9635191165190169,0.16550407255116995
0.9551764658680901,0.4320546825071048
0.9830484743434972,0.958578537938721
0.0759806795422111,2.495116135076028
1.0,5.952308306085314
