alpha,s
1.2268270625456477,0.0
1.1144170823984298,0.10180428158404058
1.4091010873463858,0.31850108900549046
0.8477608821602045,0.7661048388943587
2.847956024747611,2.7079751724994687
1.0,5.946746869264215
