alpha,s
1.099886167807706,0.0
0.9857810459602524,0.43563837855643667
1.2984186435550322,1.379604485045311
1.9503020730622074,2.716762695217664
0.0,4.303952365170882
1.0,5.994497433207561
