alpha,s
1.219793494790546,0.0
1.0487545785719439,0.15329008235086433
1.0978868495671972,0.4391030248868069
0.8805454206579559,1.0648334703734503
0.3342070214452005,2.981977161902157
1.0,5.967729328597435
