alpha,s
1.1032900390666147,0.0
1.1143623363718818,0.18511685875219036
1.0628845441400998,0.4896109413560647
1.0389681758036586,1.1637004294806645
2.2065275323863327,2.838412502729693
1.0,5.997432559024876
