alpha,s
1.132490058081011,0.0
1.2021932334064223,0.08394456720653931
1.3326244753686018,0.2868215663062098
1.3174070260265758,0.8895250872594807
13.440917705397968,2.720626296290755
1.0,5.9960509405538645
