alpha,s
0.34809392085511365,0.0
0.24424792789615432,0.37373903859776325
0.06425775713738094,1.4590635837745365
0.016312969529881163,2.8766191419779434
0.010819098419133723,4.453238393443204
1.0,5.994531856219193
