alpha,s
1.0169379480262142,0.0
1.0068716173164545,0.4610947999076452
1.0223388414959222,1.507668068341576
74.7341653503644,2.86898007952398
0.0,4.612901621509821
1.0,5.995921974914511
