alpha,s
0.913718261729201,0.0
0.9207058723058147,0.21355550535697904
0.9774805299144373,0.5199654319170534
1.0322438591120342,1.0889388558193074
0.164108404969637,2.6740804982982924
1.0,5.976588507396768
