alpha,s
0.9650078211367246,0.0
0.983129358466064,0.22039116951545618
0.8845818254529424,0.5947352204096639
0.9140598840301825,1.5405073331186632
0.8391658278363759,3.588710311498957
1.0,5.966064912414478
