alpha,s
1.7114087973789196,0.0
0.9748597103853827,0.03896807585064223
1.0019484879065252,0.40273420382674574
1.4918148471963693,1.5698354363047384
0.0,3.457220800919584
1.0,5.973472518583797
