alpha,s
2.3097526243373516,0.0
1.368469291914584,0.00888702788480594
0.9118612411394821,0.0860156198902052
0.7190045835049478,0.5409021052581998
0.3360142120793741,2.418395269297023
1.0,5.994248631644677
