alpha,s
,0.0
,0.3807857110103084
,1.4729770391409527
,3.0303676235002377
,4.369911817107669
1.0,5.96699260762126
