alpha,s
0.8661644504656265,0.0
0.9408767719384858,0.30860435746679515
1.149137658266888,0.7092223120408766
1.0087153748142155,1.3036060635056035
1.4993274171258038,2.9143942925973443
1.0,5.9891139150686215
