alpha,s
3.214715025237841,0.0
1.3289654882243696,0.00520015845489284
1.092935949212998,0.045501052581110465
1.1381494986264056,0.1649527529802221
1.1105803988251872,0.4610109083894371
1.0,4.174319187582528
