alpha,s
1.5772732897435264,0.0
1.0795360841232675,0.048911537400455445
1.0830097688247826,0.34681235667310084
0.7797871106254535,1.3256083547460926
0.5202146509409131,3.4495416760884225
1.0,5.991777147928268
