alpha,s
0.9699889021161664,0.0
0.9373214832021591,0.42523540752394356
0.7310781796510064,1.3735240525238488
7.274492691715656,2.7803741928679058
0.0,4.540848915903706
1.0,5.996949812101409
