alpha,s
0.8789862150683142,0.0
1.0312193495456918,0.45231308646724533
0.45980058268119495,1.2672893855344465
0.5573313708026617,2.8340192087152656
0.5332579731576856,4.382522657442893
1.0,5.9834855650389605
