alpha,s
1.2839176297458725,0.0
1.2232212813370102,0.10250935001042176
1.08888361156447,0.31280817879486644
1.1391661381979645,0.9508533155574809
0.6482467793424389,2.9041393533060775
1.0,5.996166258114823
