alpha,s
0.4357488602717398,0.0
0.5878211159341769,0.10250935001042176
0.714017977838313,0.31280817879486644
0.8904842973230164,0.9508533155574809
0.3513992569498272,2.9041393533060775
1.0,5.996166258114823
