alpha,s
1.4889699422348077,0.0
1.2825757521992331,0.38319136086685396
1.7171363468083969,1.4690498588470904
8.466104239119304,2.9323495535736717
0.0,4.494226141856026
1.0,5.998471267253365
