alpha,s
1.5014795430453727,0.0
1.3671041603779719,0.06625140933437236
1.1044863638140832,0.23753878883507468
1.066199134240803,0.851399689151889
2.7379003980920715,2.9149304282974122
1.0,5.996643472778544
