alpha,s
1.3377175221857331,0.0
0.9882952297987331,0.42086365229207906
0.9422668695790294,1.4572270177474431
1.162461561880179,2.866457641092684
0.0,4.388142674641276
1.0,5.996629797292133
