alpha,s
1.4149354708119513,0.0
1.0424609108953073,0.44023024054327853
0.852698819737093,1.4979993976823567
1.1320581479046004,2.9449243783782304
0.0,4.47849198898326
1.0,5.99884433205326
