alpha,s
1.338179748537304,0.0
1.0658526206704746,0.4183723245656027
0.5244909431459547,1.448302612773327
0.23847904213118326,2.8759395837624178
0.0,4.419949547474441
1.0,5.999492499398911
