alpha,s
0.9969495990045123,0.0
0.8004256594097381,0.41158634394623494
0.6987173556728193,1.5132732686046328
0.7709026801327471,2.797436358194775
1.2193820362595182,4.322843080275514
1.0,5.917718624936244
