alpha,s
0.4326267165878971,0.0
0.642294034038914,0.12528140309267305
0.7837819336944534,0.3559337879610304
1.3121146543919044,0.9406299787290813
1.2345627030146307,2.949841581855514
1.0,5.982147386758454
