alpha,s
0.8383785412402034,0.0
0.9140965634446402,0.21474586158955056
0.8670798131542871,0.49165001764529226
0.9688007252446387,1.1278536449536194
0.8769486747638623,2.710744104938217
1.0,5.992749206948792
