alpha,s
1.161966053482323,0.0
0.8699017368492952,0.43862489780862196
0.7122020007611806,1.4446840865272914
0.33390485232431494,2.7659246075357853
0.21242893870771432,4.327123161153505
1.0,5.997310401002403
