alpha,s
1.3454324025516327,0.0
1.274294023787351,0.09345485933503664
1.045935471184768,0.28696692415661246
1.060990557890029,0.8443793561626334
0.5894097731337744,2.7284064826747696
1.0,5.999433799253353
