alpha,s
1.0916209857086618,0.0
1.0346208506267205,0.17431707915543734
1.0619270400870184,0.47181173962863815
1.1354344938713041,1.047019503293016
1.4867863929607634,2.663417565405561
1.0,5.996493636878536
