alpha,s
1.165662319792434,0.0
1.0862034446955757,0.15021185366102566
1.0694615283958138,0.3894178767657719
0.9772759054319142,0.9821792196519049
3.178859075492386,2.88491232037171
1.0,5.995961089921019
