alpha,s
1.0645084615152147,0.0
1.0236309841829199,0.16694483324713813
1.0538720143548503,0.4413635967387899
1.1390984743825576,1.0308102292666113
1.430735221682924,2.756511004652495
1.0,5.999703174666047
