alpha,s
0.9994457270761342,0.0
0.9811771857571835,0.2985983876981814
0.9524739009188052,0.7046543959593271
1.0483376217265636,1.3609271291042322
1.6705481035752245,2.6677416105244705
1.0,5.985597471994366
