alpha,s
8.103271829808095,0.0
2.809776668417142,0.007830514216608042
1.79275672675878,0.07369519558049079
1.1299879411044251,0.45322660242806323
1.1759543572005478,2.4537055006070325
1.0,5.974897808576816
