alpha,s
1.2050941157389168,0.0
1.1857508456249228,0.15655780816987072
1.2098043058364218,0.42001734173367083
1.1484716084497364,0.9931196817565549
1.1337167855912405,2.7437796029905273
1.0,5.976415240710315
