alpha,s
1.092398229400654,0.0
1.003290752468186,0.24640790436932805
1.0475475589658438,0.7115612850087296
0.9564469970132607,1.704225173529363
0.9615474842439821,3.616258387567888
1.0,5.993568372346906
