alpha,s
3.791680885207436,0.0
1.2852175016461254,0.0058400444616406415
1.0934196250957162,0.05503688600356638
1.0190123667205029,0.18327788171558212
0.9730769408333465,0.5142713727913374
1.0,3.2317606626966526
