alpha,s
0.8522750878276585,0.0
1.204136367915475,0.33454390053822697
1.1037648229415853,0.6863559323948514
1.202594522046573,1.4410670295034183
0.8815584025310733,3.419345393989771
1.0,5.97224613368823
