alpha,s
1.0454559102345584,0.0
1.2072376394475395,0.2662744801745679
1.131554269423683,0.7263488173428618
1.2116972248381035,1.694294811478906
1.419189459187811,3.8842679009216665
1.0,5.972271819397108
