alpha,s
0.7087847792484819,0.0
0.8769597984759004,0.10394447472443893
0.9917599382322259,0.2825890338675256
1.0214619500454125,0.7304649707593415
0.8236425075207876,2.5203195937750515
1.0,5.990297060277593
