alpha,s
1.1437341955932,0.0
1.0848578876193826,0.4615352709540387
1.0662458809181108,1.4311485305283185
1.0089243012565747,2.855274183288296
1.443289215452196,4.436642685756902
1.0,5.997895322615408
