alpha,s
0.9509716168520297,0.0
1.0420611018493688,0.29710016564075903
1.1363722691029798,0.703838513369766
1.0408713352777,1.3696523666213505
1.0633498384666618,2.9282940379293247
1.0,5.979688488373828
