alpha,s
1.2428614088386287,0.0
0.9873902792539426,0.16332810733940928
1.2405138056798504,0.46982162671749766
0.8605047225855084,0.9405310609274264
0.07735154576184726,2.677340245009237
1.0,5.995581820170502
