alpha,s
0.8978557390955689,0.0
0.9477430612445866,0.3073095018098925
0.9984676512951047,0.7166195269346305
1.040477779028203,1.3082411990357223
0.9917435696031205,2.9232008124096724
1.0,5.926766399695478
