alpha,s
0.9607798635632738,0.0
1.019624313905929,0.26271853223634467
1.1006956419176344,0.7389696423043326
1.0841242482717945,1.7762034367526423
3.9526752728046155,3.7356467800203506
1.0,5.99549081080503
