alpha,s
1.134448117933119,0.0
1.166775925514544,0.5145772737768994
0.9017622650388118,1.53420078596799
0.7719296655200473,2.8169407279770247
0.0,4.375519525028778
1.0,5.97389391455738
