alpha,s
0.934601845445484,0.0
1.317669843065877,0.20872517248876046
1.265670959610486,0.4483255564862864
0.9669597814961902,1.003863135247808
0.694185401775234,2.83220963973663
1.0,5.909620999366126
