alpha,s
0.835732114433242,0.0
0.6250469895913087,0.40132757808744396
0.32727534904472433,1.4068063117055059
0.16327284230331496,2.903426769634214
0.06148721590103493,4.415491180451149
1.0,5.998470384209629
