alpha,s
1.0190726496165228,0.0
1.0266462879872646,0.1890551750857129
1.060446132367829,0.4952832021128349
1.130873707672666,1.0924325194199154
1.7357074546080664,2.828100727526447
1.0,5.992001562487838
