alpha,s
1.263899326867829,0.0
1.1150469600054356,0.17179100114990448
1.334888102254376,0.46529250718569104
0.8988232266008536,1.0874338517676208
2.1346185952962236,3.1131076808952867
1.0,5.999684985306871
