alpha,s
1.4885174841618354,0.0
0.9647583049676061,0.3819654793091097
0.29596968601767715,1.4900951639696174
0.0,2.928685089370699
0.0,4.580055115228934
1.0,5.988128100580129
