alpha,s
1.9167067672992444,0.0
1.5219780666807263,0.3581586197082191
0.7613120735374825,1.2924617900639919
2.948057203482431,2.8215983019306625
0.0,4.479640059406908
1.0,5.999747956588294
