alpha,s
1.6235549869609909,0.0
1.3623536342034388,0.3581586197082191
0.6693285667867036,1.2924617900639919
2.690997464390156,2.8215983019306625
0.0,4.479640059406908
1.0,5.999747956588294
