alpha,s
1.7583298349855816,0.0
1.4860111255458344,0.07627442543331805
1.1393813857217527,0.24435997262589743
1.1695452058894442,0.8103827759375609
0.5887165626620772,2.661976564237636
1.0,5.978234076562312
