alpha,s
1.1006677943786636,0.0
1.0080482008550744,0.1948036770386316
1.1370923530688788,0.5315688309452519
1.1043697833071846,1.1540888334349453
1.4128693272227768,2.9300772381784426
1.0,5.983514171540403
