alpha,s
1.2714268301787228,0.0
1.4482022087029136,0.5120421124955481
1.5524973160594207,1.3982159503238547
0.8370835560903522,2.578589829041382
0.0,4.092196676364342
1.0,5.9518641690247485
