alpha,s
1.253161470843244,0.0
1.283770583639676,0.11540044968570493
1.13146893261871,0.32144687366974173
0.9800939586610988,0.9202527303743788
1.094732623285228,2.8278320698029367
1.0,5.987656465624212
