alpha,s
0.8477277267774701,0.0
1.0162711580963026,0.44013694517212226
0.6604172808800389,1.186015851738669
0.17436931092643798,2.5879610121141656
0.0,4.197682011917165
1.0,5.987262694427187
