alpha,s
1.055311984099575,0.0
0.9707271417923244,0.17899033264307815
1.0010277516566746,0.4789605087682434
1.009447985688379,1.092990430897966
0.7562714203451325,2.8742175900210145
1.0,5.951830448628943
