alpha,s
1.045429619649659,0.0
1.1669555958592692,0.18548117705107936
1.115243339322728,0.46208803832021206
1.1462095493260074,1.0313781791367482
1.3705347028848311,2.7302722144610883
1.0,5.992078397573289
