alpha,s
0.3038344986442207,0.0
0.40224159681186034,0.10431977914756323
0.5756278716399333,0.31464732122965117
0.46950869442782406,0.8670822371653263
0.14978106256717483,2.9118115039993575
1.0,5.997679362089379
