alpha,s
1.2242813502014138,0.0
0.8689358032027085,0.3691754715736675
0.714240282413451,1.42684805809742
0.8095716872627237,2.7778539351724163
8.353272783941694,4.430742683681704
1.0,5.999696480040199
