alpha,s
1.0284094234206729,0.0
1.1784267656175935,0.4306112329254655
0.607678803865313,1.3244890256843285
1.9337575531233118,2.7128897414181368
0.0,4.310849261054159
1.0,5.98946812002666
