alpha,s
1.1666460728220365,0.0
1.1900711035175136,0.17741127628708275
1.0744302933231582,0.4585720184603465
1.2997824108053588,1.0402379957785297
1.438094479981074,2.7750857728823526
1.0,5.974410296752606
