alpha,s
1.3877278946629916,0.0
1.5133568366773293,0.07647259804901918
1.1243542451629178,0.25114578428734113
1.0699614676550657,0.9526167767453232
0.6862030865283645,3.0828619142427667
1.0,5.922156261714192
