alpha,s
1.3581410898266881,0.0
0.9502810452359207,0.3521232614621582
0.8915531479349644,1.3417793602450312
0.4083548253736212,2.844668247716831
0.0,4.554364326937112
1.0,5.997738661900688
