alpha,s
0.9671378225959072,0.0
1.0312442837800333,0.29271398272580484
0.9997695127467778,0.6888730446360593
1.0132548926297646,1.4077091615499564
0.8300166565715217,2.928815227857087
1.0,5.993423679876408
