alpha,s
1.0163288177241803,0.0
0.7762328592811967,0.3889573851780037
1.0080902489899686,1.4012399443435366
1.0121326947981004,2.7704310552470357
0.0,4.439368466703855
1.0,5.998099378420031
