alpha,s
1.2445781079927396,0.0
1.0862237676455535,0.10013099709468949
0.9275960978953912,0.3041595867046757
1.2485096859422489,0.8736728697859961
1.2416149839108674,2.44339940029389
1.0,5.992132083538692
