alpha,s
1.0141131434281299,0.0
1.1181587988838728,0.25016929676651306
1.0443649921177423,0.70324706967938
1.1807603478735291,1.7035537334326825
1.2108324842610028,3.591489429786037
1.0,5.990555745343017
