alpha,s
1.0163220037698149,0.0
1.062742346056933,0.27489254943639224
1.0444407277484202,0.6593320263738813
1.0350972074638192,1.3396250912869403
1.148138315361287,2.879823659781063
1.0,5.994174404446774
