alpha,s
1.1798233440039787,0.0
0.810480421807751,0.44196783629904496
0.6284000460274705,1.4950968908839695
0.3767894016252646,2.911454155869616
0.0,4.578033874697557
1.0,5.989523312434081
