alpha,s
1.1309815208221157,0.0
1.0012786898651518,0.5419175393393878
1.0457025440952392,1.3727796524468199
0.19534370119066144,2.774732435134976
0.0,4.418266170448214
1.0,5.9971969325604775
