alpha,s
0.25980740537442704,0.0
0.17425331402671085,0.4282873670528667
0.0830527701600393,1.4762765517449277
0.030663746884677705,2.8939926115821133
0.0,4.392984166828739
1.0,5.999976524025318
