alpha,s
1.179490022447346,0.0
0.9878306380695792,0.47659926494518046
1.0430388389059273,1.4639261065505493
2.0781696046701934,2.8911411853300915
3.897715680859303,4.363048604613314
1.0,5.99978767203737
