alpha,s
1.3917088349033413,0.0
0.9797471558991402,0.4272025998217519
1.0923563766389248,1.4952844415907407
0.6385355069015823,2.994162721779402
0.0,4.375931675252016
1.0,5.998281136329152
