alpha,s
0.991768837695962,0.0
0.7570754034800363,0.40396963881103587
1.5820267532102528,1.4550807857018346
0.28682057014973644,2.8199854145497416
0.0,4.397240378316785
1.0,5.981793463135712
