alpha,s
1.0785893293669937,0.0
1.184217721312738,0.1634733866427922
1.1027126374358318,0.404858609221252
1.0903853683143527,0.948091561249138
1.1699150834173602,2.4238973453274895
1.0,5.978232035832824
