alpha,s
3.099096999480145,0.0
1.6711434370426823,0.008457646498828061
1.2239082841249995,0.09438273582723548
1.2305563651110838,0.6761919140359546
1.7334774384531606,2.67819953588057
1.0,5.989308644609089
