alpha,s
0.8685789438395793,0.0
1.1338420046136408,0.20217896958300585
1.080277140940883,0.45591183238692584
0.852072172048047,0.9993560396839005
2.5888832759245184,2.9189140952945833
1.0,5.9861985824726265
