alpha,s
1.345224623533508,0.0
1.2663026823199364,0.1498712049202776
1.1048946476470396,0.4374006218308417
1.35650950126374,1.1452663097522895
2.476931284023754,3.2713691059670573
1.0,5.952274279867529
