alpha,s
0.9778926787250843,0.0
1.0751758197867365,0.21236552379879245
1.230739057902207,0.5041020144600822
1.1563363867611902,1.0854967548337267
10.357677501905407,3.204898683389147
1.0,5.95575647183254
