alpha,s
1.1050335129816233,0.0
1.0200316247333454,0.29163497602102806
0.989293368460803,0.7407865070320047
1.1008693370007647,1.5398371327703113
1.9676818963485951,2.9446822335876472
1.0,5.967963513581633
