alpha,s
0.9970145752404891,0.0
1.084358387852622,0.3063758354506952
1.0539747470787166,0.7009065770151351
1.3718947082566757,1.3829116142186697
1.9270780980776352,2.8207294517347137
1.0,5.998507710375268
