alpha,s
1.1671327571152597,0.0
1.1461096678565181,0.1548792107896879
1.1795212804928406,0.44668043565957566
1.236406426008438,1.0262919414865221
0.9193786670567609,2.795198666352286
1.0,5.986069842486413
