alpha,s
0.9719389845589511,0.0
1.0045733750809356,0.24810429192674102
1.0211754161250015,0.6918939420985426
1.0336825577793711,1.6537072644336694
0.9465734873382606,3.5822005676588193
1.0,5.999608989277244
