alpha,s
0.9362076001569065,0.0
0.9201699616253071,0.1114788167921589
0.8774036647316344,0.31983666092792623
0.6446974916379467,0.859491116927579
0.36296539993395144,2.5907479035785217
1.0,5.96292949434395
