alpha,s
0.9154262195201078,0.0
0.8754436953348268,0.2854058341599019
0.9821497413820849,0.708039513249965
1.1033048846071771,1.3436859817255449
0.885684250128486,2.8330215205823426
1.0,5.938396631819121
