alpha,s
1.4764319522425384,0.0
1.2625011601778706,0.06465720282690819
1.1719747567265777,0.22729659592831197
1.1943201729045212,0.7491552076338593
1.4282157009674055,2.7292298605996796
1.0,5.997235132715162
