alpha,s
0.9925457750358342,0.0
0.96063458569608,0.28547421181352034
1.0950745209534463,0.7213157077127131
1.173976917682779,1.3858474412923654
1.1655721539882762,3.0533430079345996
1.0,5.952876262778702
