alpha,s
0.8324003916219321,0.0
1.0232317356319358,0.42510231340961746
0.6157412647577551,1.3305971886135057
0.19458099575245613,2.7837056868896806
0.0,4.215897731514372
1.0,5.995006728734149
