alpha,s
1.3007103246229699,0.0
1.356874894428415,0.11995528782708889
1.2505496157044715,0.3413628186520295
1.1155129850058032,0.9200622189945865
2.1488331896590203,2.875652445011774
1.0,5.987622384154683
