alpha,s
1.222617217120603,0.0
1.0802585918643985,0.17208076697503522
1.2008297753849726,0.4810117339469136
1.346608418953638,1.0558042258985767
2.150561955352353,2.6398982286006687
1.0,5.972218950615221
