alpha,s
1.1261078918974123,0.0
1.0804837090647244,0.10685356991482418
1.1325601454413274,0.3162746198633638
0.9186193740997624,0.8257150799088308
1.3000355164035984,2.5740180369690986
1.0,5.991904647538177
