alpha,s
1.0834315263478336,0.0
1.0524306561093781,0.1622918503378219
0.9940898009426821,0.4285841139775128
1.0611432223876112,1.0432032859608646
0.4791036804631381,2.8434063799943745
1.0,5.999476444086268
