alpha,s
1.7346461632314227,0.0
1.1521262619424966,0.3664032058204418
0.9343589631814417,1.3821812548730772
0.8816055422328049,2.5968065119526456
10.481245340889192,4.20533487370451
1.0,5.980021218960712
