alpha,s
1.0872720173886128,0.0
0.9110244585535765,0.052464979142649484
0.8879275458235047,0.3766040261369086
0.6917573092927028,1.5739385760524855
0.0,3.593524140965102
1.0,5.985438042488787
