alpha,s
1.0825109541894802,0.0
0.9341400391165529,0.18282454238382148
0.9787161126858506,0.5047384330118152
0.9010949154118904,1.1803432434339802
0.5765931386412438,3.0052480878912684
1.0,5.978799862808058
