alpha,s
1.090544143964705,0.0
0.9748262146587521,0.23140500379989531
1.174921562755708,0.7247311912249409
1.564194916002694,1.7452356755048075
0.0,3.7304768852516434
1.0,5.955078514331389
