alpha,s
0.45032433999480065,0.0
0.7767326665934919,0.090287862917929
0.8287761460630803,0.24513015795225881
0.8120459379826541,0.7038619526398291
3.0672081780756084,2.5319430325824532
1.0,5.9873890124138205
