alpha,s
1.2851113420158553,0.0
1.5466943348726314,0.090287862917929
1.2154720229055316,0.24513015795225881
0.926208678862161,0.7038619526398291
3.124330410593838,2.5319430325824532
1.0,5.9873890124138205
