alpha,s
0.6158475190008543,0.0
0.2983732959669023,0.32736446197869157
0.07970655053915954,1.2645560750137135
0.024840789534114758,2.807395715353014
0.09327180602276824,4.428930600419197
1.0,5.964052361078995
