alpha,s
,0.0
,0.11218234962833634
,0.3116107552570764
,1.0345690789141642
,2.7921068830823024
1.0,5.997075357004512
