alpha,s
0.9260896032081327,0.0
0.8383651434672258,0.4862212468323329
0.8146253815711106,1.373008711443946
0.31827070872427454,2.6776681212627107
0.0,4.268568552282971
1.0,5.998027986894965
