alpha,s
1.1670697649410249,0.0
1.3467476916852756,0.17108790888473804
1.103067507505446,0.3955057123209961
1.1594973269400033,0.9425222627296483
0.572514420031655,2.87689372284882
1.0,5.999853108034669
