alpha,s
1.1542042484883297,0.0
1.1669394467440002,0.1553139181514838
1.0782276247257703,0.41537396644703994
0.9909908826054336,1.0436390663931807
0.8935495407584365,2.8160983472806476
1.0,5.984222838230606
