alpha,s
3.806282480817242,0.0
1.4904091805344049,0.0047233954311116
1.2416259350211787,0.0449037440700097
1.014402183623191,0.15168566716949886
1.0653244730782057,0.4952661396876338
1.0,5.770043241181646
