alpha,s
0.9678583868456841,0.0
1.0027377388377963,0.23302152816731075
0.9115809840352904,0.6734991455813092
0.951735605179218,1.6306947890135006
0.48831532879609113,3.556650282894316
1.0,5.999342911681191
