alpha,s
0.9870956708933827,0.0
1.3975965895769287,0.21324655765856443
0.9896804233402995,0.4470079996448229
1.1050944179472812,1.251529373728684
0.23095014690967047,2.8466838028666634
1.0,5.9897551708208105
