alpha,s
1.313625862665033,0.0
1.4237646793951924,0.16450411727269562
1.006762670379465,0.41062596665889595
1.0658663632444998,1.0217447920353027
2.4475721497809744,2.7208180086549993
1.0,5.972225466979525
