alpha,s
1.218649849992809,0.0
1.0080426974644423,0.4183769776554417
0.8451162487735725,1.452715812748935
1.167146266420664,2.8245003596903913
11.315026221975529,4.343043670643072
1.0,5.996856665622447
