alpha,s
1.1186196244084028,0.0
1.2095976028881303,0.15285188095463173
1.0930007345507944,0.39701410306932655
1.0343590639281535,0.9332855520445146
2.3212626865672528,2.5212254485947483
1.0,5.987500207783904
