alpha,s
1.018393618673924,0.0
1.1049433948139804,0.4386199558547349
0.8634454233199526,1.4044604229091335
1.4345392095972613,2.835152251097274
0.0,4.34078435319823
1.0,5.998443164758446
