alpha,s
0.9960415422022284,0.0
1.1213939516854812,0.28178751401143975
1.044168164316673,0.6400477094558276
0.853924945725585,1.2456275340890468
1.0436283386218692,2.798834058933572
1.0,5.975109225627953
