alpha,s
6.06814253254169,0.0
1.6961650534364043,0.04710876983879573
1.4199031356932037,0.3949468911101831
1.250930404608775,1.5101674516485057
1.3723555009799626,3.6232502773332187
1.0,5.997166476588333
