alpha,s
1.0717692762009952,0.0
1.0077523628315648,0.18014906520889248
1.167370153320526,0.4811566189484578
1.2057741172560998,1.0218639982283362
1.3381697632333098,2.847227604701187
1.0,5.9848929818645615
