alpha,s
0.6313491677657816,0.0
0.34723217971645853,0.399744221532863
0.07718545363936531,1.4274545994626802
0.07372652448913289,2.8312813062080076
0.0,4.256189399254385
1.0,5.9751726937393626
