alpha,s
1.3401216842015817,0.0
1.4694599776567752,0.38571929831341695
0.8965254096262616,1.3331245650769368
0.0,2.9901371910086025
0.0,4.385476630009832
1.0,5.974888101197115
