alpha,s
1.3214891969437006,0.0
1.317031492352673,0.4967390964109482
0.5348062602551339,1.5400287044971088
0.42063532883948496,2.888615420027952
0.8457421616148305,4.3454822316450965
1.0,5.993594468455969
