alpha,s
1.089116676483684,0.0
0.8883329413621207,0.41517440793692695
0.27405186985436153,1.4258859866654112
0.5439940388327098,2.67763402138796
0.861336000027699,4.2843304929712245
1.0,5.999193044239264
