alpha,s
1.2633984631761146,0.0
0.9383217498176913,0.042106049330441556
0.882200469100443,0.3112629411018979
0.682987290125426,1.3424110964034257
0.6935949144235355,3.5611393775935483
1.0,5.969553836618181
