alpha,s
1.1213652610174434,0.0
1.0093653305037267,0.399558354412811
0.5781908537993599,1.328325881448701
0.192877302758779,2.606231756275327
0.0,4.499627435271934
1.0,5.992663402492129
