alpha,s
1.0862282812413635,0.0
0.9683669697933496,0.1773442626723883
1.0069744352422754,0.4935286556303218
0.9944971172380226,1.100486537366532
0.8740881476316564,2.906962208279475
1.0,5.998871524201528
