alpha,s
0.9339056100194456,0.0
0.9334934336320698,0.29693242997941066
1.1340772010460738,0.752140460293239
1.2455438664836713,1.425961190693891
2.1699988189663446,2.9605080395908066
1.0,5.98832046153156
