alpha,s
0.9703202828228693,0.0
1.0222028471178755,0.23905162571005875
1.0414692837622939,0.6834994831259376
1.1225364638373432,1.6536538192440633
10.680011351896333,3.6856444048808403
1.0,5.992204633808607
