alpha,s
1.0117291644710042,0.0
1.028276025134893,0.27337047447431473
0.9469420334448283,0.681078474892822
1.003144785082112,1.3658539477908231
1.0790278233900128,2.8462334473038284
1.0,5.996388491454898
