alpha,s
0.9684863946145715,0.0
1.152648597606043,0.5228168967281172
0.9957455402606474,1.4917491206351006
1.7278364634831673,2.8538228105238987
0.0,4.4334339766086845
1.0,5.999097806690511
