alpha,s
0.8010771273581098,0.0
0.7692164775230753,0.12301790895836681
1.1258858596589731,0.4029573784010388
1.3071807437731722,0.9543667185258667
4.106700139890571,2.517828090165586
1.0,5.907666722054583
