alpha,s
1.0762840446524453,0.0
1.8184905797781594,0.11479119987959956
1.386512784637657,0.24611643052614707
1.2809243701625845,0.6906148641277035
5.341526016797006,2.7154036807787354
1.0,5.995753649661683
