alpha,s
0.9798828390258625,0.0
0.8209505130020761,0.17569488233425176
0.8778756106913149,0.5267950960801708
1.2133177995734226,1.1758306618287084
1.7308478766579984,2.6752876105963446
1.0,5.976796512511463
