alpha,s
1.3104813525567864,0.0
1.1327548579700073,0.16384835640946818
1.0067354027738626,0.4433421695612935
1.1162644345059514,1.099196670231338
1.5273228408356112,2.992446392607504
1.0,5.976173560039731
