alpha,s
0.5457915236373762,0.0
0.3321279869307634,0.3705645203107876
0.0922365514710057,1.4212485927274017
0.03915077880812303,2.9790112499307586
0.0,4.455598733600246
1.0,5.995948528946705
