alpha,s
0.3818882630335743,0.0
0.261846467345286,0.4278803348913293
0.07255168542766169,1.4640851142795401
0.052938696347036705,3.024835398035765
0.0,4.462922808178652
1.0,5.970727346315331
