alpha,s
1.1509697969735522,0.0
1.1846404386483613,0.10952544182786338
1.0840550181619857,0.2952119442144846
1.0759760930432563,0.816218652864969
1.02091625448468,2.7682511770298377
1.0,5.999538900694629
