alpha,s
0.4559646459078362,0.0
0.6456641303100803,0.10952544182786338
0.7578649874565421,0.2952119442144846
0.937775937096652,0.816218652864969
0.9812011413634981,2.7682511770298377
1.0,5.999538900694629
