alpha,s
5.616010051948683,0.0
1.8969368351245752,0.05546920397966717
1.4212322211115966,0.3642066453373723
1.2614509555487912,1.428245081755153
3.6844285112511597,3.509080372540389
1.0,5.998939736264558
