alpha,s
0.9990836338086673,0.0
1.2449740223547177,0.17839205142815787
1.0079196457631685,0.44535210982356144
1.3376900408166295,1.1011210461203935
3.24518267475159,2.968722612418201
1.0,5.945538245820673
