alpha,s
1.5614778079423606,0.0
1.3858815869961916,0.4343515021315294
1.282279178036,1.4084406582896252
0.9090240393441382,2.824451417051341
1.7116785421586127,4.424345001787028
1.0,5.996915228542938
