alpha,s
1.176333759023455,0.0
0.9953761235482042,0.4243731185975657
1.227984568197098,1.3995966059264617
0.6928575694407061,2.7410030095528377
4.245042878478069,4.297719696052574
1.0,5.999199767036965
