alpha,s
1.0805616014722557,0.0
1.0640328473322989,0.17435251006258626
1.045741669761698,0.4650496205409534
0.8775494032802312,1.0659543453489615
1.4114701411150108,2.889352714937692
1.0,5.998207708660845
