alpha,s
1.0437249371210808,0.0
1.1410832571873224,0.1669126294936141
1.0518939211595546,0.42631319587055716
0.9413317460452187,1.0308631361972755
1.8719312811870084,2.8507290899972504
1.0,5.997639949864462
