alpha,s
1.4254708440739305,0.0
1.1731307188124513,0.12810419734040945
1.0141765633516602,0.4001612293493355
1.1203090601646046,0.9652714947858128
0.3597788166391433,2.6589085605435256
1.0,5.903490126243426
