alpha,s
1.0137865034638278,0.0
1.08904894562272,0.16037085026870979
1.0567045985288561,0.41429639206629654
0.8935442092658705,0.9649140850663365
1.2793596926424333,2.627607382796685
1.0,5.998194000462592
