alpha,s
1.243519611882109,0.0
1.0769007761446587,0.06885258833025286
0.8868962891899437,0.24703247353931054
0.9112983892539233,0.8337926412642505
2.2495087451210067,2.73568104470844
1.0,5.999314412662985
