alpha,s
1.245385414614884,0.0
1.4810845080535107,0.4641511875420201
1.0460435088700262,1.3955291033357995
0.8315549796720529,2.9600286726286784
0.0,4.498641130172514
1.0,5.962303702063053
