alpha,s
1.271906362765418,0.0
0.9446358370871686,0.24516017391470418
0.9459204578754266,0.7153850943881903
1.0030302029183409,1.540396995029289
0.894960833342192,3.21814589007045
1.0,5.906154582312584
