alpha,s
1.6364381805607628,0.0
1.6660209835962037,0.49305661795328315
7.6772076728677945,1.4604510409043177
0.0,2.7239078185518513
0.0,4.450211171774567
1.0,5.99860162783662
