alpha,s
1.1417476630238497,0.0
1.0355739396527837,0.17806782988279837
1.1775359271703716,0.48296766079320425
1.3214551935890357,1.052422900899276
5.856591996917544,2.783706074233368
1.0,5.9965992289110766
