alpha,s
0.9697367611850713,0.0
0.8342489111359762,0.4060627147371502
1.4754007696082427,1.376344661354373
6.910391164459936,2.778463481400363
0.0,4.255454808379663
1.0,5.982113774208402
