alpha,s
1.144645545608896,0.0
1.0816564465665615,0.2277681549159659
1.2141823416729176,0.6845394882504874
1.0768150879023033,1.6541875331357483
3.5723860674739276,3.8085607277715363
1.0,5.988945128495118
