alpha,s
0.42870318201754914,0.0
0.31989360581903725,0.40620550877071443
0.13163358688863033,1.3715800748185973
0.02042785288968014,2.8630764450747836
0.014367763460853143,4.369924896550115
1.0,5.99849718314624
