alpha,s
2.200411003640317,0.0
1.2273086154138717,0.04767124146207196
1.0898984298632133,0.39667639875870286
1.0740789948116753,1.5457146485931232
0.0,3.9505999167589754
1.0,5.992010754609008
