alpha,s
1.005366680411782,0.0
0.9740046544472402,0.4546793872449983
0.7534088168659367,1.3775381680910104
0.4827970475658511,2.649453029237602
0.44691445034394744,4.348784084059454
1.0,5.9901793480856576
