alpha,s
1.3577413012862225,0.0
1.2982855031359644,0.10220959350100849
1.0371777857643922,0.2920975674714133
1.0570366436047474,0.8462095964651994
1.1638075295827235,2.450657104837371
1.0,5.9937258736470005
