alpha,s
0.8050803871878865,0.0
0.9115718085865625,0.10220959350100849
0.8739367610795825,0.2920975674714133
1.0381557965352104,0.8462095964651994
1.2093603344693735,2.450657104837371
1.0,5.9937258736470005
