alpha,s
1.0481620436988204,0.0
1.0717945088786813,0.24105968958066581
0.9778927128428228,0.6859944511176479
1.095451908384385,1.7566044132610186
0.5493497270250558,3.63783713527509
1.0,5.997874830610894
