alpha,s
1.3872558738807135,0.0
1.0855006799533389,0.4440261820320221
1.969335575499247,1.5176847652336074
0.0,2.755390130381345
0.0,4.209664150807203
1.0,5.99598677893155
