alpha,s
1.4096436452478953,0.0
1.2878327231421989,0.06174938256705772
1.1777001106084932,0.21708755084570347
1.1358078222374135,0.7858691675483404
1.1123817357306889,2.7942128459828925
1.0,5.999173797992421
