alpha,s
5.823735549875325,0.0
1.705461147706321,0.050452996737406525
1.259291782867063,0.3868498689204692
1.4458056047337857,1.550965486164444
2.1089188000406063,3.6590267691535163
1.0,5.98956836620018
