alpha,s
1.0162043573700141,0.0
1.0520188050283192,0.1201212764127402
1.0957696316567722,0.347911559760686
1.172077410338992,0.8719799315077614
1.6662941945514396,2.9956363830243555
1.0,5.988756829888748
