alpha,s
1.401116736735445,0.0
1.2998053809653574,0.4082887666309578
2.735298597564332,1.597127026836628
0.0,2.967162118318411
0.0,4.680437611932274
1.0,5.990030498784453
