alpha,s
1.001424676641347,0.0
1.0736701884989195,0.18846481793360798
1.071909995629023,0.4623011360709353
0.9756144132701735,1.0149452841202597
1.0799646767447149,2.6696307309188385
1.0,5.990580025211039
