alpha,s
0.8990045996481716,0.0
1.017086203262764,0.2530248650772643
1.21329150972282,0.6587801147549955
1.4070460986282927,1.5373973802449588
0.0,3.686840853056317
1.0,5.999895849431815
