alpha,s
1.031872943706293,0.0
1.2733119809180982,0.11202930832169095
1.2582486884912973,0.3000133164375848
1.0192339744671675,0.8159754026895492
1.1590016774947156,2.93665103431539
1.0,5.975855971046856
