alpha,s
0.7918491242225693,0.0
0.7987980933595291,0.28006527603151393
0.93024551994408,0.8026277048455226
1.3215758257615882,1.745377779785076
5.510062027957991,3.7209749549161946
1.0,5.9957267392322775
