alpha,s
1.655692855764285,0.0
1.3450676198264517,0.06045821238566367
1.156492381246108,0.2210669329401449
1.024002432106006,0.7315593000954181
0.7767354372383154,2.7787359907299742
1.0,5.998416315532929
