alpha,s
1.0668460770318382,0.0
0.48884404083347455,0.04352973556554759
0.31537344182878885,0.42279009511757915
0.1552166806830003,1.5899326231377553
0.0,3.646051274603237
1.0,5.947217608536611
