alpha,s
0.9510239937961806,0.0
1.1659599562366492,0.24837365396446653
1.2418050146562631,0.6875026430104252
1.6018176566222764,1.6754201963196218
0.0,3.674336746614463
1.0,5.968619607539679
