alpha,s
1.1323887982084422,0.0
1.1885917109603976,0.4382754241815691
0.9186946667802255,1.4266904714863544
0.25065087597425595,2.86049177035201
0.0,4.452236822241956
1.0,5.997962257659395
