alpha,s
1.3967922349880753,0.0
0.9510200813948448,0.4041134969653905
1.5227988133050578,1.4694940345712924
6.05012306648798,2.7081884820694193
0.0,4.377019760902819
1.0,5.961652446611211
