alpha,s
1.099759828774817,0.0
0.606969174732903,0.5211986663933698
0.6609516224594317,1.65253455299941
0.18340201916206786,2.9423817334494444
0.3673525757991193,4.512862035757174
1.0,5.999708603710629
