alpha,s
0.9642814965498218,0.0
1.1426129547867019,0.17797711610110006
1.0590926175204387,0.4306905191429578
1.0345445173447956,1.0096771948919119
1.1545422795085298,2.702877162444739
1.0,5.991313615696416
