alpha,s
0.40046557304401054,0.0
0.5536706429169702,0.09519561189966193
0.7204594096101941,0.2774159247529429
0.7853535196901694,0.7481956332481188
0.873554432775989,2.7681765866916503
1.0,5.995958065284429
