alpha,s
1.033954619355267,0.0
1.0849900974506161,0.1835901923379087
1.0245966532072925,0.4755008484455649
1.0135818347189824,1.1388866074007427
0.7882015538648831,2.8324259045484665
1.0,5.999736188555166
