alpha,s
0.9734135761425704,0.0
0.9205755957127854,0.2880104662217084
0.9600068532457469,0.7149744312333911
1.0163277676614797,1.4360949723733556
0.8463764951051567,2.993860439481006
1.0,5.997809303643113
