alpha,s
1.5422929413829811,0.0
1.0130415281307672,0.40028937269681525
1.6208841350535677,1.4106057638078642
6.60559985146238,2.803672435729571
0.0,4.425445094989335
1.0,5.999065656220805
