alpha,s
1.5193685209107497,0.0
0.9638548104252596,0.4250385198427928
1.0350938306323731,1.3874922871209643
0.5421123670519946,2.7017251747538187
1.260881364329492,4.276717894468234
1.0,5.991534190456053
