alpha,s
0.9343579354374203,0.0
1.0182462754368478,0.3208220139242649
1.0920820102678188,0.748766892273076
1.003853238865245,1.3795817096361758
1.067009090693848,2.925521970997228
1.0,5.987002761943021
