alpha,s
1.428480904775147,0.0
1.2969320443421262,0.43209545757248347
1.0632609034519,1.446642329615705
0.49096400056645567,2.830022962755337
0.0,4.427713734667048
1.0,5.988857178928866
