alpha,s
0.9653015269954857,0.0
0.9620489196524467,0.17674640815221634
1.0148633023814742,0.4726019908616058
1.1395679141938595,1.0841481990877042
1.0817346507736285,2.8679042528111833
1.0,5.999420643705124
