alpha,s
1.2222544448927375,0.0
1.017546533648592,0.06581281040762386
1.0318285028937164,0.4714712544019227
0.44430513306627545,1.7570412110110218
0.7768240718900902,3.812134834437858
1.0,5.990912951547737
