alpha,s
1.020024686048819,0.0
1.2299307728410276,0.23772241214861525
0.7225434096440667,0.6338241933643869
0.8500139612416862,1.7330554721762081
0.0,3.7467629678513634
1.0,5.937114624306776
