alpha,s
1.1521153014586831,0.0
1.1943735917566112,0.25301237161144974
1.1370539853275454,0.6097927979244221
0.9407794308187089,1.2361904225641096
1.1968229526297538,2.8497536718599163
1.0,5.998081172748099
