alpha,s
0.36191456983917275,0.0
0.2308743716611313,0.07860882751998946
0.15756338631936267,0.5417934902972114
0.04507497511876313,1.7804080015109178
0.0,3.7545551516065796
1.0,5.985624808373188
