alpha,s
0.47524243806969846,0.0
0.6627637837282635,0.11414558256990603
0.7029466598618641,0.30041470114619684
0.7745582298070647,0.8266276889412597
1.2609827840383643,2.6993175021463847
1.0,5.9876996340561295
