alpha,s
1.3891297083561234,0.0
0.6938284132569535,0.3723494721236396
0.36252200828580533,1.3208620087360707
0.0,2.9383647708528597
0.0,4.4673195788078
1.0,5.9958850411127225
