alpha,s
1.0346059513892512,0.0
1.1236145643817443,0.2396344426000026
1.159282106257115,0.6904746093249402
0.8918351322163538,1.65575656991891
1.2235759535214665,3.6845589516309234
1.0,5.998593340216408
