alpha,s
0.6876406055506943,0.0
0.4736539794339022,0.047840411843068746
0.27677693951156557,0.3631763170637788
0.08811800171816468,1.5969929683747528
0.004997363553812344,3.6385722399757388
1.0,5.9942713649519614
