alpha,s
3.0890901967336495,0.0
1.3356003471199203,0.0043070368604156
1.161277174478187,0.0441578215375064
1.0782143567970464,0.1517482434182723
0.9335213823269595,0.4514640428394602
1.0,3.926525375919753
