alpha,s
0.9704590209290086,0.0
1.0415447947811811,0.19077607107191233
1.1649489264612876,0.4692414353417919
0.9878982346721453,1.006721801539994
0.8078177755311399,2.411760591227521
1.0,5.930000082177137
