alpha,s
0.8878985978081063,0.0
0.6770833808161436,0.4345579624160033
0.460925508034693,1.4089463448362864
0.20234697080556652,2.824904533338926
0.0,4.3897182353882584
1.0,5.997972412771471
