alpha,s
1.1298079691712382,0.0
1.219235043999175,0.07318283894802545
1.1789101208470727,0.23551914322747106
0.9536777360428398,0.7238955184312542
1.6380844529306404,2.832593309809895
1.0,5.954965932822546
