alpha,s
6.250704058087521,0.0
2.0376314496157044,0.047840411843068746
1.362602103530391,0.3631763170637788
1.188734789543727,1.5969929683747528
3.09659480912059,3.6385722399757388
1.0,5.9942713649519614
