alpha,s
1.6306832943185812,0.0
1.0153008135702632,0.34669590589511023
1.192650141395931,1.387814187164538
49.73170053196933,2.66285045928139
0.0,4.31940045766476
1.0,5.997422600348647
