alpha,s
6.494547719693781,0.0
1.8540870353978702,0.0466546761139332
1.5065278493233227,0.3826378253364321
1.0942272432951705,1.492584942673011
1.4636045115623435,3.6396135065838107
1.0,5.999005117916041
