alpha,s
0.9973056195953904,0.0
0.8986279410357996,0.4216967311722025
0.6818128432420931,1.3384871495585766
0.25488343277719744,2.739729662103728
0.14927041962993315,4.376952865195225
1.0,5.994554409627369
