alpha,s
1.0557129062714912,0.0
1.0653046386685956,0.18611232341308787
0.9997422075049002,0.486556294658915
1.0124330722126385,1.113861536446737
1.4288534461294933,2.8176768039761786
1.0,5.999461714625805
