alpha,s
0.9818214362205085,0.0
1.113818602197179,0.20332443366654293
1.0376386888056992,0.5116673089009849
1.1308820680824874,1.179894742066963
1.2776401189125086,2.8416597485544575
1.0,5.992583876728114
