alpha,s
1.0928420031896287,0.0
1.0987647482704188,0.1869542416391769
1.088285851351204,0.48695189992185767
1.0996202448960892,1.0777595811361143
1.022006455014608,2.7994894176917984
1.0,5.999707666219598
