alpha,s
0.7047086193298053,0.0
0.4659813835168564,0.42631572985639704
0.05403018749258792,1.558923350117142
0.04583149958432578,2.9874369260575353
0.0,4.566187818339131
1.0,5.99909323222568
