alpha,s
0.9348435886001412,0.0
1.0021940646550376,0.26271853223634467
1.0910978411167682,0.7389696423043326
1.0921378510116218,1.7762034367526423
3.9773664174361696,3.7356467800203506
1.0,5.99549081080503
