alpha,s
0.9622839359778298,0.0
0.9830089194897428,0.24093348978806056
1.086406130959696,0.6592444195624314
1.1166768524365254,1.6057417846766744
0.7978632618066386,3.5380826292402046
1.0,5.997443584186399
