alpha,s
1.1202866083875946,0.0
1.3813508835062753,0.17255875770893844
1.3548327850664486,0.42810995113098094
1.1372066892995383,0.9181204437715681
0.8701575376867554,2.1627208114611647
1.0,5.956045836122885
