alpha,s
1.713903441505056,0.0
1.2537785277391713,0.05787084952753706
1.1066489360698384,0.3615765062675674
1.3450148103241855,1.5359129217846932
3.22613754667054,3.7444979541195083
1.0,5.9973784970045045
