alpha,s
0.9134766433195075,0.0
0.71081228631233,0.4078415246774642
0.3968096212012581,1.3527256309003484
0.23336805730004034,2.8642755220527247
0.0,4.4025981579694236
1.0,5.9992391939095775
