alpha,s
0.9940330700181048,0.0
1.210944085903066,0.20717162530155517
1.1087234963059456,0.4687154554168013
0.7674676908980479,1.1224176027581787
0.9570984182804791,3.2064321864940797
1.0,5.991149990816685
