alpha,s
1.539728337957722,0.0
1.4693816625981224,0.06597729920671067
1.2162399984292345,0.2289010820126695
1.0656496910008244,0.7155562996287682
1.6226525287979516,2.8108171302903875
1.0,5.963895397317485
