alpha,s
0.5453709584391009,0.0
0.270963664623132,0.39953366811650876
0.1481033974184819,1.432601677707067
0.014848797088281912,2.904863175580358
0.0,4.556031094854429
1.0,5.998337760836086
