alpha,s
1.1049905215558342,0.0
1.1996038901071835,0.15826948382980657
1.0427077331854744,0.41170843571917093
1.0246342629501404,1.0036694071139602
2.142774862420058,2.576520268669119
1.0,5.988652602974709
