alpha,s
1.3365231691278265,0.0
0.9858651361686498,0.054067974124994166
0.8150725646167933,0.36231483612927523
0.3993940236715193,1.4160149039692063
0.2763463110883574,3.705671225014988
1.0,5.981064806430774
