alpha,s
1.3862506286661518,0.0
0.9484101858317766,0.43478196975216865
1.1053542668178264,1.5283975909201273
5.659191788489775,3.0303852449421487
0.0,4.468567041592264
1.0,5.973770242985918
