alpha,s
1.1361598560235733,0.0
1.0954442189082498,0.2283641905029369
0.9698215776475662,0.664835920423952
1.1032022276510822,1.7011960009611296
1.9447428613645255,3.7629626504941824
1.0,5.997432430446092
