alpha,s
1.1809363906251835,0.0
1.0259324253578932,0.17676621612558854
1.2112739507644943,0.4888826665279728
1.0779396693194245,1.0748631635959112
1.1282719214465788,2.7813728963161823
1.0,5.999649566296774
