alpha,s
1.0617932841586992,0.0
1.005113949745482,0.18685112403141452
1.0847504068052982,0.4987738795798967
1.0085491877661485,1.078729735555705
0.6328913385564752,2.8299835760818453
1.0,5.993841202278227
