alpha,s
1.2124948037321948,0.0
0.9575250903427457,0.4190486904695614
0.7375864075667107,1.3965044748989999
0.593159769226506,2.8187821340832553
0.0,4.353917639212096
1.0,5.99556140982764
