alpha,s
0.5033628751259669,0.0
0.3370076160986737,0.40718217135732476
0.15251278539462998,1.386834098821904
0.06910369331721217,2.8707553247405007
0.06112997265483678,4.530639045130123
1.0,5.996059800402156
