alpha,s
2.6111932902231754,0.0
1.434058121485948,0.0077809212120863004
1.03787105414232,0.08822206294961155
1.083334764369054,0.6235627982081896
2.564860114584006,2.6721827374961196
1.0,5.989183394354426
