alpha,s
0.35515430590099467,0.0
0.47346380119104015,0.12043380946369431
0.6488699166670795,0.38793255068103705
0.9584213634527571,1.0809222012842115
0.931044266645775,2.7128804628650456
1.0,5.974127971566999
