alpha,s
1.2727731602909211,0.0
1.1729959663371348,0.09645634440980268
0.8933204860295535,0.3039995735283568
0.8781661394537521,1.017069868466457
2.4889084987736623,3.1322026912426444
1.0,5.969109766221519
