alpha,s
0.4811575721091979,0.0
0.6249985369450087,0.09645634440980268
0.6457995666304478,0.3039995735283568
0.787479168470522,1.017069868466457
2.453759357814652,3.1322026912426444
1.0,5.969109766221519
