alpha,s
1.093180698835521,0.0
1.0009459079283627,0.09226058245175522
1.13695184031062,0.30169211223585723
0.7228713225487,0.7723296621247335
2.212124926533211,2.534771158720831
1.0,5.986736238124344
