alpha,s
0.32888684600564183,0.0
0.46137837664533254,0.09226058245175522
0.7275295605208363,0.30169211223585723
0.6237792222693876,0.7723296621247335
2.1100920008448942,2.534771158720831
1.0,5.986736238124344
