alpha,s
0.7861070762400298,0.0
0.6915978134222615,0.48418247040056395
0.2550869029334246,1.5264542050786982
0.1397103442060601,2.9026991094361043
0.0,4.720724375233803
1.0,5.992783376600846
