alpha,s
1.7802531802162518,0.0
1.6944432738143933,0.06526800545199071
1.2422178261274834,0.21852282738134182
1.140030608623477,0.8730570123847766
5.032509559173959,3.0179268843076876
1.0,5.988590225925003
