alpha,s
0.28635826394710917,0.0
0.3977645570420558,0.10816529980617448
0.6648956569604196,0.3412086810994613
1.02540590995377,0.8558278289172214
0.7876105396356851,2.651753879116103
1.0,5.974171382278626
