alpha,s
1.0858007319590903,0.0
0.9801663769606931,0.17450128557977185
0.9074405259572923,0.44677099483547006
0.7107383900866702,1.1955739003073138
0.5244271431126112,3.16532820428233
1.0,5.98814746601046
