alpha,s
1.2715422134495,0.0
1.2430662802480692,0.3914856025195663
1.449995838365835,1.2621161152535731
0.0,2.980453950836256
0.0,4.43529977855976
1.0,5.970636376577202
