alpha,s
0.6377132259678382,0.0
0.302025738315303,0.3948827406109893
0.14458562173231673,1.4579153838559424
0.06364207603735236,2.74951062012197
0.019827164451910656,4.4192137321992195
1.0,5.993323208064014
