alpha,s
4.2725428695015415,0.0
1.4527513471939428,0.005384212267398483
1.1674898664502469,0.049185761283978016
0.9895403612420917,0.1709282449381048
0.9791774849759229,0.5230459364129993
1.0,4.7719720135920864
