alpha,s
1.4307494474212423,0.0
1.0095779992050753,0.0562098391365857
0.8286081420101419,0.3952635940053855
0.6676310696026565,1.5216053971579002
0.0674041309009618,3.585089915335864
1.0,5.999262927284509
