alpha,s
0.9209147487166911,0.0
0.8130846603593246,0.19188123072917768
1.097490917663876,0.5286112157095585
0.8988535324969417,1.0262941467191888
2.1692746808205934,2.6959633803210425
1.0,5.991394083643619
