alpha,s
0.7408182314002628,0.0
1.0199746994871717,0.29633215578039407
0.9971266489038921,0.7362191383720946
2.060690054069011,1.7998154542668037
0.0,3.7791957212278477
1.0,5.985356729315571
