alpha,s
1.118450105569758,0.0
0.98682289597558,0.39660103718054757
1.064398453885138,1.3328626313220653
1.1365552222906097,2.6804054110092
42.42267823878261,4.316283085583176
1.0,5.997023458256772
