alpha,s
3.0851235668835915,0.0
1.430272301923247,0.009532005119537963
1.0998234509297555,0.12350742101953026
0.6729014885976891,0.6852755554213765
0.39950377021780353,2.96537240863656
1.0,5.981029298050773
