alpha,s
1.500584826422322,0.0
1.123784600646763,0.3556469773942163
1.753468157067914,1.2996943247351322
5.059425767264503,2.642124118588994
0.0,4.320928248188567
1.0,5.989875459217178
