alpha,s
2.4060276850820563,0.0
1.3915149943510032,0.00964780720750006
1.0663067507138724,0.10400146657191923
0.9246434439205083,0.6469445751691035
0.7256241831548272,2.75952438881064
1.0,5.991926733299463
