alpha,s
0.41059586803876935,0.0
0.577971033500193,0.1088037699234285
0.7567690780769832,0.3164461752889045
0.9719880352279374,0.8671293643647774
1.5841154725821605,2.6436419279367587
1.0,5.988171623145732
