alpha,s
2.778396431330429,0.0
1.4042771555537406,0.006606895288087303
1.1315467526863743,0.10019786676719614
0.9640766344154914,0.6254797887481655
0.0,2.494966722065675
1.0,5.957197123148111
