alpha,s
0.45470608698913323,0.0
0.6089802550770009,0.0950643992248783
0.7448817075531572,0.2790253467926324
0.8194370078261327,0.7763335352262926
1.2343404380134346,2.6574959878632822
1.0,5.997079251680494
