alpha,s
0.936304148437232,0.0
1.1858656633633424,0.20485777384465081
0.9712942756244102,0.46283521853649917
1.0053458239096997,1.074952278888056
1.9414454753807964,2.855619336693793
1.0,5.98839009688821
