alpha,s
0.6632759422007157,0.0
0.44710392978232516,0.04288756300769346
0.2101315610526998,0.3503723283219298
0.13293283171398837,1.5319374314133234
0.0,3.5228546775543492
1.0,5.9804106439733165
