alpha,s
0.9698830335739345,0.0
1.1437362192711102,0.3068271118816738
1.0769996323086386,0.6823783611361633
1.2152366153414913,1.3537686843743353
1.3764379757065053,2.9242931254557925
1.0,5.998892696813745
