alpha,s
0.49603781470557845,0.0
0.6833991928653699,0.11908882680012253
0.8158855236741493,0.31514005033528236
0.6701022735234399,0.8958699216978071
0.26113920139111496,2.789988741422688
1.0,5.9968790782425145
