alpha,s
1.187247764221384,0.0
1.254403810883691,0.11908882680012253
1.1710006404306887,0.31514005033528236
0.8512033422190189,0.8958699216978071
0.4506756935141487,2.789988741422688
1.0,5.9968790782425145
