alpha,s
2.073053996211953,0.0
1.8244550781480326,0.06583593694984205
1.165752935646983,0.22397038135205044
1.3504879709110043,0.8013987362399915
3.46325376430124,2.73962925748351
1.0,5.934687744392724
