alpha,s
1.4509730712432234,0.0
1.2602349392453889,0.4416213805592797
1.1883972621667034,1.3575017047010014
2.1533296483757054,2.7809045623858455
0.0,4.480295611647855
1.0,5.998165253855941
