alpha,s
1.3564006577263188,0.0
1.0970742520737453,0.22020690483492833
1.1041805818232422,0.7319311165364144
1.1726117889841274,1.7336818895329147
4.387392352927533,3.8851655182625713
1.0,5.995038235949783
