alpha,s
0.9543117209195595,0.0
0.9541737811525701,0.1775852739621765
0.9895815114399859,0.4806323587929047
1.2172757304566653,1.061880874164945
6.102929112105586,2.8244529949550485
1.0,5.987367067663126
