alpha,s
1.2527519771897606,0.0
0.9405745624512417,0.38286573659461837
0.7197182226989419,1.498409453540049
0.7710869865965102,3.044000613952824
0.0,4.508551686585881
1.0,5.9920596880267984
