alpha,s
1.0217381060967559,0.0
1.079807147082711,0.2345091177813725
1.1456178506238077,0.6276517998705389
1.2128161441483467,1.5483106489141436
1.4927945340840765,3.3991817394462114
1.0,5.993656862295387
