alpha,s
1.2037230155187975,0.0
0.9972083236282699,0.4279787695543175
0.6843161457306002,1.4191625882333836
0.9204233227183141,2.899894604239504
0.0,4.388991842942751
1.0,5.997934856295826
