alpha,s
0.9922096730810998,0.0
1.0076525764785846,0.2919096223758868
1.0014457604187486,0.7215208610187103
0.9611464297551269,1.4513105518057972
0.9654163663326348,3.0747360743357115
1.0,5.982619839819556
