alpha,s
0.9302192851182315,0.0
0.9582621490111012,0.30043113272529387
1.0434845745231576,0.7131183063959735
0.9453459898465594,1.3988457409235882
1.107109528767069,2.9845525246424263
1.0,5.995488434990406
