alpha,s
0.8767323312019478,0.0
0.6046950739435588,0.437435261035715
0.3233891767046808,1.320943586651054
0.03323425861721385,2.7640399318021664
0.0,4.441792292516405
1.0,5.994535319434256
