alpha,s
0.9462782047252613,0.0
0.8490392374571427,0.45066704414623454
0.7107727852433526,1.403235049573313
0.3024115272490099,2.8270284517846407
1.1592537096073376,4.329035853805437
1.0,5.9858925483214245
