alpha,s
0.9422132039876293,0.0
0.4946874904266897,0.042183720116770886
0.35109324511162754,0.36762309273009786
0.12395483032120863,1.429133338133871
0.016620772216999844,3.412247650532445
1.0,5.982925502120115
