alpha,s
5.398441249857836,0.0
1.6169459982124514,0.054737535244092715
1.3331687694688108,0.41807747970488796
1.386994013693779,1.5025033631299916
2.960098296198425,3.6796306756922053
1.0,5.996490759493554
