alpha,s
1.7459448469976337,0.0
1.329869235470815,0.0535882068506695
1.2803292692474706,0.20616383420806636
1.6541567122461223,0.7367015272361153
1.6869467974947951,2.714665592244977
1.0,5.969001278003349
