alpha,s
1.0954602429415463,0.0
1.1161017345467845,0.45681323857417516
1.0339784746924232,1.4599689477393016
0.9037648209970025,2.978605341537672
0.0,4.488580567537991
1.0,5.999734796001572
