alpha,s
0.9920163113628426,0.0
0.8144917577017851,0.24951949048496558
0.7821934622305798,0.7553780594352764
0.5053171587680798,1.7111462204367431
0.0,3.4404849390712804
1.0,5.972120793000456
