alpha,s
1.0191197847080007,0.0
0.9940722152379854,0.27797559003454514
1.522753203448348,0.751090503386657
1.0859991801208684,1.7009938762300847
0.0,3.5652966437689684
1.0,5.982784519260577
