alpha,s
1.0646738527639088,0.0
1.2098277693594128,0.17515158461052224
0.8900462398835969,0.44252703413184086
0.9329447077677185,1.132832408584313
0.8546692362543716,2.7982517921625494
1.0,5.957936357495563
