alpha,s
1.2410900926601172,0.0
1.1578487562609412,0.1309625672508256
0.9602596863702842,0.3950308710529061
1.1866974849145484,1.1088196358556692
0.3603502149399423,2.948638710537203
1.0,5.984884084937066
