alpha,s
0.4577807978740466,0.0
0.5959935266276507,0.09953083152565552
0.7511693129968022,0.3027795776310617
0.6556672046319553,0.8457681233447684
1.0306175028909408,2.6895687352115227
1.0,5.999415960018328
