alpha,s
1.2515083122563606,0.0
1.3041559145032215,0.48612520664811876
0.5989532809932175,1.5405930877778573
0.6383365137046318,3.2032264867355438
0.0,4.469628769957124
1.0,5.967446536148252
