alpha,s
1.0449995605651066,0.0
1.109652771332352,0.17135089110163865
0.8463981094838363,0.4337996813869964
0.9112978061367847,1.079615483320554
0.8437392566052857,2.866243984772447
1.0,5.986834804589352
