alpha,s
0.488982436452048,0.0
0.28467599114533226,0.38953173001333286
0.09743474961449067,1.3805034975462867
0.034687629227807056,2.8007938582733907
0.0,4.453865045605941
1.0,5.9971021112684095
