alpha,s
1.0019801177177425,0.0
0.9214061502684873,0.28003051883103275
1.0473332950685856,0.6958813530218676
1.2108600448837272,1.3368341723649322
1.9691671256256662,2.910428944465066
1.0,5.96576543002495
