alpha,s
1.0875441658663607,0.0
1.023180841421496,0.5187732558873331
0.6288068753299476,1.4870341549035508
0.15279326192260695,2.857581153781401
3.60576423464573,4.401551303012266
1.0,5.993123825342507
