alpha,s
1.2325475575759945,0.0
1.287808928890553,0.21489738231583128
1.3097324760294167,0.6065439110588403
1.8187823687888882,1.534258209617611
0.0,3.6338729992377834
1.0,5.960412893585435
