alpha,s
1.0315481976676437,0.0
1.3780039972082183,0.2818784710520348
1.2558680229505035,0.7394471383755794
1.4230115829320187,1.7351290567794835
0.0,3.745837193278121
1.0,5.992989655677186
