alpha,s
1.1336401021820808,0.0
1.2497780679434927,0.07016612425041113
1.2380866323631377,0.20872866425366335
1.2618980208979111,0.621026179768663
2.444721385779543,2.649981003785969
1.0,5.997855001376932
