alpha,s
1.0679148825670413,0.0
1.1249805413647478,0.27882892117346025
0.9123026592339021,0.6402435713522899
0.8636954419104341,1.3786097192587254
1.7246421958206106,2.9819680569944764
1.0,5.993149848722507
