alpha,s
0.9415976684153115,0.0
1.0134034569290604,0.20148142093562707
0.8871742541588763,0.5017993146907126
1.4157391980690959,1.0938340950903833
0.5035304728491661,2.5601968695123007
1.0,5.971589755268539
