alpha,s
1.2677773122076925,0.0
0.8670621555468428,0.36014669271794725
1.1983173524244404,1.2382440249217406
0.5038097504868934,2.6379128944758135
4.073364253574981,4.387453820388755
1.0,5.984118621246839
