alpha,s
1.205847317590544,0.0
0.9427957336772275,0.05239122286047707
0.9182224122610205,0.39399804585410725
0.9158887523774595,1.4761772941272857
2.74682554104732,3.5835675409401504
1.0,5.995003662313212
