alpha,s
0.3007900677257304,0.0
0.4941126369550141,0.11444551715172083
0.7708956255703665,0.30203095471290325
0.6561333683876998,0.7701607130421407
0.20406913486288755,2.6717005609533824
1.0,5.998667467578608
