alpha,s
0.9052164353103003,0.0
1.0235598013990093,0.2449684270565004
0.9761899861390413,0.6851553301974357
0.9498483125564823,1.717111228285095
0.7949714143182279,3.76788623391169
1.0,5.973132158254914
