alpha,s
1.0616280844675934,0.0
1.1114111730834604,0.246459325294119
1.0212531702437964,0.6866355167437929
1.060267417254092,1.7244798032997481
1.904602482483466,3.6651845356511576
1.0,5.99867280120333
