alpha,s
1.3029761761983594,0.0
1.1369865878340597,0.19911584817230307
0.9754327130436163,0.6419495121711125
1.110889716628261,1.7469779891629147
2.7698294247946826,3.560750388538412
1.0,5.973264228725419
