alpha,s
0.9378886395269824,0.0
0.9885537985564428,0.2005513208365617
0.9709578688186634,0.4954831323092514
0.652841607267547,1.0975764900441851
0.2963875411654404,2.948131888226875
1.0,5.960928350097354
