alpha,s
1.0027078855187748,0.0
0.9690315715346639,0.26628689368384023
1.3219156470499034,0.7032311238803428
0.883013695194246,1.313727059256533
1.6577287372673934,2.938093378821227
1.0,5.975160037275615
