alpha,s
1.4084975659847447,0.0
1.1376459425887473,0.16108771432727328
1.4794197401682252,0.4589806656716363
0.9461410915303661,0.973629594800361
0.0,2.8606761345748937
1.0,5.957479888253827
