alpha,s
1.7976375874613084,0.0
1.507687761227727,0.05981219757168857
0.9693221201831107,0.2108631878190505
1.3743312813433468,0.8474106592174169
0.8835889617387281,2.7153321464054403
1.0,5.999043406164551
