alpha,s
1.1913784819766209,0.0
0.9068574902071797,0.4933159533909839
1.1651470107599087,1.5266293288187518
4.828100790093108,2.8048675802413165
0.0,4.467240434708839
1.0,5.999549287931737
