alpha,s
1.0659188998683216,0.0
0.9325500183941206,0.08977722816684132
0.858525379304489,0.4834535376328196
0.7552526712209136,1.568698369439985
0.0,3.737935627460174
1.0,5.980194345897004
