alpha,s
2.8111033725698102,0.0
1.4431540383144983,0.007974970702218706
1.160415909983664,0.0962364033136959
0.8644975272886476,0.599405200253054
0.3544525356221003,2.805585052237623
1.0,5.990074989562822
