alpha,s
0.9948590709936599,0.0
1.1335141047080082,0.2841749575384701
0.9605207377759952,0.659381052887967
0.9945861072644667,1.3891551789085828
0.6389977385220218,2.9824318153993152
1.0,5.983340844730851
