alpha,s
1.3806316135938645,0.0
0.9250848930418885,0.3625004064297595
1.177091949352312,1.310559067612151
1.5792206652284242,2.7600716189063075
0.0,4.339325519705414
1.0,5.997125141996588
