alpha,s
2.8916174774612355,0.0
1.1342430347179269,0.00415061708593736
1.144109479482764,0.0492339843854113
1.0196658910770613,0.16288287797355364
0.9650634852071622,0.4710126588558343
1.0,4.09336035103867
