alpha,s
3.0134892485758584,0.0
2.032597696056918,0.010264104351605123
1.054212225324743,0.09834367902464179
1.2712726888316441,0.7730369054549927
3.6321384428926553,2.9672705817512615
1.0,5.970751019806911
