alpha,s
1.0135797535447164,0.0
1.085461555548207,0.1619871974745273
0.8775845553933644,0.41239542137634067
0.6277552931471098,1.0292868761209362
0.4290527533300565,2.8697218882134203
1.0,5.988076883712995
