alpha,s
1.1013395932762942,0.0
1.0504840784343363,0.23900381201224882
1.0428620988553148,0.6910507907357399
1.0830351796998663,1.7308562970533063
3.5020933323339465,3.6957715389349923
1.0,5.99893131861042
