alpha,s
1.2166095376301058,0.0
0.9773617251481945,0.3699652207133026
1.1286480999090107,1.3536400593112277
5.006711890219767,2.638881710860911
0.0,4.304457122666712
1.0,5.991945404936152
