alpha,s
1.3111210060922736,0.0
1.0646651676764167,0.4955815215779817
0.7624170071085627,1.6853653275237737
0.5737107700247664,3.02018692262299
0.0,4.282688226238771
1.0,5.998669730590567
