alpha,s
2.5143125095785046,0.0
1.639696679724953,0.0045984537732566
1.1705772100762113,0.0366900097924484
1.046757052690884,0.1393074731118697
0.9352420396212698,0.4435299555685602
1.0,4.566081603867088
