alpha,s
1.0348015114221978,0.0
1.0723929305058821,0.1583929849197997
0.9104006838466111,0.4099327376970456
0.942587379184857,0.9884416928746711
0.7464421953443916,2.663136841924107
1.0,5.999913623548902
