alpha,s
1.0964136381468417,0.0
0.9717095679602779,0.1826572304495473
0.9087009815481133,0.4870319264238208
1.0113667888651674,1.1368570735197199
0.9831954230006781,2.8919396108181514
1.0,5.99762639293894
