alpha,s
1.0420737312286563,0.0
1.0471365921368343,0.24432865835228154
0.9806499626928616,0.6862316765264266
1.1876447424516892,1.5494292788243527
0.0,3.6715685484548755
1.0,5.985449388697397
