alpha,s
1.297666496377485,0.0
1.040177627650887,0.3665222538230112
0.9662743991346746,1.2555259789131408
1.9047769474336804,2.6851606966584582
0.0,4.309844619429856
1.0,5.996693453168549
