alpha,s
1.577731744895911,0.0
1.1304155907413131,0.3665222538230112
1.0234995795578938,1.2555259789131408
2.1176289910559714,2.6851606966584582
0.0,4.309844619429856
1.0,5.996693453168549
