alpha,s
1.1462556007199198,0.0
1.1138146164414102,0.17989057972431627
1.0779596368084314,0.46626730285044055
0.9765194170357838,1.077799049538633
0.7397792684225926,3.0022756878243757
1.0,5.968862272552494
