alpha,s
1.4792085782711515,0.0
1.5713784079513258,0.10957926261303863
1.3110232786842355,0.29768023653475695
0.8809037073350094,0.7992362073246235
1.1230881977852916,2.608961959863177
1.0,5.993590128793011
