alpha,s
0.7079867134118617,0.0
0.9304103918810682,0.10957926261303863
0.9811376901660104,0.29768023653475695
0.8040526586242389,0.7992362073246235
1.151226806672744,2.608961959863177
1.0,5.993590128793011
