alpha,s
1.0232833457762092,0.0
1.0543813344786583,0.4625828437727484
1.087588104716126,1.4113348638063463
1.0040133647759304,2.821500902178442
2.945792296597227,4.396114803071719
1.0,5.9973149029818105
