alpha,s
1.03756891821915,0.0
0.9670018192137826,0.20144956142962842
1.166206244819282,0.5406108904787096
1.3678740792140365,1.1104569074335715
0.9965837705609624,2.6625216423282616
1.0,5.992776917536975
