alpha,s
1.0902519037924432,0.0
1.0774067140977832,0.1939496001556375
0.9793962473624926,0.5008849611509857
1.2342227847705005,1.110298838105018
1.2553427655905023,3.1310379255383882
1.0,5.942270381643344
