alpha,s
1.166425207022613,0.0
1.1803309376779099,0.1580102896762555
1.0905440029318056,0.4287812968702361
1.0686694172016071,1.111418538917873
1.4347312151250482,3.0883815713198266
1.0,5.999161138657456
