alpha,s
1.2087602153412762,0.0
1.0484193455596824,0.15067946705860863
1.088655782172004,0.4343344038546434
0.9270501423625611,1.0592416503711104
0.6981204563218766,2.840797930857206
1.0,5.963664441178205
