alpha,s
5.838658422492932,0.0
1.7638432636829233,0.0035275485105862804
1.1720847767937348,0.03794122232278608
1.0716024086320706,0.15269900307986511
1.0931455178055103,0.4646730201055299
1.0,4.711216938819347
