alpha,s
2.0168505177835856,0.0
1.1217474803910434,0.044922890959300195
1.1098532289209728,0.3851640733679151
1.0851389075264821,1.4604048370825484
0.9261951279741031,3.69359852767548
1.0,5.998468498446597
