alpha,s
1.4405487689114524,0.0
1.4985248182162805,0.47821839058859367
2.4049235377368516,1.5228730859457484
0.0,3.1267822551502453
0.0,4.503274969705293
1.0,5.978463301356594
