alpha,s
1.3393522890729792,0.0
1.0818403799357823,0.4063400606267039
1.4555346282342683,1.2788325694075047
6.209105696127741,2.8125453727378713
0.0,4.485775516617338
1.0,5.983577218121399
