alpha,s
3.3362367309418106,0.0
1.2277379347398125,0.005204919887462901
0.9401026405435488,0.04765812680301313
0.9024373718846317,0.17044538060058648
0.9387903233229553,0.5173196940190578
1.0,3.478577895378327
