alpha,s
1.5594607859091472,0.0
1.0415878961515324,0.05274549793642741
0.9040424323798921,0.38226501476179187
0.8551087785577732,1.4421403554338659
0.0,3.5754644342723174
1.0,5.998502250545753
