alpha,s
2.5481947975939683,0.0
3.020633506363868,0.07263043439989635
1.6295456575994436,0.18927133787062556
1.3603355865765232,0.7428478847061478
6.955055298740879,2.9070621107091967
1.0,5.9776517807049165
