alpha,s
1.5492970365926544,0.0
1.473463711066058,0.39135934177194975
1.0763976856534938,1.5791806968958308
1.4491785374187223,3.054587034337108
0.0,4.512384035737058
1.0,5.996855635425426
