alpha,s
1.1715433189652669,0.0
0.9427497427501066,0.08235586698988948
1.1189670010138464,0.29148188735341324
0.8892565678083727,0.7368402329754572
3.295873467357821,2.721834368064871
1.0,5.952325692988637
