alpha,s
2.285910926615601,0.0
1.61806436314676,0.05352878626559926
1.4917923818935448,0.23314887348554147
0.7238263496863142,0.8880948181232483
0.554515669086819,3.1081219931008115
1.0,5.960663624112379
