alpha,s
0.33622804110318805,0.0
0.15857080194320666,0.3769262540303622
0.0545538449522129,1.4578058554052788
0.02416508954661431,2.8636297862473037
0.0,4.443663646418315
1.0,5.999006099934643
