alpha,s
1.0838188865497236,0.0
1.0229812827412594,0.17269927852898637
0.9890672958814694,0.4450724227322145
0.9260946696271418,1.1323042538357508
0.14750424376462176,2.5826635503066977
1.0,5.987363095339619
