alpha,s
1.275290698107401,0.0
1.2749783968335382,0.39204672949163083
1.1846653787576586,1.3053434903677972
1.3627528309440975,2.9240344624440158
0.0,4.407983595649882
1.0,5.988497723503889
