alpha,s
1.270964507504304,0.0
1.1724211301933163,0.2525329831623288
0.966192255118521,0.6522897762541412
1.307640828063472,1.3319061646250305
2.2613906877901275,2.900485499460286
1.0,5.956766652444748
