alpha,s
0.9736756757593256,0.0
0.5775519865219932,0.38512959638940103
0.31695506119472383,1.4327317736359508
0.04654566637097047,2.9018549753457794
0.0,4.414016980472123
1.0,5.988640359860485
