alpha,s
1.0170359388812888,0.0
0.966847288516974,0.23053829850698868
1.147902018070055,0.6770838922351052
1.2233002313076489,1.5874820374729322
0.6843327344942175,3.563100045445751
1.0,5.999961545007654
