alpha,s
1.153001281739327,0.0
1.106956086115816,0.1499376410178767
1.1631060696590987,0.40631668309572855
1.0847715937925546,0.9260094029589987
1.0819370939973447,2.6594630662512477
1.0,5.988388068114545
