alpha,s
0.8730017633423478,0.0
0.7730301308879591,0.10435427924354243
1.3671104171992865,0.32570276994483743
0.7049290481449066,0.7614430156112818
3.5008051568850624,2.410161774559596
1.0,5.965629353475328
