alpha,s
2.3119462426385295,0.0
1.1537559926350751,0.011984120833564609
1.3459519779947196,0.1399274018967519
0.9937993332266185,0.6872353137058408
2.126976203761816,3.154963913327142
1.0,5.9950864505194605
