alpha,s
1.483288830407307,0.0
1.3905216759178545,0.0638126162226576
1.1105974634825804,0.21054644904721984
1.0263436517538236,0.75866180963295
1.0290206894403089,2.8072135592863066
1.0,5.985404151913667
