alpha,s
1.6004051705671931,0.0
1.3361451050730344,0.4281507962483106
1.1563012745102357,1.3492268427279381
0.7821016477961826,2.8004638021961465
0.0,4.432977540022123
1.0,5.999658950703291
