alpha,s
1.1726410471364566,0.0
1.0866700065355623,0.4281507962483106
0.8121746835966042,1.3492268427279381
0.35670861961966244,2.8004638021961465
0.0,4.432977540022123
1.0,5.999658950703291
