alpha,s
1.3100346468991928,0.0
0.7932580453461149,0.39622701195719107
0.5992141379258429,1.381283582074061
0.0,2.7356877007106637
0.0,4.358540758258473
1.0,5.9991208650694245
