alpha,s
3.740718826865062,0.0
1.630557695842899,0.008118600600797726
1.2410941671960694,0.1045427481256077
1.045930733958682,0.5971642411154665
0.9298554360855666,2.7270083605347533
1.0,5.999562766503364
