alpha,s
1.5888200175984695,0.0
1.3611819876287186,0.4433478585693872
1.2989743749636964,1.5118383389295145
9.672905210865512,2.788448821513597
0.0,4.302977762906601
1.0,5.998346130970895
