alpha,s
2.65116744629997,0.0
1.3037453241454942,0.005636144234361219
0.9937242845629243,0.047376501048973715
0.9142924940416367,0.1764240974700015
0.8946836462880526,0.5146872225809749
1.0,4.039392050004476
