alpha,s
0.8513909825146414,0.0
0.5588135549607526,0.05000959040579648
0.4017676180892914,0.4026983708856466
0.16001573434795405,1.541065923131777
0.008614157365788059,3.645398494440885
1.0,5.995395357352431
