alpha,s
0.6205558355783382,0.0
0.4328306887056863,0.44765963212840754
0.19228343664802114,1.4757029390723861
0.05181428125753948,2.9619874320877835
0.0,4.527583790250602
1.0,5.993587900656259
