alpha,s
2.510069224641233,0.0
1.214223498921425,0.010288373714994541
0.955917056371102,0.1257479421500453
0.9345627676857579,0.7514255697421711
2.643685912006251,2.836963610959689
1.0,5.989144452518428
