alpha,s
1.2798232576740984,0.0
0.8415753001479249,0.05370022621771291
0.8440640798603615,0.45398513378552224
0.6666368975883981,1.6025327035947081
0.18177674584281048,3.6150364260055223
1.0,5.9955138784283335
