alpha,s
1.1543746246363915,0.0
1.203799329301678,0.44276240838934955
1.046156634649419,1.4279030144645928
1.1637152582518278,2.6333792319443208
0.0,4.109601093017068
1.0,5.999564008179893
