alpha,s
0.9849415591034628,0.0
0.9713178318799982,0.23792323092826187
0.9884914674869977,0.668372663411984
1.0616867988580145,1.6253415016448995
0.8715809498948016,3.559167027800722
1.0,5.999949615693824
