alpha,s
0.5644264324683312,0.0
0.3037618873045613,0.39926018313870465
0.07683124916540067,1.550902825418465
0.015204403581795844,2.932747942983598
0.0,4.455308473622721
1.0,5.992451147656249
