alpha,s
0.9925530986016776,0.0
0.896069344849442,0.3719649592623271
0.366151435464537,1.1798928657192083
0.38277859186752217,2.6415609587051523
0.648938782572547,4.301289792029732
1.0,5.991643051098428
