alpha,s
1.1923196516698187,0.0
1.0619211444030001,0.16692037728712167
0.950256267445719,0.4646299484627489
1.1852119568059827,1.153320126337509
3.6092760055028563,2.8296993131869335
1.0,5.969046687663293
