alpha,s
1.1918713026376149,0.0
1.1058251103177295,0.15254806267177728
0.8767001799517118,0.42120389986895074
0.9182318097321334,1.0985936238334177
1.8008493431832402,2.8318147103280022
1.0,5.974715588001277
