alpha,s
2.832721866171363,0.0
1.1772092100928837,0.011584944187523644
1.0232005303916996,0.14714273865221925
0.9298500234030292,0.7537121499994487
0.21055295767769416,2.6339808037587233
1.0,5.961817640287768
