alpha,s
1.4316541763416513,0.0
1.2161594039863501,0.34525993350485373
1.2549927966745014,1.448913673959746
4.158394107498469,2.97792400640498
0.0,4.462090334389943
1.0,5.996609316935884
