alpha,s
1.1010030393752204,0.0
0.972321945899944,0.17038691534058456
0.9528891061902627,0.4626033256351822
0.9162789971106796,1.0402591189740802
0.6967235256358478,2.705329010729273
1.0,5.993495425607222
