alpha,s
3.40763152605839,0.0
1.5381040398362753,0.008401267191996542
1.1121201717065141,0.09796367576386339
1.051472918950707,0.5790526275271556
0.8140433050400837,2.717151141610699
1.0,5.99843454430049
