alpha,s
1.254884088562305,0.0
1.1167881227509535,0.4578414173482493
1.249928850867651,1.4426825534205123
1.0736752655034687,2.8786781532925265
0.0,4.396999769314362
1.0,5.99524598671664
