alpha,s
0.3988318366194155,0.0
0.4882053143005335,0.0955560508634675
0.676611051963879,0.31663259908196734
1.3851262237196762,0.9600548267792682
207.0880662579358,2.7593705355577844
1.0,5.98302854541604
