alpha,s
1.0961685865049957,0.0
1.0917274392678114,0.2595824204192364
1.0944224924900467,0.6526762776954727
1.0894865030303886,1.2928030102562211
1.154800754865495,2.6840732814983927
1.0,5.996611620121117
