alpha,s
1.1429696983742081,0.0
0.9091194724018752,0.4507047734782426
0.8066457859476208,1.4249340347844992
0.3622636461922942,2.686658863920821
3.0440248413234703,4.167598798571953
1.0,5.976686986827461
