alpha,s
1.032954868351307,0.0
1.0379422127695745,0.24985020724529838
1.028913139497878,0.7103338452869716
0.8404024395709329,1.784400402482712
0.7094954451024912,3.7320073733169443
1.0,5.99562096658692
