alpha,s
0.8306661102164636,0.0
1.0425249517309265,0.21825527181740936
1.068792316982228,0.505703058657753
1.012722370387952,1.056601726106876
2.9784758876273503,2.7233140970543133
1.0,5.996162178551957
