alpha,s
1.0712090629293127,0.0
1.1071822218385843,0.15720262695708434
1.0441439821179141,0.40192086000210225
0.8721990313981303,0.9522179277680204
0.602565535267835,2.5920175574114017
1.0,5.998118377981001
