alpha,s
1.1115131493995243,0.0
1.0100518263088176,0.16907002577726046
1.089741485939209,0.47009891295764344
1.0135948869170583,1.0331090517012604
0.6413444925730623,2.795874896799477
1.0,5.997754564691585
