alpha,s
1.1771596281596275,0.0
1.1968941599145273,0.05895226113339988
1.0377414924581183,0.18447029454433309
0.894856618612033,0.6733035435964837
0.21553609411863858,2.666932589586709
1.0,5.978922644698776
