alpha,s
1.3389918977494877,0.0
1.3120562636477218,0.06198309769941673
1.1938914152284688,0.20626753282217863
1.2481995965429722,0.6617817650385356
2.932242009682275,2.5476015989788885
1.0,5.98358785243947
