alpha,s
3.5251965082972383,0.0
1.5014185457938953,0.009393766225862443
1.1197474866067507,0.13194655591846402
1.1178606117636825,0.7902519834353299
0.0,2.897154716054513
1.0,5.872661927399945
