alpha,s
1.1493898733344092,0.0
1.0800887324141644,0.25530220525943587
1.0943682925043305,0.6587302006637041
1.6347324378688084,1.3747886173083241
4.160927706549742,2.7620066964858827
1.0,5.978714859871249
