alpha,s
1.0980213341134886,0.0
1.0203147731927709,0.07625756290662036
0.9194718524180502,0.2735131425974173
0.5864446181884149,0.9173157716931173
0.21470873405398297,3.097915483080261
1.0,5.9999436113277165
