alpha,s
5.14243339585949,0.0
1.8214846354455458,0.057490611026569466
1.3458871012602016,0.3951932628017643
1.3172503508095392,1.524787071430482
3.818361976689008,3.6619398458389423
1.0,5.996547131751659
