alpha,s
1.057659410304863,0.0
0.9448147357007998,0.27357028899990765
1.0675547612165812,0.6941476364924745
1.0881389392290448,1.3618306853522226
1.4928016438537854,2.9492281765413475
1.0,5.994543741815887
