alpha,s
0.5655188766892826,0.0
0.28397861845235506,0.4115426752996067
0.15166954802297558,1.5011429678628767
0.041981481670035146,2.894880114683492
0.0,4.425248448886096
1.0,5.996011786824942
