alpha,s
1.0948032311216087,0.0
1.0810349487370328,0.06607990911164463
0.9681160843083609,0.22536875072852838
0.8898271772250164,0.7318842652392855
0.4339976751238758,2.8232507032012997
1.0,5.970297981028847
