alpha,s
1.048053119542559,0.0
1.3290937453890628,0.38951765305739816
1.1094954426535195,1.0494703086429937
1.1814823342331175,2.7174573630518593
0.0,4.588402302424045
1.0,5.994091141644351
