alpha,s
1.0653461444524268,0.0
0.8715867654701602,0.42015922326588984
1.0608197567699258,1.3353114457741673
0.8321641539380098,2.7031179846925073
25.286790201323722,4.328515029241606
1.0,5.9985011941301165
