alpha,s
1.3516374994219469,0.0
0.9828823843544725,0.42015922326588984
1.1662112921295533,1.3353114457741673
0.92985593984025,2.7031179846925073
26.049161347508765,4.328515029241606
1.0,5.9985011941301165
