alpha,s
0.997733803799691,0.0
0.7728137324471587,0.40400005678604584
0.9437950980368289,1.4365562528397735
1.2087640561118151,2.7192135186611694
0.0,4.362543197563361
1.0,5.999187732305171
