alpha,s
1.3997546937094045,0.0
1.1165091918948526,0.4263481886101735
0.8262347083634127,1.5213232814086461
4.107314359560565,2.938527464039144
0.0,4.384207282331869
1.0,5.9889106682556505
