alpha,s
0.9671007135897012,0.0
0.50607679729954,0.41419037748701665
0.31954262897174407,1.4788990182698494
0.18322140171528575,2.9062349553813602
0.0,4.437277434557957
1.0,5.999898205254883
