alpha,s
1.03494069733138,0.0
1.0534544018135819,0.15762378306344965
1.1249951842264547,0.4234157595549225
0.9871104649531981,1.005834584364866
0.944475873294967,2.744642739441197
1.0,5.996360324663025
