alpha,s
16.109173212358662,0.0
3.0616938993668357,0.006443649405105301
1.767156269612965,0.07718627456069883
1.513697449083111,0.4185079616831997
5.52008977162581,2.113021966203417
1.0,5.942826246770583
