alpha,s
1.1613524941811968,0.0
1.2696392504072285,0.10110389645297935
1.1308447273941693,0.2694464316977442
0.9539542158250307,0.8232581314013101
6.301431092089006,2.7144499250241987
1.0,5.978760969973463
