alpha,s
1.2522272191658455,0.0
1.3002697788629873,0.06782387558667607
1.1424269733298122,0.21840963238104671
0.8993515586822144,0.7992705245705393
1.0229734718055683,2.8974643576401964
1.0,5.993546278835714
