alpha,s
1.2835788364589906,0.0
1.1410008284059858,0.10113484141552301
1.146331570278562,0.3048416650328524
1.0404470596266824,0.8136453324390919
1.2901028126021281,2.653675550008671
1.0,5.995648764379121
