alpha,s
1.1118184686882167,0.0
1.0044853328653147,0.49444863465803757
1.2006519635039723,1.6019202485232074
9.00678900336739,2.9005482203813098
0.0,4.52695695602092
1.0,5.995608170802413
