alpha,s
1.141859251081823,0.0
1.3916361470716698,0.16208314368138607
1.0779879046704948,0.40290162340223695
1.2661971134109145,1.0276392530514116
3.9453963959970824,3.026718822028124
1.0,5.9734020619770805
