alpha,s
0.9761557614913468,0.0
0.7792577491469941,0.2336480985120592
0.9992818869060027,0.7342696097801098
0.9867043422208059,1.6577990841195838
4.184153731932284,3.6454884177257525
1.0,5.961854005933207
