alpha,s
1.0927388710589654,0.0
1.03275047896954,0.17827262212808018
1.086122537713831,0.4778991997575085
1.078425851188541,1.0592336466083803
0.9007064217769115,2.785388354102952
1.0,5.996114933770133
