alpha,s
1.1579069587143025,0.0
1.0090323986075924,0.1691260885218709
1.0904075875941808,0.46136653859403914
0.8962947446111698,1.02784210875129
1.3184250542806049,2.552131846024275
1.0,5.993974930451092
