alpha,s
0.9925680567386982,0.0
0.913586149972065,0.16785219352676534
0.9588696489633961,0.46916229122456976
1.0178305340935418,1.0564780370924058
1.0974003457259485,2.652003149405772
1.0,5.993372092166428
