alpha,s
0.8256418823823951,0.0
0.8616592556189008,0.24759532450924304
0.9184672585470469,0.6829701107635208
1.4439311894960385,1.5279005391511726
0.0,3.4378961264731323
1.0,5.984668726171124
