alpha,s
0.9566727367057815,0.0
0.9720549857183498,0.4020178540373926
1.0750231151326994,1.3470930342627054
1.0556324475773442,2.533028921925699
0.0,4.336615679764164
1.0,5.989290285334068
