alpha,s
0.38065869120703144,0.0
0.49679824180276455,0.10180428158404058
0.8845356423975654,0.31850108900549046
0.7054720609315049,0.7661048388943587
2.6423559239729864,2.7079751724994687
1.0,5.946746869264215
