alpha,s
1.498388565076509,0.0
1.1574020863906467,0.4052629250647783
0.9899641482604463,1.4787851165501282
0.8619435787970482,2.9235439984739866
0.8506105335194369,4.460295118483336
1.0,5.993809218316745
