alpha,s
1.4361232059900626,0.0
1.4654068654413202,0.07072032595446515
1.093648134788184,0.23222980566601345
1.0421026572894094,0.8547811302429482
4.854669946743851,2.863780202254848
1.0,5.977878768487864
