alpha,s
1.1400430688902181,0.0
1.0204343169798513,0.15851882163452147
1.1638829838217557,0.44507449867464494
1.0779351310771605,1.0253043580144334
0.8661180340141821,2.9470624092190394
1.0,5.974722337754522
