alpha,s
1.0809756348259003,0.0
1.0440684946506524,0.17914706159021862
1.2374214504220533,0.4885430312487612
1.4281902422896977,1.0860587198827563
1.5836334893216961,2.8982553525373307
1.0,5.991562286333916
