alpha,s
1.3537262157311993,0.0
1.269733715137114,0.16143945479087365
1.2593187922663531,0.42696842849947275
1.5822744993440316,0.9718303024628698
13.737634966636243,2.7063074975088117
1.0,5.979474567085538
