alpha,s
0.5524820601091223,0.0
0.6031864820966423,0.10771351533603105
0.7915472615535396,0.3696729980533156
1.3437962567502946,1.011282126221598
0.5339694986659015,2.9396172983556728
1.0,5.953481208502653
