alpha,s
1.6043747900892893,0.0
1.0886366360905397,0.3727131081807732
0.9250971191410168,1.3888952400634824
1.2123304528338934,2.902384862943767
0.0,4.440164606770554
1.0,5.999598035292282
