alpha,s
1.031824972886287,0.0
1.1239248986827581,0.15979445136432452
1.1404122051455094,0.4229377142042042
1.3284429226718186,1.0018376660412014
1.2067216223414499,2.684079950221297
1.0,5.994599935009257
