alpha,s
0.3480296365386047,0.0
0.501359068361423,0.10558364944905616
0.6351027030313514,0.3027334395256266
0.6779793635586591,0.8890094979692157
0.888932507364098,2.9126515892874614
1.0,5.999385289570917
