alpha,s
1.1242127840201563,0.0
1.1225798949382015,0.10558364944905616
1.0017820700266398,0.3027334395256266
0.8205845554996674,0.8890094979692157
1.026196024740779,2.9126515892874614
1.0,5.999385289570917
