alpha,s
1.6106570938745277,0.0
1.014433706029322,0.047754760849096654
0.994922684383671,0.3872821451626721
1.2164754798326336,1.6279159342175458
0.0,3.6760848183444232
1.0,5.998393021969802
