alpha,s
1.0212633510899558,0.0
0.949201073389085,0.28076713143588894
1.128398935254093,0.7167499377221894
0.9151712028036242,1.428900835385332
1.2958600263904794,3.0049455149884685
1.0,5.973726950551059
