alpha,s
0.5304137138345643,0.0
0.35657079216792376,0.36619736749518994
0.13384181213501087,1.3089915652125659
0.04374267960244764,2.8092448312164793
0.0,4.417264554987722
1.0,5.998884201705891
