alpha,s
1.3054085779855635,0.0
1.0334728833023956,0.44466741201169535
1.862287540471291,1.4545552288899095
48.102259359297925,2.8545922010299773
0.0,4.476020670373165
1.0,5.9951095390993885
