alpha,s
0.3978218829439277,0.0
0.5464689591342617,0.10247010905219418
0.6727379221670337,0.300951160606697
0.7531004485323106,0.8375653586522752
0.7000155538950619,2.6113441021502606
1.0,5.996697217568437
