alpha,s
0.4894621614392234,0.0
0.6030754936304871,0.10612759351855654
0.7148411761961636,0.3419698126848331
0.8627446015351219,1.0206862496374751
0.5539106851816578,2.7886600622124442
1.0,5.999419477847782
