alpha,s
6.256344704969206,0.0
1.8722541520340208,0.05018987617367957
1.3440552038650564,0.4027472378454469
1.4087813465513916,1.60280158677217
0.0,3.627525397054003
1.0,5.992774549536824
