alpha,s
1.1095760754247146,0.0
1.065843842144339,0.23762360032301477
1.0632799601483744,0.680691253229054
1.058657251944868,1.711766053092517
1.1447043835366653,3.678746548635171
1.0,5.998299409830198
