alpha,s
1.346194179803998,0.0
1.3611542342536829,0.4578639056111056
0.42424355750717124,1.3680807843883487
0.6322613334057178,2.7500002730571556
1.3880522975717993,4.4222777082697595
1.0,5.985966496476026
