alpha,s
1.145969354535621,0.0
1.2596935885381735,0.11266499061765863
1.324640720910143,0.31105938667316213
1.0628007713980498,0.7895575307170197
62.48565011749019,2.9688303299305625
1.0,5.957973192582076
