alpha,s
0.39776342936684506,0.0
0.6388565938976218,0.11266499061765863
0.9203359554184709,0.31105938667316213
0.9403696793516272,0.7895575307170197
61.21323465829968,2.9688303299305625
1.0,5.957973192582076
