alpha,s
1.0851740626302837,0.0
1.022007429533868,0.18276816082012343
1.0018826238932477,0.49376713865143745
0.9935815090651384,1.1304281737625663
1.0831821413297646,2.8796333133730636
1.0,5.989706207448709
