alpha,s
1.281979079123,0.0
1.0575171560811352,0.43585717457460577
1.1528871437605692,1.423244221783413
0.4537273895710384,2.854357113056279
0.0,4.437950838585885
1.0,5.999452324338688
