alpha,s
0.9128629395440054,0.0
0.6392450741220999,0.4344152766377387
0.19059551190120844,1.3728696203636181
0.032565644982885514,2.892478882290588
0.0,4.425564619301388
1.0,5.981039335356873
