alpha,s
0.6945597200963611,0.0
0.47389202448277207,0.05048224475826058
0.2863407164353822,0.3620298390387889
0.10975369009594767,1.4100935837555701
0.00530519720388091,3.6000184623150053
1.0,5.995900768955705
