alpha,s
3.3588461765599367,0.0
1.4229184174275586,0.0053100929410084
1.0768123022744873,0.0441609406058596
1.0178006083280275,0.15853087774407032
0.9179584095906006,0.4595194893423177
1.0,3.695936692916213
