alpha,s
0.9404320475342769,0.0
0.9570369295409965,0.29679303727964534
0.9593902535289097,0.7015754658003281
0.9115126643340585,1.3704087621480874
0.8611388976832671,2.9221829978957596
1.0,5.994750523143422
