alpha,s
1.1916872038150836,0.0
1.0303580475971272,0.06359025181235264
0.9155345048865989,0.23014439154425637
0.9673133713755878,0.7398819055061899
0.502304876605875,2.3131298899133323
1.0,5.999098555637042
