alpha,s
1.0837137060293391,0.0
1.2678291068137235,0.18544425414773152
0.8365085768980112,0.4523758372404922
1.0731252893016092,1.1684777889630538
0.12628491804490866,2.513677783963281
1.0,5.965530186041793
