alpha,s
6.012629171867944,0.0
1.9638840112465497,0.04969350105106638
1.551399284547977,0.38548428667015
1.4337362991822802,1.5440121817197667
2.0422156624516368,3.6919088598237915
1.0,5.994655936225757
