alpha,s
0.7426074917054394,0.0
0.5155219246949041,0.4473812484939617
0.2648767218570777,1.4648399738520888
0.04318693542433979,2.8420868819170457
0.0,4.387082630004851
1.0,5.99847923270227
