alpha,s
1.1311384965488376,0.0
1.3307621784088548,0.426070484938953
0.936394981282522,1.342267411885047
0.32858121174401844,2.8077073936643795
0.6660289687618146,4.409364284904591
1.0,5.9845490670301125
