alpha,s
1.1888575903635124,0.0
1.2435411724952348,0.1581183913274139
0.9256729914002562,0.39081754941326446
1.2198121351817017,1.0443103527238218
1.7998781649920472,2.66552086380846
1.0,5.995478880438164
