alpha,s
1.3600849263179704,0.0
1.0047050573176386,0.0562098391365857
0.8430881046024564,0.3952635940053855
0.7091016777270378,1.5216053971579002
0.0781563798514682,3.585089915335864
1.0,5.999262927284509
