alpha,s
1.0092176754665887,0.0
1.0291743011816528,0.20129899294116074
1.0471066575007604,0.4946441284233617
0.981790382557032,1.0910127491791197
0.7318772028643694,2.8122560311912643
1.0,5.999087647702454
