alpha,s
1.0192649656551702,0.0
1.0069620827362002,0.4160214180680484
0.6855425745979133,1.3816806065760183
0.4941565748234451,2.6983147597104895
0.0,4.334984694428822
1.0,5.99729454056142
