alpha,s
3.1375654041924177,0.0
1.4937151899926482,0.007432418175312662
1.1979275543820351,0.09074884731905818
1.1282096892766065,0.5652446595958079
1.7095322633682672,2.703685939483925
1.0,5.994868987982597
