alpha,s
0.9554312468528913,0.0
0.8399303592986467,0.2938002997816606
1.176748194204179,0.772302541519248
1.243162839423673,1.4108055173895342
0.3112936252583325,2.7486487802219397
1.0,5.866324604950178
