alpha,s
1.1736609944271226,0.0
1.083468384324697,0.10095242219946486
0.9657155715726186,0.30956861837378097
1.0982475680732071,0.8778070992545222
2.0744806845897,2.567844288917018
1.0,5.994349871295718
