alpha,s
1.034962434474779,0.0
1.0316212400274039,0.1909755117197872
1.170778122203748,0.5010501996306908
1.1930617215292796,1.078099661446095
1.6031131481565646,2.912803017834858
1.0,5.992954233429864
