alpha,s
1.2167693722727495,0.0
1.171883537559925,0.09640574638577991
1.1216082531522427,0.29391711842431717
1.1787838180469925,0.8207991900594067
1.0150248514609543,2.8423516252440137
1.0,5.985068879570183
