alpha,s
0.3994191876172959,0.0
0.5508250771318508,0.09640574638577991
0.7315102138688725,0.29391711842431717
0.9938412867667127,0.8207991900594067
0.8947936153403709,2.8423516252440137
1.0,5.985068879570183
