alpha,s
1.0595552358338634,0.0
1.0615889234991898,0.1880323407757198
1.0345899831613525,0.4845054753581768
0.961593624632616,1.1002184028322288
0.8322896441414901,2.858561740353154
1.0,5.998804729732726
