alpha,s
1.0259798133496187,0.0
1.082954383028059,0.2582813926734041
1.1419378279202312,0.7053721750825938
1.1368186551412145,1.6614524165246718
2.378876765216018,3.4344074285458626
1.0,5.993405083750998
