alpha,s
0.9995715483338776,0.0
1.0207361056840878,0.25378782924056403
0.7183550695828607,0.6292858077042132
1.0194987758771483,1.4722004478268043
1.1480992335757578,2.822208533832223
1.0,5.9997640332393205
