alpha,s
7.362174154489696,0.0
2.4085098236689055,0.009518775329926302
1.3152138396290898,0.0885885675565366
0.8707099790753116,0.5348712479652283
1.2509969153908465,2.6106029029445295
1.0,5.996613006900013
