alpha,s
0.6609066269177604,0.0
0.3333059829417385,0.43736687079841197
0.14550598078766874,1.449211129148002
0.052928117395477876,2.876242773431989
0.0,4.4447942289097675
1.0,5.998212816671137
