alpha,s
0.34299854963207865,0.0
0.2017400181314656,0.3496742904209596
0.09140397345338329,1.355746105635844
0.03769333897924985,2.752330870377908
0.0,4.3424267252851285
1.0,5.97998625701611
