alpha,s
0.4133375512535818,0.0
0.22482862074339857,0.36777054333912845
0.15351638329644401,1.3623361599990318
0.023304493437051727,2.7253957298483416
0.0,4.4100195978671675
1.0,5.99237122223401
