alpha,s
0.5585679251691597,0.0
0.6129843808601347,0.4143575773554904
0.326186820295278,1.2346978827155033
0.0,2.6272242431516775
0.0,4.390512068711986
1.0,5.996276954595806
