alpha,s
1.0315517491639168,0.0
1.1542070703161809,0.19018102832878755
1.1302690038779695,0.47811226707958726
1.037142770421886,1.103647499674461
1.7339917811145376,2.9588292519860993
1.0,5.988912447114897
