alpha,s
1.0611219661390248,0.0
0.9185298022428879,0.3469234743286497
1.2731583578464345,1.3038130567413615
11.283560752638781,2.6138918082188494
0.0,4.292314055036465
1.0,5.990203167683832
