alpha,s
0.45989689809592027,0.0
0.3277971577429471,0.057586283330931756
0.23953277905992823,0.394512322546056
0.04336386315559272,1.3501108419174106
0.010581231176760473,3.8252814676704596
1.0,5.995739886122711
