alpha,s
3.9195651282428754,0.0
1.4466700251729723,0.0054538656684731
1.048575211216573,0.0517606011773939
1.166035799318144,0.1857898031317105
1.2472684565872858,0.4785079375992515
1.0,4.158261480124835
