alpha,s
1.0803266691666336,0.0
1.3180603935548048,0.10639556849647831
1.0446983946713815,0.28855914703058716
1.2116096567130707,0.8535416880660835
14.49674884485766,2.4852345048454514
1.0,5.94334745907787
