alpha,s
0.42317282109471943,0.0
0.7245202108940957,0.10639556849647831
0.7600362818480566,0.28855914703058716
1.0892281351452966,0.8535416880660835
14.16163716272749,2.4852345048454514
1.0,5.94334745907787
