alpha,s
1.0386536319046864,0.0
1.0249771422439031,0.2789311595316631
0.9547573139248776,0.6683438417273647
0.8671810793745821,1.3695898497423222
0.8464143781701915,2.9536170468847818
1.0,5.994998128454293
