alpha,s
1.059289673035575,0.0
1.0401935892328378,0.2297163792875913
1.0396891488583018,0.6518858200819049
1.1605507141369424,1.6427875155393377
3.4801436013067275,3.5913309388066867
1.0,5.999236652067609
