alpha,s
1.4196555349662623,0.0
0.9863789142381028,0.43119006118685654
0.9090745073791225,1.4935485417574255
1.2634679659782375,2.894854245883767
0.0,4.388796486209161
1.0,5.996628878946023
