alpha,s
0.43422513851339406,0.0
0.5460955186987466,0.10583394571004967
0.8353529476131795,0.30067550732476894
0.8827386802578285,0.7904595059145301
0.6461887561510481,2.8575057554452354
1.0,5.976239573154062
