alpha,s
1.0993650374464754,0.0
1.0317048544947083,0.10583394571004967
1.192006576093228,0.30067550732476894
1.036872714231686,0.7904595059145301
0.7650032585322992,2.8575057554452354
1.0,5.976239573154062
