alpha,s
1.004152178744526,0.0
0.949638593071369,0.17140589487528074
1.0210989908838597,0.4788349985351722
0.9170182871900374,1.099307023250327
2.01996921175352,2.868898418318204
1.0,5.984521955845553
