alpha,s
1.3509750599491757,0.0
1.0339179651941517,0.16171263150903872
1.190412595913472,0.4882497859069171
1.1780239673874584,1.132604561084335
21.297546629282294,3.0059824775442627
1.0,5.925635536797948
