alpha,s
1.0925635012107457,0.0
1.1121080511647055,0.45049942277082416
0.8920512599885652,1.413741526082626
1.1582225884777642,2.820850556940794
39.810291989642906,4.3977539818495535
1.0,5.998706094618527
