alpha,s
1.1651743898170541,0.0
1.0939759498734825,0.11777363730506334
1.0653957185186473,0.34842254298639563
1.1165597605671085,0.9304968309229874
2.026755261733448,2.7941970427220904
1.0,5.9974901163930525
