alpha,s
0.5236832000248111,0.0
0.6425149198666469,0.11777363730506334
0.7976448208129759,0.34842254298639563
1.0015617388470026,0.9304968309229874
1.9614731679971409,2.7941970427220904
1.0,5.9974901163930525
