alpha,s
1.5146124010027104,0.0
1.2479466097634568,0.4522894171847861
0.9031097544775977,1.4631927286354467
1.665937830590404,2.870951876273553
0.0,4.397150095729377
1.0,5.999520491008971
