alpha,s
2.9730978216787998,0.0
1.572152895540613,0.009111431634756181
1.263818332999229,0.1011912027695075
1.060491829642875,0.5877470491671897
0.37483682295605464,2.9099324186613234
1.0,5.999401173652733
