alpha,s
1.1863364466665625,0.0
1.1856668130455799,0.21640608817313253
1.2578346542940253,0.6324288582503272
1.221331438722721,1.61494354321022
0.0,3.838942961676358
1.0,5.99991218709953
