alpha,s
0.4192211656811732,0.0
0.5307059546682908,0.10023627640208799
0.7422464509150914,0.31304193514804973
0.753246172748448,0.881289040096106
0.7826966680705513,2.806689870326717
1.0,5.999151405442074
