alpha,s
1.0436396799325216,0.0
0.9045117515025592,0.26012447454570625
1.0075961759611414,0.6509830911857867
1.1113909567675875,1.278321880242463
0.5247006344640383,2.493646462798493
1.0,5.993597071713152
