alpha,s
1.017356316255113,0.0
1.0274205330948725,0.28118406777526755
1.0156949310375796,0.6831755097894782
1.0304353714615058,1.3951918777263368
1.0299805850072024,3.0455682255790193
1.0,5.999221510120034
