alpha,s
1.0600006991915136,0.0
1.2872628393881773,0.17532680681286408
1.1013213311863141,0.3994997795916328
1.1048318035870106,0.909948937513524
0.2928837882441715,2.7292198626679895
1.0,5.976824787418361
