alpha,s
1.4237720501052205,0.0
1.24691888996723,0.4916345646058133
1.2496585635772437,1.4695593629964023
5.2894206815397515,2.740587408704011
0.0,4.28534579039308
1.0,5.9980175294679485
