alpha,s
1.0769529380743854,0.0
1.0844194846461006,0.19632198975188142
1.0445831684991704,0.49220662671309134
1.0089118938335182,1.0919956602214989
0.0,2.8790947599218413
1.0,5.925876069701447
