alpha,s
1.0073320440624898,0.0
1.0242224549205723,0.191507402780503
0.9979459542156885,0.5053359469532839
0.9622076406829998,1.1529684855385778
1.7290723305508033,2.795148680354464
1.0,5.984722119697088
