alpha,s
1.3284858663038535,0.0
1.0317070764139251,0.46765808393015473
0.9453390322337296,1.416953575084184
1.4555135420184013,2.87047034695633
2.6536681672100446,4.39947327435736
1.0,5.983154209928857
