alpha,s
1.002041303002827,0.0
1.2186237479931181,0.18911130013710534
0.8519362886996469,0.42631053717933126
1.3110092099223825,0.9919105299900062
6.436726520017134,2.5054996097241373
1.0,5.904476726996382
