alpha,s
0.9728815026864384,0.0
1.227574668170369,0.2712095500138426
0.9648546559795693,0.5956380924478023
1.0720008044658338,1.2440922215402057
1.2164234084418966,2.7468262294996117
1.0,5.998234760794225
