alpha,s
0.9349633370053658,0.0
1.0530012693414226,0.19964193853043788
1.0088460196705853,0.483872861584529
1.0632731820352221,1.125327066376997
1.2434186298616536,2.7954828544987826
1.0,5.998905544534125
