alpha,s
1.1068122376896754,0.0
0.9791652745304472,0.06508460860224698
1.1481369100523307,0.2353779189880871
1.010362994229881,0.6933874142299469
1.054433315565963,2.68881300587353
1.0,5.998614678767352
