alpha,s
0.9131556188872693,0.0
0.42279257049656305,0.044591752671952825
0.22431306102971765,0.42074330353418593
0.04930115822818761,1.6404742608605078
0.0,3.8888882658968624
1.0,5.999425508812692
