alpha,s
1.3129034804378876,0.0
0.9766880252207248,0.4134985486344164
0.7652300024652814,1.4420521907580564
0.1885798745747065,2.835867132390035
0.0,4.467987213174628
1.0,5.998291279098532
