alpha,s
0.4117132561890222,0.0
0.5661117422257544,0.10467791303283236
0.6890795180535045,0.3245614273292259
0.8907725625986679,0.8777196707497932
0.5364493558737925,2.8820669629885507
1.0,5.987831745681052
