alpha,s
1.1758401879824585,0.0
1.1185349482805558,0.10467791303283236
1.0192819451177433,0.3245614273292259
1.055803213463803,0.8777196707497932
0.6478963971732915,2.8820669629885507
1.0,5.987831745681052
