alpha,s
1.0412267822711991,0.0
1.1814832594801365,0.2637923799380042
1.061296250168995,0.7101903705226106
0.7562845723035566,1.7770877073600608
0.7032678550606866,3.677499278290503
1.0,5.998018386282847
