alpha,s
1.1111854094639584,0.0
1.1949376773167577,0.05927448364105634
1.0557649215076539,0.21318569076048227
0.9870140526485849,0.7021558108491819
1.9081541632340597,2.8144949989028754
1.0,5.997102801551592
