alpha,s
1.3575023808837754,0.0
1.0988790707479963,0.41634539005690335
1.2394662254053894,1.3987893904511322
1.2221676979533498,2.807728954562448
0.0,4.378185816541232
1.0,5.9977759355955085
