alpha,s
1.019675301281637,0.0
0.9992453847204092,0.24610621149296943
1.0523273719807498,0.6916734627443454
0.8078968814060916,1.742242631076872
0.9404509550726421,3.7571067071966557
1.0,5.999931628745754
