alpha,s
0.2872554184600908,0.0
0.17686194816679826,0.36216337144646715
0.07949304968656595,1.4011575365733346
0.03213245921755826,2.6967616852898764
0.0,4.309224646875769
1.0,5.959551526753779
