alpha,s
1.21041415542935,0.0
1.1556719225213217,0.06481261946000659
1.0328746255010055,0.21212147560428996
1.0988876859652896,0.6999484215446352
0.9731564036510685,2.4761194246324254
1.0,5.99436037641407
