alpha,s
1.1278705548327306,0.0
1.0651569253368145,0.15807530940200706
1.0665528268928974,0.4319871583431602
1.1215119553509,1.0230271959074995
1.5490034664200103,2.725153051771937
1.0,5.9998002187929895
