alpha,s
0.9681477431461317,0.0
0.9144758799500351,0.2834879369513157
0.9211284499037787,0.6909657564381599
0.7822638031941543,1.3752629115434833
0.5127383135331128,2.9587929149823324
1.0,5.985575936314884
