alpha,s
4.480593708563296,0.0
2.221251086847132,0.007607722902999384
1.4558438384145962,0.0841851426977941
1.0452886011687659,0.559430034594398
1.8942357950921285,2.339182461396307
1.0,5.997199341121517
