alpha,s
14.908164957825962,0.0
3.5779121121954574,0.00626510867187166
1.942330416892883,0.07111212401191261
1.7953717856293767,0.48129363922346485
5.114705782535438,2.3527934019859664
1.0,5.995677508543436
