alpha,s
1.0795363649602703,0.0
1.1141098960722358,0.18974133990143693
1.1714181663104666,0.4670028257297668
0.9724655224349905,1.013489891954196
0.418800318487272,2.971030033412818
1.0,5.993689481678524
