alpha,s
2.8584346966683394,0.0
1.2994219294226135,0.009652339988352245
1.0610187099123858,0.06122134472381728
1.0802575036378708,0.20401318062376184
1.1320844555521168,0.546551727350311
1.0,3.881357855739142
