alpha,s
0.6203262991183028,0.0
0.44010264041547215,0.06275693915772486
0.2890847451021583,0.424210612106392
0.08909959013571746,1.5496860250905655
0.01651085911572051,3.667729909724988
1.0,5.98790749016131
