alpha,s
1.0293676928333895,0.0
1.0939901779106143,0.23268286310713476
1.1343855503602096,0.6644218843998204
1.1429037521037533,1.6435351668821339
2.437815303183111,3.5461287981462424
1.0,5.99830603221444
