alpha,s
0.9605443536251049,0.0
1.0928369815761414,0.4404713197449174
0.9698117722099423,1.437835315507242
5.411694089974075,2.920618932182485
0.0,4.406380591814298
1.0,5.995680696625021
