alpha,s
3.40097179128111,0.0
1.621438130302671,0.008320546668590981
1.143088542959946,0.09095072406673352
1.0713902592160471,0.6252071172826635
0.7115182207642603,2.6855612371834794
1.0,5.999792288049857
