alpha,s
0.6217483093056159,0.0
0.44471346228791653,0.49259516511007995
0.39543537410671914,1.4169615904527204
0.0,2.790230419206844
0.1363539315930913,4.410641706913595
1.0,5.997431790859892
