alpha,s
1.1837344333500583,0.0
1.058532434135437,0.3858495123724262
0.9904573241217698,1.1758495390060477
0.9539090147912586,2.451017482452102
0.0,4.378624188941058
1.0,5.96236747950063
