alpha,s
0.6043073769743177,0.0
0.24506393759703,0.3884567253658197
0.09925253598479548,1.6416962725243118
0.0,3.170210478258739
0.0,4.566212759056297
1.0,5.993433640192456
