alpha,s
1.3328031299814669,0.0
1.0140358649091963,0.04980595146160233
1.0247783176072598,0.3823106467885615
0.6911671316470467,1.4038851797226874
0.5820271171416043,3.649556997830963
1.0,5.993417083846266
