alpha,s
1.0668660265628178,0.0
1.0301275417612432,0.1818540725090386
0.9326197860306918,0.4745500608439161
1.0899753502100105,1.12649128397704
1.2969759073720586,2.7311397770610606
1.0,5.997076496450109
