alpha,s
1.137116630376836,0.0
1.1303597235700906,0.1843386772641403
1.1245434688145541,0.5049924773955927
1.0656644331440632,1.1456629622568677
2.5510249875197553,2.845088925798883
1.0,5.998500904109665
