alpha,s
3.539286792292334,0.0
1.829176786241387,0.009065002989694928
1.4748138435559066,0.09472693160536526
1.6552096343979978,0.554833415470051
0.0,2.7952590394782524
1.0,5.980704275041006
