alpha,s
1.3915597798589958,0.0
1.4415391100235846,0.2965571427463662
1.1616966323041877,1.0977342562894432
7.851115084841502,2.6675434187077114
0.0,4.221223897696271
1.0,5.91688448031893
