alpha,s
1.0660797408114462,0.0
0.8071513979201546,0.20386914095455896
0.9033678957102215,0.5890108588591807
1.2962158084757929,1.2668983402760128
4.128026209668152,2.9606396782258346
1.0,5.983086181829949
