alpha,s
1.349116863593654,0.0
1.1117687082347871,0.3901624544572129
1.1295107028745122,1.3365665949275591
2.1993437727221905,2.8861161614734545
0.0,4.401787911477496
1.0,5.994656252413266
