alpha,s
1.7228200772245506,0.0
1.2547321509271265,0.3901624544572129
1.2399793377113997,1.3365665949275591
2.5665107302255623,2.8861161614734545
0.0,4.401787911477496
1.0,5.994656252413266
