alpha,s
2.5418143910344697,0.0
1.5500653554236834,0.00865755652142984
1.2007724701532174,0.08141873225320084
0.6931805092879183,0.5311548800527702
0.9400518106419063,2.611837316294746
1.0,5.992309763154683
