alpha,s
3.068370487310503,0.0
1.7983798901571342,0.0075766948627969
1.1623744556959936,0.07156348502594606
1.0453664716012412,0.49519535761855027
1.4673299305378928,2.4907870967580275
1.0,5.998929459374839
