alpha,s
5.140748972351991,0.0
1.6241930710840495,0.06176133360773131
1.4481390739323636,0.4693184977279597
1.3245962433163534,1.5943032653139806
4.830067514361063,3.7589505289026057
1.0,5.993763322989241
