alpha,s
1.0891027332642267,0.0
1.0885440634940338,0.10593764066911454
0.9767513104520064,0.30874925889939797
0.8511107041203057,0.8803592924357785
0.295279904553228,2.8848793024130566
1.0,5.994209938924699
