alpha,s
0.3433286908977349,0.0
0.48649870519432303,0.10593764066911454
0.5945543420175162,0.30874925889939797
0.6188913059406995,0.8803592924357785
0.16890260827366074,2.8848793024130566
1.0,5.994209938924699
