alpha,s
1.1914300448621158,0.0
1.1616646383816622,0.10846826663207201
1.1150358168546814,0.3152039003284243
1.076656265084193,0.8920195078092372
0.6986263881518296,2.835085961856095
1.0,5.997924950426298
