alpha,s
2.866519103719275,0.0
1.5197731272592625,0.01113569493082116
1.107683579487539,0.10871000156430197
0.8653957242373009,0.6618591650271923
1.3058472177934757,2.785984062916288
1.0,5.995397643728639
