alpha,s
,0.0
,0.3993613877237437
,1.2857489424941697
,2.7571478641612224
,4.411046468854977
1.0,5.999429699847759
