alpha,s
1.1377184219586962,0.0
1.039917861341515,0.10852993840207784
1.1075753705699172,0.332227418703343
1.1094120833471746,0.849187674145939
1.529473947198595,2.794681940312297
1.0,5.993569030079645
