alpha,s
1.5327433955881606,0.0
1.0804228666895621,0.4667987098028616
1.243956080676209,1.466528712049192
6.7090808577089955,2.8893679110938004
0.0,4.436965106308594
1.0,5.997354463081261
