alpha,s
0.2970166973664065,0.0
0.5013684930685046,0.10504780025503753
0.5222582333994896,0.27825608822768855
0.6178067060317304,0.7936486601417013
0.20753791801573593,2.6314038426818445
1.0,5.989314715523989
