alpha,s
0.9908910453233019,0.0
0.877537369470707,0.12043380946369431
0.8751038350600048,0.38793255068103705
1.0701800850143561,1.0809222012842115
0.9728862140661771,2.7128804628650456
1.0,5.974127971566999
