alpha,s
1.4491633437949372,0.0
1.1693824485766864,0.4377026908024528
1.4818629976502762,1.3815685150309918
0.41490012012903976,2.81057109714978
0.0,4.427621510858115
1.0,5.9994639793510975
