alpha,s
1.0197480341333336,0.0
0.7198007314520908,0.4396308160850574
0.3211183070184823,1.4791488284294547
0.04909175850067824,2.941447838425114
0.0,4.602041117828906
1.0,5.965704987610915
