alpha,s
1.1940431288647093,0.0
0.9429294519452934,0.4396308160850574
0.587967943520585,1.4791488284294547
0.11888815054847957,2.941447838425114
0.0,4.602041117828906
1.0,5.965704987610915
