alpha,s
2.7174193769662627,0.0
1.6394490259537824,0.00975113094900612
1.0486492173134958,0.08993291594934574
1.0951163919838696,0.6352252705889665
1.1273851671601247,2.730497407336291
1.0,5.995848186508801
