alpha,s
5.995714413821292,0.0
2.0338747733253584,0.006552203259154302
1.012406686627751,0.08283707080773542
0.8208712771391891,0.6628016578640304
0.0,2.6179389965573003
1.0,5.969642869225374
