alpha,s
1.0870729583695196,0.0
1.003122607268627,0.46451690089564973
1.003712488311201,1.4882390983875946
2.7821424909476695,2.953757054520405
0.0,4.500794318711848
1.0,5.994357896963691
