alpha,s
1.419037389411684,0.0
1.0388332488777579,0.05385125787970653
0.897579814725891,0.38609740269158677
0.7820593264301342,1.4632290691870125
0.0,3.660345802226709
1.0,5.9915535956215775
