alpha,s
3.8528544682617367,0.0
1.3585878746657476,0.005172176382855683
1.0426082578462468,0.050125271115396906
1.1712731850945441,0.18388370843001575
1.0177858247634963,0.48731160538462354
1.0,3.39782673794834
