alpha,s
1.2406562325718289,0.0
1.2836014337899853,0.5158381933283478
0.9663900114898091,1.4745207160780716
0.0,2.9638220667516526
0.0,4.444804807237749
1.0,5.991631837473191
