alpha,s
0.3601351727470881,0.0
0.48157814065759263,0.09773190516270874
0.6367786088607154,0.28750698669957603
0.7877134515522535,0.7495962490730954
0.9163020703754552,2.2598432617484554
1.0,5.997113275281212
