alpha,s
1.0822165651151248,0.0
1.0749304586951651,0.17240439815960415
1.056069130966947,0.45048528895676543
1.022019807132831,1.0295270930869558
1.034415872293494,2.6310082106957404
1.0,5.99910709998736
