alpha,s
1.1243500332016032,0.0
1.0119135266833361,0.2834640581349437
0.9976010340158371,0.7223604536239655
1.2224608132019432,1.411170501427194
3.8807236878672784,3.052009727038201
1.0,5.940749193082811
