alpha,s
1.0202573530880101,0.0
1.0756914803190045,0.16409884329352564
1.091774244610979,0.4256749142926097
0.9686462244219962,0.9987261133744992
0.7183376291447578,2.7224859588124604
1.0,5.990458599373964
