alpha,s
1.3742810233926015,0.0
1.2792064800325313,0.06919529760684409
1.1930713058215519,0.23807621420990974
1.0679088465993485,0.7716988332096497
1.2437490157561137,2.8703789775869906
1.0,5.998974946040208
