alpha,s
0.9032728257670388,0.0
1.0895209621942088,0.2046981791014451
0.9313762905510027,0.46175321241494843
1.0567990937337377,1.0352100712409589
2.178399281264953,2.5699121227309316
1.0,5.924608201127349
