alpha,s
0.3959261651790266,0.0
0.6336976839197519,0.0973712471051754
0.7647060612742076,0.2863677239171819
1.1371545412084538,0.8314762166190449
2.7174770127659187,2.8277803409070605
1.0,5.949970903374793
