alpha,s
0.8771804214671374,0.0
0.8410729052329753,0.403272325887143
0.5165282227404893,1.3860243229913793
0.3946783165118348,2.7307134033410723
0.0,4.277402674354877
1.0,5.995483141469555
