alpha,s
0.434830089759377,0.0
0.6117268182136358,0.11247223104793462
0.7769738643788722,0.31667882747566495
0.9520485033672176,0.8145503979463382
0.6937090167604205,2.524484461555061
1.0,5.981900132524043
