alpha,s
0.4447968188278909,0.0
0.26108591499038974,0.41534728373112356
0.11528618904127147,1.247569911955853
0.021436477466595806,2.7648079549668254
0.03341344609033324,4.348001135745411
1.0,5.995652325703871
