alpha,s
0.9443769477303088,0.0
1.0207175539526743,0.24662666493973903
1.2082943767914023,0.640520513110585
1.3604036958625265,1.5181756542565592
2.3798120337023243,3.273949000812498
1.0,5.992162100854205
