alpha,s
1.4487536803574308,0.0
1.0684000365699398,0.04890667834816512
0.9754378222146031,0.3697997111882351
0.9027723923855236,1.494579269376828
5.439428335443295,3.6126292443679224
1.0,5.997887389243255
