alpha,s
5.220798281568013,0.0
1.677001654781703,0.0040557164676371426
1.3374032400619706,0.04501141029582028
1.1764544689247085,0.15368486209570995
0.9558169434674774,0.44008654595902014
1.0,3.844061011454497
