alpha,s
1.1891086300519331,0.0
0.8490230611721029,0.4287725791970958
0.957282600594627,1.3527311968370503
2.231728225411163,2.815830670380362
0.0,4.32321053160146
1.0,5.996110016324235
