alpha,s
6.0272365670913555,0.0
1.9227735792168408,0.048911537400455445
1.5390992179967105,0.34681235667310084
1.1614921213210452,1.3256083547460926
1.9105273260231892,3.4495416760884225
1.0,5.991777147928268
