alpha,s
1.1611084101686504,0.0
1.2999815266045693,0.11226784283032673
1.3604596585296909,0.31293272503117864
1.2852469459480835,0.8637496896179814
1.3125384086769143,2.7226613969615006
1.0,5.95877891517944
