alpha,s
5.708012153552109,0.0
1.7845132489066837,0.05087207895357404
1.3021096871604354,0.3859740678168977
0.9897677966695971,1.5630910170446248
1.7353343140755442,3.6240977062444872
1.0,5.996171665963718
