alpha,s
1.2456928847408377,0.0
1.4128759946334029,0.1095239617314271
0.8742352896110344,0.3180335197900328
1.2505641738191764,1.1017444888318875
0.6300320992698667,3.0384532613257567
1.0,5.972044079565594
