alpha,s
0.5194540105815053,0.0
0.1952546179180447,0.3650671726966532
0.08935056761214111,1.4832593562679228
0.05500110741995193,2.917212501882731
0.0,4.346227005171349
1.0,5.99704592386741
