alpha,s
1.1249312336217876,0.0
1.2414356407468852,0.4262931407786715
1.2268048444117197,1.3520401810407163
0.9592275508439891,2.747740515384224
0.0,4.36119977717148
1.0,5.993788508476737
