alpha,s
0.9232712873071588,0.0
0.9729179273712513,0.19519103694269394
0.9840364649541646,0.4736872282054867
0.7557916141439893,0.9925953365554503
0.6224555003729038,2.985281377797526
1.0,5.997520803756767
