alpha,s
0.8242901590031187,0.0
0.6489979773216613,0.414343704030484
0.3311421733341039,1.4559218984854447
0.15875505140931986,2.8672124328050166
0.0,4.385163321765172
1.0,5.993493346810567
