alpha,s
0.971376633235112,0.0
0.921781804102495,0.2993624610512063
1.053326824638563,0.7212854087064704
1.233402667922049,1.4390931770396842
2.0103458584864975,3.1087977360515833
1.0,5.951074949258938
