alpha,s
1.3251195731853227,0.0
0.9942128437368929,0.06478637904435032
0.9181513983636678,0.4273377571002386
0.941449001079167,1.5579002963181252
2.0087398948282176,3.529138420801879
1.0,5.987409005119555
