alpha,s
0.9905726308355034,0.0
1.0407505015173275,0.292657619419594
1.1642002824634197,0.6939200318712058
1.176428850890516,1.333211420813262
1.020697951440933,2.7566403886280244
1.0,5.977158821682578
