alpha,s
6.546752062916785,0.0
2.5295144733777124,0.01362708818509984
1.6429994472909353,0.11408376711414185
2.306554803058659,0.7518087971813154
0.0,2.8572576827897698
1.0,5.9758291139411375
