alpha,s
1.980494486348809,0.0
1.1527589402446916,0.06275693915772486
1.0626925043431783,0.424210612106392
1.206496471592771,1.5496860250905655
4.144827469358247,3.667729909724988
1.0,5.98790749016131
