alpha,s
0.9589499636263261,0.0
0.7851720774692486,0.19229236032575422
1.0424426576350139,0.5806269948548277
1.0629459271025519,1.2800737606820298
3.6944716066025896,3.0897993094532064
1.0,5.992913162149513
