alpha,s
0.9032462778026988,0.0
1.050990035799813,0.20234483018981442
1.0072358862218467,0.4667921341040195
0.8660149493918126,1.0117359167973017
0.40754770320714706,2.877170174177749
1.0,5.991318284567271
