alpha,s
0.38072472149352143,0.0
0.2417326765042081,0.4235275208597612
0.09770117851966456,1.387631579082479
0.014978802915430895,2.8631074101502048
0.011334992844847071,4.430692744100919
1.0,5.999895549713496
