alpha,s
1.0374635961132899,0.0
1.1238239752319155,0.19844280954399712
1.0976999299775714,0.4980248487911155
1.2047170889796888,1.056861461835298
2.116112724303699,2.563041304329148
1.0,5.989802710321439
