alpha,s
1.0675978413143818,0.0
1.0885192284618386,0.228918862598911
1.0397668943624747,0.6472741427678701
0.8602234123498489,1.6425191912014185
0.953866795346395,3.5918052538598526
1.0,5.995118393246562
