alpha,s
1.0779465629999423,0.0
1.0765043214163539,0.15610252312687603
1.1149489199472877,0.4155398585781407
1.0220645828883803,0.9076585500541361
0.6475333122055041,2.8015888341855018
1.0,5.997145717187091
