alpha,s
1.1555242345434307,0.0
0.9926263751429326,0.16304799335545153
1.042367566032847,0.45872933837081586
1.1931761562787317,1.1250912113640705
1.260139136460685,2.8394555316274235
1.0,5.999795309212061
