alpha,s
0.9657715004363279,0.0
1.137108994089022,0.18357984082499681
1.0121878680557639,0.4593108836674493
1.0940000287670448,1.0634185206584925
1.9334280983350245,2.5920046156767973
1.0,5.943322961015385
