alpha,s
1.2831215357011492,0.0
1.1055578227603375,0.15931041485616618
1.0982393682098976,0.44413267347724816
0.8914175539475836,1.0318044617766275
0.21864203764033083,3.1344825737892554
1.0,5.978734635899018
