alpha,s
1.4292288431015134,0.0
1.0253904812015548,0.142918995882475
1.1256441031573103,0.4832483138347764
1.423457571418059,1.071764846638893
1.3306508853223762,2.308287422259205
1.0,5.9844690305899775
