alpha,s
5.891937711045241,0.0
1.711413086086362,0.04883062773370133
1.1711563092896766,0.3850778540039388
1.161919609159481,1.5262734468486518
2.240572932752864,3.6228791098756874
1.0,5.992405035856197
