alpha,s
1.14812319202761,0.0
1.240337745461769,0.2368760836810082
0.9516958119212839,0.6122652852208904
1.1123754681925504,1.471445395352204
2.134867135624109,2.8730897811242126
1.0,5.980476910066193
