alpha,s
1.03609853004481,0.0
1.0120021677446334,0.22900868597207547
1.0982123033840054,0.6727153052792366
1.1285265759494754,1.6163288636725213
3.360539647497947,3.583227991833732
1.0,5.999948033130953
