alpha,s
0.9643069221724682,0.0
1.0437407643803864,0.2790936045414543
1.0475961781051697,0.6520082885851166
0.8630408293361908,1.2896195896873988
0.6477836919447426,2.7552708407750672
1.0,5.999837871870904
