alpha,s
1.4700652168698742,0.0
1.2827518579216073,0.05945905743405119
1.2301635277731058,0.2143392734578104
1.0818636377257522,0.7051709678856249
1.3266491376938765,2.7344534140267642
1.0,5.999666048797087
