alpha,s
0.9517329098860235,0.0
1.054603761412665,0.24749840522464514
1.1324579293691404,0.6886174300663874
1.3514067838524078,1.687967045003081
2.347681244734195,3.6459778414536426
1.0,5.999348817612882
