alpha,s
3.640334064250471,0.0
1.92203109610209,0.008500760244798723
1.5256990047297008,0.08896997348684262
1.0397853436549245,0.5444556212245825
4.610203547634971,2.8035275777725137
1.0,5.998526464135086
