alpha,s
0.972780837301849,0.0
1.1090816927988612,0.20253674820268067
1.1848727101368106,0.5148192746028172
1.100712034426741,1.0308237060962988
0.5631189217729374,2.6402205957806784
1.0,5.937125123652651
