alpha,s
1.324019375314456,0.0
1.1377957022973177,0.39991703836659886
0.796194176399266,1.3181138212675885
0.23381761506032497,2.657065945681922
0.8843254837201114,4.1498155164765285
1.0,5.952361330307517
