alpha,s
1.159642731730569,0.0
1.0547682169198185,0.2757622154475037
1.3323225866363066,0.7033701962227412
1.1659631273401825,1.325227653564082
0.8224019643299654,3.100454574615496
1.0,5.985506357985889
