alpha,s
1.0263875963359113,0.0
1.1397005817690935,0.30343364999404115
1.0941750999200808,0.7388091273179384
0.7470882902611299,1.5914256767859203
1.455854263824029,3.6454708912363536
1.0,5.997797108138236
