alpha,s
6.35031046311502,0.0
1.7109639513881643,0.0472543978300973
1.3277186443244984,0.38287564733686935
1.6467346232152658,1.4190724199188225
6.75943787537039,3.5507326161277195
1.0,5.996224461928545
