alpha,s
1.1901887359781904,0.0
1.0514493368716227,0.18992383807786983
1.1352134598694272,0.5470157406315898
1.0285038486105773,1.204049106886693
0.0,2.9866331724400275
1.0,5.971609705208643
