alpha,s
1.1416120137067756,0.0
0.9774786813138866,0.45700311571121244
1.539722946351554,1.5936588696446923
1.5901677393595062,2.8833984111385735
0.0,4.405556619992263
1.0,5.998503172327571
