alpha,s
1.0282495347808551,0.0
1.0153103669894574,0.27829131712337274
1.0196169374549284,0.6827702332624215
1.0079030630443806,1.3860601136639432
1.369124883724454,3.0549224389124703
1.0,5.996671580024124
