alpha,s
1.1384125805602912,0.0
1.055617291738671,0.4138979164255072
1.8116504896140613,1.3567097476967285
12.959677143002896,2.8623146571024094
0.0,4.300632451696087
1.0,5.975144882999821
