alpha,s
1.4090212061523608,0.0
1.1792525214678424,0.0597156871374156
1.055817889943308,0.2246856773500417
1.1074621814235583,0.7305210130836888
0.6168331064803275,2.6802365003898116
1.0,5.998206247503584
