alpha,s
1.2162465665810365,0.0
0.8915050454995027,0.0598343996142955
0.6859058088886846,0.4189580078135219
0.4320023495684848,1.584282890598962
0.0,3.8578450560084976
1.0,5.998944964823228
