alpha,s
0.9603792004588074,0.0
0.9279743307835522,0.4324462743227034
2.58203656587569,1.3995152582034784
0.0,2.7009293811110138
0.0,4.2204479627231954
1.0,5.990574370119969
