alpha,s
1.0272353917148183,0.0
0.9946861287903613,0.2767057292566116
0.9623795761459986,0.7000436296482693
1.0111066834010398,1.4230581609378374
1.3006122800408801,2.98970169241626
1.0,5.999272226013173
