alpha,s
1.1600964306001524,0.0
1.17949610601125,0.23286217212334998
1.1158408570932756,0.6632367484605793
1.0221329133279422,1.7066025891245402
0.7733529724618393,3.6938265921367206
1.0,5.997883992029863
