alpha,s
1.4644764644476809,0.0
1.255639787731893,0.06330519070823203
1.0723753913967016,0.22763393826324682
1.0087122134756914,0.8036601490251425
0.7219432246557912,2.9684963813063874
1.0,5.999296124717091
