alpha,s
1.0373790088694168,0.0
1.020782470854946,0.27712497484235116
1.0092417815812689,0.6866550473004649
0.8808086813991806,1.3893572759053392
0.7521993006233767,2.947855803912075
1.0,5.995655600437152
