alpha,s
1.0552018351198869,0.0
1.0956834213910274,0.18594773982172122
1.1034573161732646,0.4899319457574564
1.2830220655248208,1.1183619419351187
1.2695660568207885,2.9005523615035633
1.0,5.997945716957412
