alpha,s
1.1025158041847947,0.0
1.0789057962553128,0.4762050999056753
0.9305732755833871,1.2732213396030907
3.5042491232024897,2.798957363762903
0.0,4.373197575640477
1.0,5.994376572430775
