alpha,s
1.1547133562314562,0.0
0.9945810970722424,0.17904552409912064
1.1510054358297426,0.5106185199434123
0.8745246017673303,1.1148875530660625
0.22893096499443746,2.8646559264518316
1.0,5.997778037592203
