alpha,s
0.6906945871045997,0.0
0.3508506118243678,0.43436017482055045
0.14508484318722525,1.4989325279059869
0.0,2.857016080222315
0.0,4.37163681719101
1.0,5.992446444868708
