alpha,s
1.3819862363374908,0.0
1.4330858932913189,0.4496782099162356
0.8438076094290534,1.5110172579552563
3.274426059530797,3.0573729424937235
0.0,4.4301854025468455
1.0,5.99625010423784
