alpha,s
1.679663218260612,0.0
1.3540971203456103,0.04887568956197794
1.0919512889768577,0.18842281965552957
0.7724044343393778,0.664519546592587
0.9112915482838897,2.5743045906227855
1.0,5.87293026133241
