alpha,s
0.9173505793046524,0.0
1.1497832079178072,0.20744074501391407
0.9819864279054508,0.45136793707908307
0.9617907168128621,0.9625421202089812
1.0032903611035073,2.5791809590946024
1.0,5.990636614281023
