alpha,s
1.1790322239791373,0.0
1.0383550016959995,0.2159629858348522
1.1173481507958631,0.6499228127057356
0.8644698839051397,1.5754832718879983
0.7534599967933001,3.525547400291317
1.0,5.994230360638616
