alpha,s
1.083978005212911,0.0
1.1224065659134663,0.18023430268412685
1.0801847147080348,0.45357239495518753
1.1418832298276373,1.0043598576689314
1.3725007136485505,2.5963928607973132
1.0,5.999157929573292
