alpha,s
1.1155009628059318,0.0
1.0354182684572777,0.19226232755146297
0.9949849941244573,0.622132815284811
0.8619148767941524,1.6597798824709942
0.0,3.677388382244084
1.0,5.907560961011382
