alpha,s
2.9873053278948625,0.0
1.6764662822889582,0.008186747410402321
1.1395086456319306,0.08348599892903784
1.1259405979608472,0.5943615457504599
0.6993214662904099,2.858389444446636
1.0,5.999472434654988
