alpha,s
0.8809963533983146,0.0
0.8584561308845721,0.09449892999957685
0.8320078719387317,0.27763581277936317
0.7934545527566012,0.724280451781225
0.9975236374515428,2.3023287956345513
1.0,5.987366662871388
