alpha,s
1.0479952775248886,0.0
1.1125000480124563,0.2704291998986239
1.0174637004383147,0.6141471244504337
1.0268594546062146,1.135463386029082
1.3151266461437776,2.4755474374151865
1.0,5.970328872119728
