alpha,s
0.43078039951709823,0.0
0.5912717630093937,0.10107299151962058
0.752293850637288,0.32650894261393243
1.0972640982195319,0.9116276473115149
0.5522027066883443,2.8284817838692904
1.0,5.996783608588064
