alpha,s
0.3920687085637451,0.0
0.5692426414198393,0.10362934770898297
0.7214014397636439,0.30396063458536193
0.8464349373449406,0.841909120719746
1.6330059518508202,2.855275250796219
1.0,5.9842853633366495
