alpha,s
0.45300019468047836,0.0
0.34361175515995684,0.4454926162329584
0.15020601364848288,1.4117986019572162
0.04350577989565363,2.677613675894452
0.07850400355223126,4.201661352402413
1.0,5.977711230074072
