alpha,s
1.1347433285440711,0.0
0.905112037553605,0.4454926162329584
0.710411675391365,1.4117986019572162
0.3821579307855101,2.677613675894452
0.9015561144207822,4.201661352402413
1.0,5.977711230074072
