alpha,s
1.9363260475690558,0.0
1.6193258715182826,0.49878804193239085
1.0168601286192627,1.5370638514157802
3.8658708543759386,2.9505110798084893
0.0,4.482959013257784
1.0,5.996249754953587
