alpha,s
0.844173557420366,0.0
1.0642923538757032,0.27514274852087345
0.7792746302426616,0.739252201768083
0.774032147402427,1.9005953541380558
0.0,3.6829036003404356
1.0,5.986227415442556
