alpha,s
1.0766936900360347,0.0
1.0817758674450848,0.10626925645329172
1.058239095067401,0.311425222517596
1.0358681205312337,0.8621664282226542
0.8106750328340737,2.724770357849645
1.0,5.993716643144418
