alpha,s
0.3821937354119095,0.0
0.5297661505915712,0.10626925645329172
0.7038249676114261,0.311425222517596
0.8376760569190498,0.8621664282226542
0.5633180050447737,2.724770357849645
1.0,5.993716643144418
