alpha,s
0.4822705478676362,0.0
0.23833307605411086,0.3830100761906618
0.09824929540365994,1.4124078866463454
0.0,2.822048001725713
0.0,4.346133993124797
1.0,5.989472120213335
