alpha,s
1.2025139988170492,0.0
1.263896624805094,0.22539979681988961
1.0390840247930508,0.6344973043280645
1.0919966536709755,1.754965837859208
0.6095503643276465,3.7912978230053724
1.0,5.999030486501213
