alpha,s
0.9401797636118694,0.0
1.0136782326158467,0.16790349219656867
0.8972156376437909,0.4409040801266176
1.268243315389776,1.011259002558941
3.4299028184393743,2.717517666200891
1.0,5.996906346809168
