alpha,s
1.092111943016096,0.0
1.093044344392791,0.1027492124298243
0.8242648332179483,0.2880900738831191
0.9211644921089693,0.8614682450227449
0.5190408873524386,2.8195282235915125
1.0,5.981845690631225
