alpha,s
0.45355268495790524,0.0
0.5885637115767235,0.1027492124298243
0.5692427471052232,0.2880900738831191
0.7650263249804008,0.8614682450227449
0.419675681780476,2.8195282235915125
1.0,5.981845690631225
