alpha,s
0.9482360203419828,0.0
1.1231851000228135,0.2644839902340838
0.9490676816626654,0.6796291551477452
0.8303638228001585,1.6499315478309342
6.505912674690889,3.6942200621965493
1.0,5.995488180556108
