alpha,s
1.1072457348793567,0.0
1.0458106560008775,0.2086271103614009
1.0714139508248985,0.6331476241640627
1.3178585672240588,1.6379922741236945
0.759112553800948,3.5584607274206226
1.0,5.998316259666776
