alpha,s
1.744539848305026,0.0
1.2178269233628063,0.048002044736782
0.920023868525964,0.3329825226146614
1.9949795269345778,1.5474797899079402
0.0,3.4396763143596374
1.0,5.990146131855602
