alpha,s
1.3452551411200835,0.0
1.2410238319629117,0.40415022983353116
1.1659220610409278,1.1812934478860444
0.6496867461637246,2.733528889308564
0.0,4.19272003389694
1.0,5.948776615811764
