alpha,s
1.1201984312550861,0.0
1.1526212508258433,0.15687286364020386
1.1472431509408096,0.42297290137506643
0.8979277629467045,0.9463957149308606
0.5778824574243525,2.8787433617025924
1.0,5.99108339515617
