alpha,s
1.130292455013419,0.0
1.0206890918983922,0.1738959629260545
1.1655004703839527,0.4930478677286799
1.0143663747337042,1.092459699566836
2.049233880884379,2.808220925533527
1.0,5.987752949588957
