alpha,s
1.140923547583997,0.0
1.1830763954358798,0.269795609784337
0.9229946221375577,0.6631392299493509
1.2035912720386281,1.4441760304234315
0.6921378201328341,3.1917041010730545
1.0,5.998550339733769
