alpha,s
0.7233962516735727,0.0
1.0077183634990905,0.38565478256592023
0.8947424388256623,0.8002242478939475
0.9500602608152688,1.5035207992381376
1.6441134167776232,3.1558353844367097
1.0,5.988768943825366
