alpha,s
0.8495487933793882,0.0
0.48941161008354245,0.3359706318765624
0.22071940404599555,1.3238609506095615
0.07419187714532711,2.707910871610394
0.0,4.320209523241143
1.0,5.99512171449363
