alpha,s
2.5843518390242592,0.0
1.3543685848313218,0.009537038962694222
0.7579582040137469,0.08959965772345597
0.45159444900246615,0.5752334539818793
0.05019937336817938,2.473170697470304
1.0,5.991220874078145
