alpha,s
1.0856576149592603,0.0
1.1154770284789235,0.3917736455112671
0.7710498426805751,1.2655825061325883
0.4550123074457094,2.6314078983878346
8.213125356655496,4.26923965155434
1.0,5.996110608072961
