alpha,s
1.2573892358354404,0.0
1.0262570211724158,0.4092333220640195
0.7995961813404016,1.3528903248923552
0.7002235889077296,2.7536309696354238
0.0,4.340917312365315
1.0,5.999910808701432
