alpha,s
1.469344982894806,0.0
1.1229125625339418,0.4092333220640195
0.8992082407631459,1.3528903248923552
0.9158735509476318,2.7536309696354238
0.0,4.340917312365315
1.0,5.999910808701432
