alpha,s
1.5596693982439427,0.0
1.2340263236553468,0.44390933117176756
1.438464364748733,1.4112745653624388
0.7509668356030975,2.8395161598887335
0.0,4.364666623547926
1.0,5.999886690776602
