alpha,s
1.1561618233486595,0.0
1.0061221497677637,0.44390933117176756
1.0439459830461482,1.4112745653624388
0.25330662852438357,2.8395161598887335
0.0,4.364666623547926
1.0,5.999886690776602
