alpha,s
1.0557231100870201,0.0
1.0481953129090733,0.16392280226146008
0.9576627745481876,0.4382951034976943
1.1509036429859718,1.051880491660113
1.5530960271907335,2.8455718225444544
1.0,5.997670346340698
