alpha,s
1.4229128135920872,0.0
0.8295630600144502,0.1786158421438127
1.1933123467198488,0.7205142841966831
1.3441765755352573,1.751421528206817
2.2295095558743867,3.503733707002091
1.0,5.996730923871169
