alpha,s
0.47858457218145894,0.0
0.541372693452953,0.09742869383471121
0.6353990783250419,0.3130850413055593
1.2187083551246676,0.9406093639098928
0.7272307283394184,2.7189145301030506
1.0,5.979687660025524
