alpha,s
1.3544277332774424,0.0
1.0929503521498098,0.09742869383471121
0.9664437181232512,0.3130850413055593
1.4634846998347353,0.9406093639098928
1.0791133908474952,2.7189145301030506
1.0,5.979687660025524
