alpha,s
1.1821173862451688,0.0
1.3325825727180343,0.44670576459291667
1.3013920899869087,1.4376994300945292
5.671267812099463,2.986345581001891
0.0,4.501296870733968
1.0,5.9013399399634
