alpha,s
1.1706403619551544,0.0
1.0941055376297122,0.39790315222547945
1.236243207774847,1.2940080702695782
1.485563934466269,2.7673711806764656
0.0,4.307604009349181
1.0,5.976953084941795
