alpha,s
0.9635818177836958,0.0
1.0299487599898205,0.19754706184730939
1.0972615835958965,0.5122560235493784
1.1686816908968023,1.1634791415536203
0.888818648578129,2.7774834747200075
1.0,5.9955012633652665
