alpha,s
0.9903045828581286,0.0
0.9678612794624505,0.18956865903080633
0.9402256090177851,0.4963424907150022
1.0398222010975904,1.1076401348138871
0.6475132953241238,2.6796720024095038
1.0,5.992668150871578
