alpha,s
0.9180316064078092,0.0
0.952096065989045,0.2897759960959133
0.8080777183300784,0.7233636391846353
0.857204938832731,1.525535156083353
0.38579190293704374,3.0863199767167244
1.0,5.98031504204668
