alpha,s
0.786482738288061,0.0
0.6010226783616721,0.04693329596039279
0.6003332857302845,0.373460921140016
0.2129845222914049,1.3134271035400709
0.026915987221218674,3.5915102246524753
1.0,5.996137767960969
