alpha,s
3.980551207804975,0.0
1.301831427463191,0.0043909951985927
1.1017436476356093,0.0485938366117404
0.9877683925085685,0.1712780527988381
1.2019082228651836,0.5089045431060724
1.0,3.832363484241453
