alpha,s
0.9159113298696153,0.0
0.6545588244077597,0.531457412535605
0.2807133751096194,1.5701258492259351
0.0,3.131444292070511
0.0,4.425598952462507
1.0,5.998909099373666
