alpha,s
1.1828770644374835,0.0
1.1785450100297723,0.10034120680780806
1.1832021455516184,0.3150358223292231
1.0633455549897968,0.852460310972284
1.194652867133739,2.8196218810028117
1.0,5.996762737362195
