alpha,s
0.9004017278043195,0.0
0.9032416581749255,0.17588508619319138
0.8646620731423386,0.45285915586541287
0.9172373210993073,1.0630390806985706
0.4906535488301659,2.4944562377537123
1.0,5.966616034946114
