alpha,s
1.22203157440572,0.0
1.479961706126596,0.5336852435066015
1.5339094839638092,1.4716387863395317
32.62498975882383,2.8508806890628167
0.0,4.350904656645791
1.0,5.986690460519551
