alpha,s
0.5358327190156378,0.0
0.3675004999801819,0.3019362684819048
0.13627498845127908,1.3234550605198594
0.028498325466287635,2.805459366275167
0.0,4.614969644975441
1.0,5.99662887464069
