alpha,s
0.46973408039717146,0.0
0.26260347092256586,0.4286720854896832
0.13996678883143582,1.4213891928198734
0.04738330542561572,2.850102498339555
0.0,4.292193245215052
1.0,5.99933296236246
