alpha,s
2.4272965918150717,0.0
1.3558611433396104,0.010067251337697362
1.2088670309671752,0.10587129947251035
1.2943999766953496,0.5832244864512827
0.0,2.688673522520979
1.0,5.948486444783978
