alpha,s
1.1349830032449895,0.0
1.1458442731216996,0.1808900549917337
1.1736177333070237,0.47070097543709727
1.1304955942975365,1.0920174395629796
1.5055744538899731,2.883129537616809
1.0,5.998378464732051
