alpha,s
0.6037376114364761,0.0
0.7465638353356615,0.11293960269121475
0.8091749986585219,0.3438745751253841
0.989899390565116,1.0934398733217345
0.5732484844042625,3.027544205058834
1.0,5.9981452893810125
