alpha,s
1.1339891690151607,0.0
1.2400299358625761,0.3691280879334319
2.1742979516033016,1.3367665565335143
7.682272773986594,2.738202941392049
0.0,4.298585119987796
1.0,5.993930885549832
