alpha,s
1.3563763578809276,0.0
1.1524233018115178,0.4583596962998248
1.42869274991303,1.6290067068726108
0.0,3.127045575641808
0.0,4.597568320593418
1.0,5.9961131970650445
