alpha,s
1.036811054348715,0.0
0.9960862090346962,0.2835075372415979
1.0714600103567555,0.6916826546455993
0.9700751940275718,1.3781950941929026
1.0399914358974713,2.9783834902433726
1.0,5.995577409608682
