alpha,s
1.7558241284675715,0.0
1.2315365600989627,0.39812692800340355
1.7297950644094977,1.4083333639327364
2.158276959715699,2.6553193055262114
0.0,4.361956960543366
1.0,5.925867239578887
