alpha,s
0.9775808289746919,0.0
1.0733300635809924,0.5450663919491042
1.3140922113586633,1.558882893326479
3.146183083391998,2.9635776991450844
0.0,4.456457117431679
1.0,5.9960433187586535
