alpha,s
2.8150634446154816,0.0
1.4349843644112017,0.008457121827967881
0.9791308474494904,0.09443879984014653
0.7592298740099299,0.6249175060192734
0.0841253397704711,2.768761106039472
1.0,5.998103759266471
