alpha,s
1.331456193331113,0.0
1.2790320020362604,0.5086258619473025
1.9412688802347307,1.3050948186021358
5.504017251705155,2.7362069541042064
0.0,4.190512060642834
1.0,5.974001329237287
