alpha,s
1.0668374209165958,0.0
1.0010782328596504,0.15882918401695115
1.05515861696352,0.440175983388186
1.0370262236423067,0.9997665273497826
0.4696953304464388,2.7109090002215743
1.0,5.994438396242683
