alpha,s
2.4457921582914817,0.0
1.527331171356417,0.006632016056565423
1.1320354974499072,0.0681672543302354
0.7377752293292563,0.39911138019089354
0.48042673500016647,2.204540015293947
1.0,5.96360603710625
