alpha,s
1.0714606781930724,0.0
1.1234218694790408,0.24566253142982972
1.281798860279327,0.682048236566531
0.8352078529205261,1.685482456734065
1.5271144202938667,3.549746320466918
1.0,5.994714951692751
