alpha,s
0.9966981923643781,0.0
0.9516291863736251,0.17993171013976064
0.9580451649206073,0.48327331397812945
0.7279312347361262,1.0427213834585245
0.35389020592024123,2.830672506930233
1.0,5.986493010476787
