alpha,s
1.0739808465174185,0.0
1.2959860712652094,0.21812440556365034
1.0717589973263741,0.5782236026728815
0.5974636066253596,1.6539766221893453
0.0,3.661791065371292
1.0,5.932398361642114
