alpha,s
1.2758357062860324,0.0
1.0236361141672685,0.4159140339493133
1.4964454695037044,1.5018617305028428
5.173981742284207,2.803299003733794
0.0,4.4147776171333
1.0,5.99645637885638
