alpha,s
1.0933808041195034,0.0
1.2234401616391462,0.13072512519829876
1.0923375862553895,0.3510036133244654
1.1976603340847811,1.0246539665870726
2.8258802762067954,2.9660331514969474
1.0,5.987777685680699
