alpha,s
2.4670357243587535,0.0
1.574864746416112,0.008486106287697004
1.254708009245476,0.0980265443918943
1.1458434657340126,0.6347912806735316
2.498917801807448,2.864393857150011
1.0,5.998773631850181
