alpha,s
2.9964560003250305,0.0
1.5157437733347934,0.007657866236387506
1.303904256913931,0.09096668660952492
1.0800184039835665,0.7392975072456183
0.0,3.129516359058225
1.0,5.979215170978019
