alpha,s
4.256780880859673,0.0
1.9066123056679936,0.007095391273308161
1.2678914428909085,0.08824968135773896
0.8511198154463453,0.5666240361471458
3.32702090766683,2.5942637046083057
1.0,5.9901869932015925
