alpha,s
6.132786658828599,0.0
1.923358083466927,0.053960219279953224
1.3687743842189892,0.4131266089058903
1.0724133754287009,1.5572511166523157
0.9464628910269527,3.7972318866366956
1.0,5.980115614487643
