alpha,s
0.9541881869526978,0.0
1.2895986829098705,0.2019687877142909
1.1090082183098298,0.4619711308304411
1.236572193509286,0.9533218624612914
1.0865905257356758,2.6039000629723312
1.0,5.838894808390765
