alpha,s
3.055004919773567,0.0
1.2928313094354893,0.012544793891209882
0.9988771554703079,0.13280584711113833
0.9554614079906889,0.6582445933204082
0.95098030819243,2.588910470871958
1.0,5.976910689670602
