alpha,s
0.9904179941978976,0.0
0.8205729089126428,0.4208966374049244
0.7924738422393398,1.4551432316968778
0.5877017405496385,2.8231744154426637
0.0,4.339090878398357
1.0,5.99792193333353
