alpha,s
1.0433365246560171,0.0
1.098634676239737,0.20727694671493158
1.2101565933792848,0.508456577808018
0.7982962147713145,1.0210988161123185
0.20572361377981288,2.743231132172039
1.0,5.987346416720097
