alpha,s
1.1663672616761498,0.0
1.1258972792771749,0.1678204034585493
1.135499771463107,0.4709204845881136
0.9124381111819824,1.058563218912626
1.400282362087388,2.962919165191155
1.0,5.999240256771297
