alpha,s
1.065136170666543,0.0
0.9941689384236249,0.46982148097036835
1.0540338677954948,1.4511235062196635
0.34018170427857947,2.950246363849548
0.5717836781267818,4.449916302657974
1.0,5.999695776738719
