alpha,s
0.37214770931903657,0.0
0.5248856966637212,0.11048272784549211
0.6190155581066202,0.3254503406027182
0.8502000366915875,0.9227873315920438
0.764596527835224,2.7619683962881307
1.0,5.995744330070396
