alpha,s
1.057633420374978,0.0
1.0526883939634208,0.11048272784549211
0.9096959921174069,0.3254503406027182
0.9729508375514325,0.9227873315920438
0.7956225427571618,2.7619683962881307
1.0,5.995744330070396
