alpha,s
0.9674637108519235,0.0
0.9820653127342179,0.2159222385210604
0.8257355461946049,0.5655019944249331
0.8221327093156464,1.442427614976063
0.5655426839831147,3.0188423342578417
1.0,5.991728378662046
