alpha,s
0.5281659932073548,0.0
0.40991422395003674,0.06138592530658693
0.2728270473125862,0.4090203011674361
0.08734519539055165,1.4509026158489475
0.0,3.60508995245956
1.0,5.969101163487199
