alpha,s
1.1042727157907408,0.0
1.157410184112112,0.075439805095164
1.0831416314593703,0.2518181226342215
1.3310266041655738,0.83636569852855
2.2994389856613244,2.7178187831474
1.0,5.998650483793025
