alpha,s
1.6520106603541012,0.0
0.9552757503910817,0.0637656419943145
1.2970680549696971,0.2826163881411387
1.264193048257136,0.7090214523169964
0.8889026503937769,2.6593317955343063
1.0,5.9845095366122445
