alpha,s
0.46555165596810466,0.0
0.30880171245412713,0.3465932260015692
0.15048509008367794,1.3070191810248144
0.014311608137318403,2.717292069693286
0.0,4.243711200984558
1.0,5.994193445996636
