alpha,s
1.9560213661140486,0.0
1.749876128062204,0.37803886980320306
6.325773237372176,1.2605910247725418
0.0,2.8374261622723957
0.0,4.48408313558683
1.0,5.992270673313168
