alpha,s
1.3459403760909867,0.0
1.0519935309213293,0.06177016693857773
0.9397503857162545,0.22120118312637765
0.8009589478277049,0.7281297268571791
1.7330858550354191,2.316878648482166
1.0,5.993652972002069
