alpha,s
1.1160595703562122,0.0
1.0518581903620419,0.17973940607365077
0.9726910315678434,0.4997089992950183
0.7852939119879294,1.1412476812428425
1.4237929191112562,2.859356698262521
1.0,5.985108011911916
