alpha,s
1.3319327626081272,0.0
1.1977492840619548,0.4033890340434112
0.9714834805170978,1.2787898309355883
1.6768229376608175,2.875097013239879
0.0,4.381475991185423
1.0,5.986924866705021
