alpha,s
1.0718718933554814,0.0
1.065059967491751,0.1841351547994172
0.9837335218510245,0.4965208396777441
0.9535787641241366,1.1719671424788556
0.8655943530450398,2.956303068089552
1.0,5.988364299349942
