alpha,s
1.455913599677204,0.0
1.1068534342608776,0.09374041944893459
0.8379801691971334,0.3596052505707264
0.995811878628288,1.0912765344216824
0.0,3.1011033517876183
1.0,5.885489288908927
