alpha,s
1.1508361646942349,0.0
1.467872144199568,0.18715838337887844
1.2179975449763056,0.4460118833114644
1.1194620302838083,1.1425258939402492
1.6423811361275307,3.04420343450512
1.0,5.957012336848748
