alpha,s
1.1919876127011588,0.0
1.1393947098377615,0.09953083152565552
1.0688990867377588,0.3027795776310617
0.7472517467123746,0.8457681233447684
1.065123033886979,2.6895687352115227
1.0,5.999415960018328
