alpha,s
1.0728925312738922,0.0
1.1135941401983174,0.23594839791104172
1.0104548299238127,0.6482092415221132
1.078481742703887,1.5668823788581296
1.264467460267084,3.5606657461654407
1.0,5.9989670849161145
