alpha,s
1.1826016331791058,0.0
1.0383457547068213,0.12804882598127493
0.9390214209819255,0.4904174520137921
0.8840391711981671,1.5396699932854794
0.5460524044913845,3.470796284077601
1.0,5.998709242840171
