alpha,s
0.3821747696317905,0.0
0.5518852086913646,0.11150357829782248
0.8005259375391836,0.3188748560504322
0.9251286707943162,0.8313934777634914
0.7809925688344137,2.6859923738598135
1.0,5.999018468543362
