alpha,s
0.9910713130298223,0.0
1.024212673258348,0.19183406415447563
1.0303852216325844,0.4811880701832889
0.9998722326576491,1.0963078260939798
1.2498413145589073,2.7976665395158093
1.0,5.98790533977762
