alpha,s
1.5588789379861356,0.0
1.2896291505172572,0.3713125500554266
1.5105466036038135,1.2416265113764517
7.821559861883204,2.6291724020990577
0.0,4.210872759196866
1.0,5.994577629726663
