alpha,s
0.8121369904231307,0.0
0.5270442847484491,0.38151638278363914
0.1914068553453407,1.4126372754898084
0.07698016397066894,2.9050980834406666
0.0,4.393986879682881
1.0,5.998813301223492
