alpha,s
0.399083935626821,0.0
0.5169305246048427,0.10642729459751415
0.8191028010408247,0.3123290584912581
1.0853070665881812,0.82018274603789
1.3736886658244496,2.8803527055132587
1.0,5.997343831501521
