alpha,s
1.1506314394481552,0.0
1.048543629361233,0.10642729459751415
1.2022450639497435,0.3123290584912581
1.2417158327938427,0.82018274603789
1.4497378945592228,2.8803527055132587
1.0,5.997343831501521
