alpha,s
1.2286188482252776,0.0
1.3034622265332656,0.10486136609441608
1.1085380893508359,0.29080473643716787
1.085601190108564,0.8291718996612434
1.6162420058507025,2.6966962050335614
1.0,5.998317713470219
