alpha,s
0.4363186019996382,0.0
0.636287119550235,0.10486136609441608
0.73994062894514,0.29080473643716787
0.9343318356300994,0.8291718996612434
1.5154326884342197,2.6966962050335614
1.0,5.998317713470219
