alpha,s
1.1661866690032998,0.0
1.168491458656631,0.10959186830768779
1.18208304148092,0.32040754163783014
1.1119036280829273,0.807140737548658
1.0388797519169064,2.603059510288793
1.0,5.997079241110482
