alpha,s
0.4131542248481411,0.0
0.5756769296761418,0.10959186830768779
0.7965978637446925,0.32040754163783014
0.9472314868561786,0.807140737548658
0.9345838242428032,2.603059510288793
1.0,5.997079241110482
