alpha,s
1.0406345583374896,0.0
0.9875907486177368,0.23392738088264117
1.0316893539114695,0.7031748482960701
1.231985823365549,1.68882678674088
1.1530631310141275,3.6829673519475103
1.0,5.998652719664632
