alpha,s
0.4788134618944081,0.0
0.6300960493623032,0.10906933077577509
0.9643391593731269,0.320117165382896
1.0190347863261422,0.8311993689654525
2.7095927158209996,2.6175281073880443
1.0,5.988541939050293
