alpha,s
4.495488023090304,0.0
2.290619258362235,0.00890606379989578
1.651415319035618,0.0908433985242776
1.1024904177701298,0.5827767603247499
0.0,2.9202929160116895
1.0,5.99627586685778
