alpha,s
1.0786958813994676,0.0
1.0629322520399602,0.23700080416023034
1.116755454365039,0.677687537272205
1.0729087576624028,1.6475770350803827
0.7975480888390362,3.7034799895847814
1.0,5.999249692894352
