alpha,s
1.044810062674112,0.0
1.1424278326451476,0.18872403620116746
1.1827512793467323,0.47942510736946503
1.3439482670535459,1.1051802887554736
1.5676790781059766,2.6922384023412067
1.0,5.99306646587639
