alpha,s
0.8796766970475806,0.0
0.8066751123158401,0.18279645286638396
0.8806682785778468,0.48067856574603074
0.6767224654505348,1.0196997048026912
0.14907842261323737,2.447357343627783
1.0,5.984549891327809
