alpha,s
1.0631898805967104,0.0
1.0009928798045602,0.15326428363713854
1.0725757701529806,0.4097042644530809
0.9966949198887075,0.8971322047295546
0.9737356543704779,2.4415994620906054
1.0,5.975334626365612
