alpha,s
1.618543728699494,0.0
1.0400141008217176,0.060544365878913424
0.9130930296160046,0.42911858946176723
0.8901402166789427,1.6494550493857207
0.17479521362507203,3.670269224927131
1.0,5.987886893579674
