alpha,s
4.264997803892332,0.0
1.6407653787374703,0.0063986968536508
1.0457941385271663,0.0486136649476881
1.1597000609696881,0.19009668402479052
1.0246974755178127,0.4981274604694481
1.0,4.119216052559183
