alpha,s
3.9916577076788196,0.0
1.7821779916816212,0.009075931884544721
1.206261491621702,0.09754094779460662
1.1746720890668727,0.5930467020518905
1.4991540720479373,2.580457400617234
1.0,5.976518156466636
