alpha,s
0.6976105193447418,0.0
0.3636323079719853,0.36699654582415947
0.297591707108643,1.3777272671817342
0.15602142763974247,2.8379582734303472
0.13562612735447227,4.536901389861789
1.0,5.990894967130458
