alpha,s
1.8356160918020843,0.0
1.7849197986814795,0.3808428575010851
2.9446978462981575,1.485367029745374
0.0,2.8465979096038305
0.0,4.441662965322671
1.0,5.997257390551974
