alpha,s
1.2611218055271052,0.0
1.2417537740259965,0.11169415889376365
1.0813253179000233,0.3501418740162836
1.178764445256735,0.9798991805315095
0.3232276679233869,3.019463263823245
1.0,5.955646110747546
