alpha,s
0.43739075645671993,0.0
0.6402326331385956,0.11169415889376365
0.7600317296328112,0.3501418740162836
0.9734591478329493,0.9798991805315095
0.18563971389156975,3.019463263823245
1.0,5.955646110747546
