alpha,s
1.1976150990961345,0.0
1.0390332539642555,0.4558661749686695
0.9225830391120712,1.4349026225483095
0.4268842464806946,2.878807878246152
0.42458155542562087,4.502397353175425
1.0,5.998000844375491
