alpha,s
1.4172736819755691,0.0
1.1747959162014732,0.4558661749686695
1.116008556129117,1.4349026225483095
0.7216199277097958,2.878807878246152
0.8507827533670093,4.502397353175425
1.0,5.998000844375491
