alpha,s
1.0387682612637121,0.0
1.0331937198848165,0.2297163792875913
1.045236307296132,0.6518858200819049
1.1769958783242702,1.6427875155393377
3.541692704628722,3.5913309388066867
1.0,5.999236652067609
