alpha,s
0.4736851436053616,0.0
0.4276004242146866,0.0681641882965088
0.36448513449382886,0.40011610334443404
0.08026837084266472,1.4791392872143305
0.014810791999113,3.61660038381165
1.0,5.99711773051138
