alpha,s
3.597635449051082,0.0
0.9833893619240203,0.005296650704867421
1.1144044880522357,0.06945370507416287
1.0719272529407047,0.19760617245822784
1.2609117442173137,0.5109328903409188
1.0,4.505345041640702
