alpha,s
0.911735214977835,0.0
0.922166486518668,0.43413246703914804
0.6509967450946945,1.3646814985777014
0.08528277814223074,2.6397323888092212
0.0,4.365390958456898
1.0,5.996384075857892
