alpha,s
1.3275691062554025,0.0
1.510545539500705,0.077691078578712
1.122454353253216,0.24296791447389382
1.4219474771765335,0.8211902254563883
9.853922124735115,2.8441775611359157
1.0,5.9727656854676825
