alpha,s
0.8408680989421858,0.0
0.7907669841755611,0.38571575942137093
0.4622547880813659,1.2738030516437662
0.3162951052703039,2.7800322151747343
0.0,4.494540132122419
1.0,5.994142337133321
