alpha,s
1.1792391703996152,0.0
1.6061150002309614,0.1813855396649355
1.7153697983607845,0.3975224736977871
1.846031044538508,0.9543600842432305
12.290611819227323,3.2846431250691337
1.0,5.954060951218492
