alpha,s
0.47229655233034884,0.0
0.611482871140276,0.1088970294700971
0.7794723614630571,0.3169921244525834
0.8506474927865393,0.8676175297167698
0.6130654881415539,2.774830895224127
1.0,5.991656257130656
