alpha,s
1.1820842626253167,0.0
1.1456322283670917,0.1088970294700971
1.115703781106476,0.3169921244525834
0.9931112073961321,0.8676175297167698
0.7099928884894515,2.774830895224127
1.0,5.991656257130656
