alpha,s
1.289436184906543,0.0
0.9538207605674227,0.4145511546299018
0.9475850149700448,1.40085691384547
1.9428940545386841,2.720139268928767
0.0,4.436585472936111
1.0,5.997240598603753
