alpha,s
0.9383015778079206,0.0
0.9087387905167793,0.16964268297537796
1.011661557061252,0.4685302495339234
0.6173532859823192,1.0237448483837834
0.18418293719888237,2.737880078735944
1.0,5.987184755125613
