alpha,s
1.7515102086339263,0.0
1.5211365951981777,0.06939061748363945
1.0710521364322982,0.24304506782329413
1.1219347558791284,0.9741335063497624
3.8627995457506943,3.1352057143983987
1.0,5.984156194274949
