alpha,s
2.9270085791889646,0.0
1.3743484567533917,0.01122362332399192
1.0454350127087528,0.11118396109293553
1.0933728116529062,0.588054301545886
0.717801985780073,2.5427641712425353
1.0,5.985824404846575
