alpha,s
1.5359128461388734,0.0
1.2897681791301645,0.07213657378701818
1.166639920281992,0.25745678669705774
1.2728279448051532,0.6681412667109415
1.009984961463768,2.3727695672256646
1.0,5.966861051345739
