alpha,s
1.4865474557721192,0.0
1.8204820436658986,0.5531102642309401
5.877869143528844,1.6138760137498351
0.0,2.997061562857891
0.0,4.504899852719742
1.0,5.9669080868977336
