alpha,s
3.930881917395699,0.0
1.5706991208008614,0.006896251630671204
1.1599714689917835,0.09888854172250067
1.2753834844055256,0.63853762141007
2.5118394148988914,2.8982092311540444
1.0,5.999416736767361
