alpha,s
1.14872406657158,0.0
1.0135942521541712,0.23916596723248373
0.9102401395517709,0.6266512505617305
1.3563379554517956,1.2979463680264127
2.5355180546176745,2.7189133904098397
1.0,5.969569290861406
