alpha,s
1.371709294466029,0.0
1.4660856404312548,0.059952259319943926
1.0700449864261552,0.1983845164464368
1.3977137580691337,0.8032134025002503
1.0142050928027644,2.735335604804967
1.0,5.98020235747444
