alpha,s
1.2563623549020653,0.0
0.9940110104249341,0.15891874633735292
1.1880971559347393,0.4985368690217113
1.002646536700102,1.1146157108826833
1.227998005804118,2.930223714670087
1.0,5.924418901093402
