alpha,s
1.6923041294588714,0.0
1.1948622271474105,0.3764909043210346
1.6265893381987448,1.3347760054705957
7.296173996574047,2.7274416104724777
0.0,4.3206516094953935
1.0,5.997136439442581
