alpha,s
1.5493986590629454,0.0
1.102932457696299,0.3941862218778598
0.5879662654186064,1.4856337812561762
1.2737529553292473,2.9261863281934426
0.0,4.596008088407047
1.0,5.998329715206832
