alpha,s
1.0713278371756192,0.0
1.1202318251923298,0.11184007258346887
0.9699888490237699,0.31745140592930904
0.9690373729555326,0.9231277168481474
0.8828727034616866,2.7121841193995873
1.0,5.997066770281009
