alpha,s
7.051101175655575,0.0
1.9052980505524437,0.044922890959300195
1.4895886847194975,0.3851640733679151
1.4795606406225077,1.4604048370825484
1.5363810331593617,3.69359852767548
1.0,5.998468498446597
