alpha,s
6.191843517591869,0.0
1.8445317390620983,0.04821652069169691
1.4995657982981434,0.3824454305764942
1.2100978907259157,1.5504714729108766
3.235342107564728,3.6442545771905843
1.0,5.996783944366651
