alpha,s
0.9863373161069822,0.0
0.8959395980534278,0.29377831345281435
0.9521480034386226,0.7354831420504636
0.9701531367805984,1.458532288739823
0.7824804268583329,3.0476457167182085
1.0,5.991612414541992
