alpha,s
0.9954642253380004,0.0
1.1318152367828522,0.2874743163578667
1.1966625375501492,0.6909113247409903
0.9967168751237774,1.371705703433801
1.4827746884067092,3.0659307487671486
1.0,5.94523149645206
