alpha,s
1.1298364816404003,0.0
1.1043854509204416,0.15510046896783375
1.1000495424115122,0.4290579755808226
0.8847529865969185,1.0046671133366278
0.9044180221119097,2.7446007760179447
1.0,5.991041621609567
