alpha,s
1.417741939347848,0.0
1.2869588704875516,0.4377574402015322
1.6968994260998427,1.498621976576688
38.8040445609579,3.064713609567641
0.0,4.768231023917316
1.0,5.947897487622621
