alpha,s
0.9204596364555415,0.0
0.9275923478485699,0.2882912496642349
1.006067144621351,0.692513474981367
0.7772756493121071,1.3695153861264304
1.172147223898893,2.8484097675537114
1.0,5.997824223724945
