alpha,s
1.608117038497414,0.0
1.2310144130497733,0.43579319860149224
1.5174097921972465,1.412881478988745
1.8915557888155583,2.8401007358591968
0.0,4.364159405769555
1.0,5.998484086120645
