alpha,s
1.3147637678790645,0.0
1.119098869938667,0.43579319860149224
1.3993452861897981,1.412881478988745
1.5251110394766743,2.8401007358591968
0.0,4.364159405769555
1.0,5.998484086120645
