alpha,s
1.1067317163874637,0.0
0.9289784064773562,0.38145441125435375
0.7569589301213195,1.3631606249097745
0.8672676533400044,2.8997229246155136
0.0,4.4277847885867345
1.0,5.993160327182846
