alpha,s
1.5416193469220094,0.0
1.1152725263761882,0.38145441125435375
0.966445132665635,1.3631606249097745
1.3987755157079849,2.8997229246155136
0.0,4.4277847885867345
1.0,5.993160327182846
