alpha,s
0.9831219832338427,0.0
1.1578693274691783,0.30174706416809083
1.044369837683333,0.6741449710470095
1.0286026090060145,1.3461179662685796
1.5520856943494359,2.952216214966563
1.0,5.993183779566116
