alpha,s
1.3997104484168459,0.0
0.9620294106112077,0.4190924227771328
0.9778631770156208,1.4073070337062166
0.5571800560721288,2.7545410490984743
2.3708145421101574,4.3879614717113125
1.0,5.999930679239006
