alpha,s
1.6568286363867333,0.0
1.0920906437823212,0.4190924227771328
1.1380751427972626,1.4073070337062166
0.7444170308484026,2.7545410490984743
3.1872340190341735,4.3879614717113125
1.0,5.999930679239006
