alpha,s
2.0653792972808507,0.0
1.647071589785521,0.06647779183659423
1.1526057153402427,0.2187257027559406
1.1471260745462244,0.7386477532637233
5.157222661273392,2.3822548819867877
1.0,5.922318888655886
