alpha,s
2.1397476005635974,0.0
1.7690149963372817,0.05238626990644376
1.5742245822651775,0.1833451945824243
1.0336918065761966,0.5968182316291536
0.9470051194401721,2.5931343296586062
1.0,5.970639273139124
