alpha,s
0.5402399448895926,0.0
0.7331944336069883,0.10416627121369615
0.96281566151493,0.32560464333910716
1.3609833082794918,0.8627076376798506
2.3994108338961473,2.889883103562876
1.0,5.995784441053012
