alpha,s
1.1003023597856993,0.0
0.9745983633192056,0.4193841489285603
0.8674775268343373,1.321429808856905
0.7728743248658453,2.761623603883142
1.0173876267709705,4.401225411292733
1.0,5.998519490738559
