alpha,s
1.2767022561732906,0.0
1.5767309058118717,0.16688033111672063
1.252855652300082,0.413204372983508
0.9708762966972518,0.9949308852811165
1.6084219923909058,3.0702466581909387
1.0,5.984480940435253
