alpha,s
0.9366786800193637,0.0
0.8593142377684316,0.4552246228002838
0.7387907163157289,1.4178800058862837
0.23035935160087273,2.7438407325124152
0.0,4.363529018715613
1.0,5.9987760839140005
