alpha,s
1.163203647002699,0.0
1.2106380577672256,0.2303310373290358
1.2122660691142073,0.6675323124916736
1.2710905846627747,1.7352277483038294
2.2165808565792706,3.685640638463411
1.0,5.994846072684823
