alpha,s
0.9925232026084381,0.0
0.9448111810682833,0.2821555488289171
0.8878260518376356,0.6811310400905319
0.9365408645667158,1.4119456188730037
0.9052465900614857,2.8823726695603606
1.0,5.999449824909911
