alpha,s
1.100109545759556,0.0
1.0516672139793002,0.16941292103848485
1.0569219192045507,0.43859761033740186
0.9158766444536923,1.0226123962308562
0.5827699829488003,2.963868325067705
1.0,5.988747395685008
