alpha,s
1.065329272812872,0.0
0.9172169157241851,0.17312893315452532
0.9828819513310609,0.470412252943105
0.963365764979052,1.0277822932527274
1.126235245635423,2.6246708859507573
1.0,5.995687868521534
