alpha,s
0.45885517120536845,0.0
0.2949737279147203,0.42899988156224833
0.1232085289483128,1.4031699476420818
0.029889135270555384,2.780825912030387
0.0,4.3088515239762675
1.0,5.999201641781807
