alpha,s
1.047933435685425,0.0
1.0400631880916114,0.40671023091265623
0.8380364761310214,1.3251292438426003
0.4418546003822316,2.7884124157779375
0.5360080944328965,4.424918633531214
1.0,5.997405314267287
