alpha,s
4.326092738886872,0.0
2.018490258994316,0.010362359720344227
1.5602316684208972,0.10945436268052441
1.6753360692890984,0.5763141922211896
0.0,2.9741779421583625
1.0,5.982240725040203
