alpha,s
1.3758393780952483,0.0
1.154011399104817,0.3907378810285564
1.5156976595490155,1.420587427108951
0.0,2.8447673210809308
0.7270731803959143,4.424002599949986
1.0,5.992080220195827
