alpha,s
1.057678589402284,0.0
0.9456594920641629,0.4172047783218144
0.644413055240165,1.4460001036059604
0.14705524531117214,2.8401993813444055
0.0,4.499929156763421
1.0,5.998389197227207
