alpha,s
1.565506003824257,0.0
1.0583174621546747,0.36469125278539005
2.568905565446657,1.4156566116484806
0.0,2.849029990495168
0.0,4.4242695769033995
1.0,5.961100517938615
