alpha,s
1.0696735893319256,0.0
1.0088609533173554,0.17316452280183442
1.0374363230497152,0.4771228046557186
0.9312027466204641,1.068361698643521
0.7390697971072205,2.8167717355967112
1.0,5.991577168587713
