alpha,s
1.2061240516588867,0.0
1.0288317542723702,0.40934144930048894
1.007161399971348,1.3846520906149178
0.7149821913846843,2.8094641155596376
0.6033813968633016,4.363959460778632
1.0,5.998072775943438
