alpha,s
1.5481825089397447,0.0
1.3787050462754387,0.05648891705225322
1.1067165676284887,0.2001497553298522
1.2717935529887672,0.7218063901171169
0.7806086259186253,2.6243171114183945
1.0,5.988375799118844
