alpha,s
1.3722501022070945,0.0
1.2861201901053096,0.06587790693038886
1.1509919520495242,0.2279794393368251
1.0748970457154328,0.7794691083988781
1.0227033986309806,2.7318133502282684
1.0,5.9976701120273
