alpha,s
0.2016559804849231,0.0
0.21391330721478335,0.4309815658959455
0.05811418716099421,1.3178212752291685
0.01454136549918299,2.7960293049821323
0.0,4.389582189147783
1.0,5.995656207414003
