alpha,s
0.7165838836447666,0.0
0.47100654824404803,0.45358655037819035
0.2986455272412955,1.5515165238029207
0.13457116783569484,2.981638740118779
0.0,4.4372431896570275
1.0,5.9988956356930885
