alpha,s
0.9549872199722225,0.0
0.8941430416900074,0.22027500112963289
1.2292260393846999,0.6327465770381245
1.2139973095287988,1.4637870530300532
2.5922838102380195,3.3259855540752694
1.0,5.95911763408936
