alpha,s
4.893711543149567,0.0
1.7561764128247483,0.005240103567523242
1.2293644268817796,0.08660052699216789
0.7941763730544534,0.595734219587455
0.7840153532199312,2.743355028257907
1.0,5.9831707151401945
