alpha,s
1.0951463774053678,0.0
1.052330251094164,0.15993092555061902
1.0897062719508923,0.4480206369829068
0.9001893286577289,1.0395701532973376
1.4036027504133721,2.8637556412967204
1.0,5.994626594653427
