alpha,s
1.440716830590597,0.0
1.3775109669054977,0.06071193184011326
1.2092821242993619,0.2091248781179643
1.3545600608448607,0.7164873184080363
1.7256462982530714,2.6920800040091994
1.0,5.9969351759902345
