alpha,s
1.4198476325804599,0.0
1.0960502323180195,0.4477774215299243
0.921540178735757,1.5319293701436016
6.204786525258921,2.840417046977846
0.0,4.3627991475239245
1.0,5.998511922272333
