alpha,s
1.2571911620739002,0.0
1.0438523000065876,0.4477774215299243
0.8898236019052348,1.5319293701436016
6.115444713431719,2.840417046977846
0.0,4.3627991475239245
1.0,5.998511922272333
