alpha,s
1.0356756152933457,0.0
0.9942308948591017,0.2381714393225659
1.1665988475078097,0.6981824231418393
1.18551852888148,1.5965995574621619
1.8024220610311703,3.493170718664682
1.0,5.999242852305267
