alpha,s
1.1279048948841632,0.0
1.1989943108982535,0.0748507227125844
1.3106123370515932,0.2459172220806795
0.9639361001153514,0.6920100889993007
1.2874285972855817,2.5303508402906387
1.0,5.998403641705915
