alpha,s
0.9980303627827872,0.0
1.017222707389088,0.2874414325525244
0.9720236736666489,0.6909154909002598
0.8648679629495203,1.4063128866845163
0.9670668405064885,2.9748190759154935
1.0,5.995135190656839
