alpha,s
6.046289042056551,0.0
2.2447643066451923,0.008186997635206762
1.3924518071523384,0.09044697947828072
1.1329935204602475,0.7279843442871908
4.0061748766612855,2.6125269686657315
1.0,5.988387298337662
