alpha,s
1.1624792494832399,0.0
0.9577129489581944,0.483383275280585
0.8550178967707615,1.5864726167488283
0.30618991594999867,3.11663046930656
0.0,4.488780623088601
1.0,5.991482829769796
