alpha,s
1.35353598556603,0.0
1.0763886219642664,0.42564243065660085
1.094056778853554,1.3780546061070371
1.0378521844667163,2.704653499669266
6.366373376089837,4.2940591851536505
1.0,5.999836429091432
