alpha,s
5.00731743955454,0.0
2.526730057898988,0.008020841412050141
1.579121601038585,0.07612637615058161
1.1010399423053332,0.531740722830818
0.47066900789392924,2.9774169836524007
1.0,5.9917502910210745
