alpha,s
1.0339612053198977,0.0
1.0482439929446623,0.20443652554732689
1.0998033756062362,0.5098313193183729
1.2433815927207679,1.1086897139409322
1.809122899900477,2.8964416527121695
1.0,5.998605532685183
