alpha,s
0.4453964420237796,0.0
0.2004261055820374,0.044941051844688246
0.13210246188230226,0.4447004682863011
0.040259526442079224,1.558186209943599
0.011972836313563183,3.7868110120761886
1.0,5.985074296722157
