alpha,s
1.1379368180051852,0.0
0.9947800394977351,0.18654284658203943
1.2075142044117948,0.5261438136707423
0.9919398191752239,1.0935182096445524
2.1379769958861687,2.8400823660456203
1.0,5.99521099595488
