alpha,s
1.0897919092610233,0.0
1.058432546570058,0.23724777448035275
1.0261572068124745,0.6713121424873981
1.1753625324598416,1.6539173013419357
2.2261998113033883,3.663773394969887
1.0,5.996692685337798
