alpha,s
1.2034850112104658,0.0
0.9545195769708275,0.431350350114124
1.0011154618011007,1.433996213536209
0.9238771056363617,2.7994349595974564
0.0,4.273514782585641
1.0,5.990508171585028
