alpha,s
0.9663347833074681,0.0
1.0560288906019888,0.25837788698653863
1.055268668648868,0.6918383387356218
1.0802426716266487,1.6483372815932706
0.6596415965193131,3.629356777246202
1.0,5.992705135132635
