alpha,s
3.42531473021332,0.0
2.1365686548308727,0.006282479954701641
1.321278694340761,0.06222522207042968
1.3230016865562444,0.388741360020997
0.5116300637744534,2.2610985363564065
1.0,5.997674721529728
