alpha,s
0.951538355804188,0.0
1.0385903777872645,0.2411702835566792
1.0843943946656278,0.6699370232454076
0.947061902458943,1.7148135927863486
0.7517120018321449,3.7045925392442576
1.0,5.999832174649553
