alpha,s
0.7989949201594511,0.0
0.44485027709111186,0.34866480239318776
0.19774789709195495,1.3206314783487463
0.024146551773367664,2.792597778423702
0.0,4.375061327273824
1.0,5.999222505590457
