alpha,s
3.5909989461417458,0.0
1.657416217692479,0.0066369763677787625
1.3172894479266017,0.08688997483046433
0.9304200240187082,0.49755852941485323
1.8054833609351253,2.5532940923061354
1.0,5.992351243105089
