alpha,s
1.170419828796674,0.0
1.1205923254964067,0.4245630605112893
1.5761548870388606,1.4218347664300512
1.4927408691634931,2.8467831732279016
0.0,4.312868193679723
1.0,5.976737651273743
