alpha,s
1.0294962140106008,0.0
1.033731607810141,0.23615491284776954
1.158671784568893,0.6562413073039337
1.2845153939611882,1.5531333086055572
1.3395364806457806,3.6310503887557344
1.0,5.981482636778699
