alpha,s
0.9576204651260818,0.0
0.6431721089056501,0.4141111294482529
0.2052401455377654,1.433661044257939
0.0,3.0131358617948414
0.0,4.484880609436663
1.0,5.992935698177616
