alpha,s
0.8260254375773508,0.0
0.9823380035104117,0.238725143169603
0.9849531090174647,0.6116928440377214
0.9198641480047671,1.5769949034628943
3.022641249455561,3.504006750736463
1.0,5.989568490795658
