alpha,s
1.0682919691614445,0.0
1.031707212398213,0.16223063744005017
1.116483933861136,0.4394238139215948
1.1731689695122225,0.9942659365907723
1.3587435707895898,2.7219688425529958
1.0,5.994350111728036
