alpha,s
0.9864724855003937,0.0
1.0453417895861394,0.4416213805592797
1.028890204061242,1.3575017047010014
1.7628526014507695,2.7809045623858455
0.0,4.480295611647855
1.0,5.998165253855941
