alpha,s
1.3297574787323572,0.0
1.141835898116132,0.06068838663959585
1.0768369310149437,0.2266672053275403
1.0508030680412943,0.7279043707317705
0.9429183572146086,2.6113566056166486
1.0,5.99955920133747
