alpha,s
1.4740027499108184,0.0
1.334741723595521,0.06648583728564035
1.2019507655944224,0.22669898529226026
1.1947812011820527,0.6843109756708222
2.8183787348478626,2.5305606080211676
1.0,5.996952208582218
