alpha,s
0.9521273860411372,0.0
0.8925205381726504,0.2479301317580188
1.048963238531908,0.7203763439992249
1.2713196261361932,1.6822940752602749
6.378318172348893,3.6261173059071563
1.0,5.997731046227301
