alpha,s
1.1198947934826529,0.0
1.160311270952562,0.4343515021315294
1.0344611916730484,1.4084406582896252
0.5925997790374922,2.824451417051341
0.8612176721202585,4.424345001787028
1.0,5.996915228542938
