alpha,s
2.29059375647819,0.0
1.254399945907107,0.017319110372129205
1.1870940717460532,0.1387788156688945
0.7942318475550617,0.6115409520180369
0.9105465864355455,2.532835544052974
1.0,5.982489983786371
