alpha,s
1.1950883258793732,0.0
1.1316538062424566,0.10657238306842844
1.0687651907364202,0.3274994407217381
1.0198733416173134,0.8773880333873213
0.9712842534731271,2.8672473620243992
1.0,5.999821852204345
