alpha,s
0.6939014295923801,0.0
0.3972471011628093,0.04833011437534431
0.3997618246888264,0.3907574735355262
0.1405153284826595,1.332443639048622
0.0163157367496491,3.4525791954250176
1.0,5.996174814534996
