alpha,s
0.8468856323327348,0.0
0.790636854837919,0.31570164742253265
0.7463456019691378,0.7692335127592078
0.7966165086962194,1.5280031863807113
0.21348502653345242,3.020566181608173
1.0,5.998361895130208
