alpha,s
5.953860343234303,0.0
2.0239225357567614,0.051022857198129254
1.3738542966397502,0.38427999653854983
1.4664480879582977,1.5170212701325823
8.917491095654519,3.625113651180713
1.0,5.998875291727273
