alpha,s
1.360292841336501,0.0
1.3030842369011046,0.10164031470602435
1.3485865045086678,0.30264367617656335
1.3652697469094623,0.7941129585345422
0.6430600835457422,2.7412118069602127
1.0,5.999886293072423
