alpha,s
1.1259917065611835,0.0
1.0808711178886639,0.15463546724708382
1.1417793251882693,0.41364690164697787
1.102764566702377,0.9465418834532371
1.5104615336400085,2.6690999091127385
1.0,5.997824452246505
