alpha,s
0.7318864365813949,0.0
0.8473658855655796,0.5661017800857946
0.5103949179050536,1.5094308281889135
0.1690355801687715,2.9346472762481577
0.0,4.268975527865725
1.0,5.979603670176415
