alpha,s
1.137776853146076,0.0
1.134849018740237,0.15649385016863607
1.033182686749786,0.4220888545738645
1.2055645274037574,1.0325793921386521
1.5072557522154064,2.7668555243866706
1.0,5.999296062530819
