alpha,s
0.3646050467202394,0.0
0.6456950935877729,0.10908650103214865
0.9520925188231855,0.30047758636490296
1.1604930212165279,0.7768651215028435
1.345311817916469,2.7905866406822843
1.0,5.979878045894285
