alpha,s
1.1117184501207709,0.0
1.3217780940399866,0.10908650103214865
1.39637798600193,0.30047758636490296
1.3346776736338368,0.7768651215028435
1.4529257069584234,2.7905866406822843
1.0,5.979878045894285
