alpha,s
1.113004177818015,0.0
1.1763686664348125,0.17683731715176038
1.007197067262462,0.4579082122394161
0.9147689898608226,1.0838422196452895
1.1778535910003798,3.1287035060422403
1.0,5.9651548000654415
