alpha,s
1.306184994346651,0.0
0.9207549946913242,0.05009160503938704
0.9363005802536549,0.3890864439512084
1.0491349192670738,1.3856966967341717
2.302276468994213,3.5926150763017977
1.0,5.992093404944538
