alpha,s
0.4753082813894349,0.0
0.3716755990433828,0.2866383950128137
0.13631364737543775,1.2374473774023433
0.0,2.78133959971448
0.0,4.419555622907619
1.0,5.996393252672017
