alpha,s
3.549265407165743,0.0
1.3937530962937763,0.00610397456309212
1.1826571872092784,0.053963305303192134
1.0354907681192806,0.1735843841128776
1.0975538617344338,0.5219056160540126
1.0,4.35847390695562
