alpha,s
1.034204411128701,0.0
0.9499377329990021,0.27995854396038267
1.0666903643067724,0.7059322067453335
1.0660041413552774,1.3765222375711057
1.4816649974168798,2.8893510070479818
1.0,5.991204479599992
