alpha,s
1.316680275217014,0.0
1.401485445581522,0.3676589545890262
1.2517705362325273,1.3725522208888699
20.975897299441716,2.89709211373924
0.0,4.409598960170182
1.0,5.99279635286815
