alpha,s
1.1134503605024222,0.0
1.2055771257179226,0.17939137053222406
1.2426731019525707,0.46566335932677067
1.1407749714563156,1.061971717636333
2.599998225705196,3.004994370249998
1.0,5.993135187311617
