alpha,s
1.0959262609283347,0.0
0.9624180652175632,0.1477906175863672
0.9809185595237052,0.41657470442197453
0.8804075206248282,0.9798820450572912
0.2806262862787282,2.7065897446456746
1.0,5.960558101026408
