alpha,s
1.1833273086379308,0.0
1.0923541743225191,0.45150240520993995
0.6962066488547233,1.4324958720873773
0.5807849819532426,2.9219899508294915
0.0,4.3837433209762615
1.0,5.98254868131492
