alpha,s
1.2671233307815297,0.0
0.8551697549041917,0.21092729064905166
1.3249333389407278,0.7303808987715951
0.7732370030492802,1.6731015044338655
0.0,3.8272232149703678
1.0,5.98504260981451
