alpha,s
1.1461094372618725,0.0
1.397981843041348,0.4232069723722896
1.343636656986525,1.1772827385875568
0.936263633140623,2.869931972843425
0.0,4.4022189212590455
1.0,5.99909447845932
