alpha,s
1.0518085609789263,0.0
0.9973314169635983,0.380199656032323
1.0305104259230853,1.4380846180108409
0.7821012469173881,2.834920938417881
15.18931707125929,4.364048487937206
1.0,5.999276119441222
