alpha,s
1.9125197350317162,0.0
1.2091157506519712,0.010110284435812305
1.0873349133713397,0.1070953663536388
0.9414952874555009,0.5861537102070533
0.9245917659277617,2.762502900689703
1.0,5.994778737753764
