alpha,s
1.4256162778216594,0.0
1.3074156786899946,0.16575308839214453
1.3924353725177994,0.4596369388277446
1.1944161175399448,1.0330835374508962
2.661204194421908,2.8276330012896165
1.0,5.960317351858683
