alpha,s
1.0021399570829277,0.0
1.0844642715748036,0.1816907869282442
0.9245318142804859,0.44150142954967114
1.0249695037586761,1.0629351904474926
0.7688146759390472,2.8055053320001733
1.0,5.9955664008614775
