alpha,s
4.569028133709746,0.0
1.8209598334079031,0.006680002757075761
1.2955210602336094,0.09192091309196457
1.1605974195379818,0.5930388747662446
1.219742339392506,2.6827856041358014
1.0,5.988650444328892
