alpha,s
1.3523512078326734,0.0
1.3136666220113782,0.10989334780779692
1.2072475101802986,0.3250213471231514
1.1761539558228575,0.9033706657043697
1.7409517597350899,2.536322509706522
1.0,5.988228915126047
