alpha,s
0.7129742585924048,0.0
0.8072205624784552,0.10989334780779692
0.9163437483556015,0.3250213471231514
1.0360867305531916,0.9033706657043697
1.662980605227886,2.536322509706522
1.0,5.988228915126047
