alpha,s
1.1329479387428965,0.0
1.029650867551739,0.25229784901177943
1.13938832128148,0.6262883308439923
1.206991944690865,1.2423180813531802
0.7735427965001496,2.6843542986160402
1.0,5.976442025993751
