alpha,s
2.24695163669212,0.0
1.5552711671281916,0.13455193506314958
1.3593010590824874,0.5410764735493996
0.856012854230676,1.544030285650788
1.2886453133323372,3.637878396135548
1.0,5.999354359270497
