alpha,s
1.1698277564002837,0.0
1.1807695950260615,0.10683066607835513
1.2109178336357749,0.3151697977476635
1.2326840613783547,0.8513624281292632
1.819297628148373,2.751154122210623
1.0,5.996616178626756
