alpha,s
0.39827922633331553,0.0
0.5691718020004953,0.10683066607835513
0.8204701944976509,0.3151697977476635
1.0705479225215282,0.8513624281292632
1.6587966744647265,2.751154122210623
1.0,5.996616178626756
