alpha,s
0.8258224385288643,0.0
0.8748843799314644,0.29183162800504764
0.9189172977152216,0.7867132287407961
0.7944285704783123,1.534247302889714
2.366221487697924,2.9323335688348675
1.0,5.986162300641702
