alpha,s
1.214348145422782,0.0
1.1450824936271107,0.4575483359230971
1.1361455595751002,1.3134477673120097
0.7443348055906387,2.7150827349902995
0.0,4.391963541144131
1.0,5.998671705701344
