alpha,s
1.0593638027712478,0.0
1.0691179655422818,0.4575483359230971
1.0425364444715397,1.3134477673120097
0.5525471725934545,2.7150827349902995
0.0,4.391963541144131
1.0,5.998671705701344
