alpha,s
1.0706527498804592,0.0
1.1552595868260427,0.19627312798008237
1.0444928087365104,0.496378047490926
1.350923053816899,1.159038427409114
1.7183302981516466,2.864140348493944
1.0,5.99500328099044
