alpha,s
0.8550951237528908,0.0
0.880271936273831,0.4807647354371886
0.7917356916330611,1.4282445908757802
1.3090213018648456,2.786813822598689
5.698176953909486,4.359454795774048
1.0,5.9971694067957895
