alpha,s
1.1220604291446852,0.0
1.383310913255932,0.11980360159341873
1.1794661771532513,0.3019601146310472
0.8423110055622334,0.8486763974292955
0.36041998213744353,2.415249899830345
1.0,5.925302758922073
