alpha,s
1.1344803322212682,0.0
1.0671817396541072,0.2301866988713599
1.0309233114134662,0.7113523235205421
1.0055752287010389,1.710998803577838
1.4024155636751137,3.649603152973338
1.0,5.983909645092412
