alpha,s
0.350671311907834,0.0
0.47610758223145233,0.1062036741216727
0.6952256000828573,0.31288050666717704
0.8464672951199316,0.8068516626995152
1.5301764850674842,2.617270270403986
1.0,5.99362791698686
