alpha,s
0.4970479598742428,0.0
0.35724539706562386,0.467074296325832
0.2632537216309923,1.4104786991493932
0.016919305815056622,2.781884790612613
0.0,4.376605161306941
1.0,5.993530019804703
