alpha,s
1.1001859175947386,0.0
1.119486920637013,0.10504563213719041
1.0693488824271553,0.3084464628337853
0.8809674419152262,0.786855856514959
0.3243058081758613,2.2950674642772935
1.0,5.9946101875111175
