alpha,s
3.6819195997047593,0.0
1.4899571496109585,0.00515252038648598
1.00075539348515,0.04688746861167011
1.1016322477340883,0.17742808399750182
0.984679360908954,0.4878539318611325
1.0,5.480012958886389
