alpha,s
1.510980066461718,0.0
1.1123890050199812,0.051887374518699396
0.9454908153161501,0.3524559375514447
0.8436028032710429,1.479139853789382
0.2662544252936024,3.5835027070026286
1.0,5.989154176902771
