alpha,s
0.9707672819961,0.0
0.8916928886335245,0.17659150487137854
1.0774756059277824,0.4772104520311738
0.9928548557387823,0.9826612742949373
0.9519887044180555,2.752162826389015
1.0,5.97377709219373
