alpha,s
0.8711793217956703,0.0
1.1269811955317137,0.2581122954858513
1.1903275311920136,0.6730980222662556
1.0352620002658357,1.737457429953281
1.6980505397072325,3.7117650355475993
1.0,5.9891074250072345
