alpha,s
1.106890196473074,0.0
1.1345209649802206,0.16810215845231022
1.083942137071511,0.4388284088113127
1.0330280978690398,0.9480249433982071
0.5584220076541816,2.4408376433986714
1.0,5.999528884067397
