alpha,s
1.1544831442853911,0.0
0.9075549712040943,0.4766954538022302
1.7297065972570966,1.5015085397668992
0.6090782718950352,2.8223853055437864
0.0,4.678721705610313
1.0,5.996862086930425
