alpha,s
1.147471701328326,0.0
1.185299221035615,0.11448684516855527
1.0530528685584675,0.3280581653673401
1.2842552340332827,0.9383151977420475
4.51111269396661,2.748873356147591
1.0,5.988283935243999
