alpha,s
0.5381592020126503,0.0
0.7207427741245463,0.11448684516855527
0.8103023887099389,0.3280581653673401
1.1569490925132124,0.9383151977420475
4.3679759503036575,2.748873356147591
1.0,5.988283935243999
