alpha,s
4.152705330740372,0.0
1.771944906431339,0.00919642081621148
1.260859702130913,0.10544789569975957
1.095760721829731,0.591701530024006
0.0,2.8425823453688857
1.0,5.982197693141263
