alpha,s
0.962177608604235,0.0
1.2092086800208155,0.158652498969853
1.1143309789981857,0.3698322027834107
1.106705499658571,0.8258002564794664
0.831393959030295,2.512747143859471
1.0,5.961258414536752
