alpha,s
2.683674659108456,0.0
1.3388339044203803,0.0102087527972478
1.13394255576377,0.11344158057639035
1.045783425926749,0.7137014850383522
1.4080920639791106,2.6294005699683423
1.0,5.991252514473926
