alpha,s
1.4165985639325775,0.0
0.9925889445386521,0.48911541932481384
0.5041017781218646,1.528668862718467
1.213563945937809,2.864410823720475
0.0,4.37201680572117
1.0,5.991638512748972
