alpha,s
1.3501360536881941,0.0
0.9757432967323602,0.48911541932481384
0.5001186468912319,1.528668862718467
1.2007340131898083,2.864410823720475
0.0,4.37201680572117
1.0,5.991638512748972
