alpha,s
1.2323777414560406,0.0
0.8823898430664843,0.39313391864600494
0.37775652575296786,1.519731018311896
0.45684666677968694,2.9711068879865326
0.0,4.442695783195655
1.0,5.975559535180288
