alpha,s
1.258244135481897,0.0
1.017674650118896,0.05607489996604885
0.9512918029226957,0.3958442244720532
0.7294040422255668,1.4490067349889157
0.21664702858387733,3.6305018389173287
1.0,5.996755887661688
