alpha,s
3.5277857833599784,0.0
1.4420700887309466,0.0063240932354785
1.218689351557736,0.0520364305042978
1.064105512554486,0.17070758893469085
1.0561806212232667,0.5042175713743913
1.0,4.52054807629594
