alpha,s
1.0826248317816975,0.0
1.1164998858976938,0.17776338175717818
1.0412706554553417,0.44875882865125344
0.9720587162829819,1.0333907415301347
0.6535633477342896,2.72725695980359
1.0,5.995972877752748
