alpha,s
1.422101747901494,0.0
1.2448417687623077,0.4377942575562256
0.6263358247527002,1.4150773033633177
0.0,2.763638594086871
0.0,4.548732390853994
1.0,5.994527331587117
