alpha,s
1.1856671385733426,0.0
1.0281631724026823,0.0955560508634675
1.0073021576557466,0.31663259908196734
1.5522251616414438,0.9600548267792682
208.77212945299283,2.7593705355577844
1.0,5.98302854541604
