alpha,s
0.6249057057870924,0.0
0.8313258832104944,0.12149486844111279
0.9248906884627753,0.3431928894502449
1.2743007897043495,0.9783239897292791
0.7389447429094743,3.1020481352917506
1.0,5.960464479533742
