alpha,s
0.38260777944231916,0.0
0.5777439234035663,0.11620354203866838
0.736771187963267,0.33030151934441215
1.2297782869754148,0.9227859879654268
4.203044024602781,2.6109036037612126
1.0,5.908611407291884
