alpha,s
1.1708410430709177,0.0
1.0577801530399045,0.22902008502535867
0.9853661724212514,0.7186257514886515
1.0373229883623953,1.8697865117219319
0.8541451470869291,3.9049126055451264
1.0,5.99980501146861
