alpha,s
0.9490735535557009,0.0
1.0866840447868336,0.26476729396324455
1.0186343711361134,0.7207229423976677
0.8656760747295971,1.7309956427538267
0.45427785473171123,3.648099974339134
1.0,5.996721131318493
