alpha,s
1.036286341196214,0.0
1.4703618360129442,0.12492930581743786
1.327635238706943,0.3142192227720067
1.4866845178456582,0.8874982435340871
0.0,2.7292682898394323
1.0,5.945474875196231
