alpha,s
0.9517988431585587,0.0
1.212819118902201,0.509850637585702
0.622580150717345,1.4178181517912083
0.26827507479147633,2.7982715202771957
0.0,4.447179095723968
1.0,5.975825867136614
