alpha,s
0.7147075994232711,0.0
0.41066629454392933,0.0483278367359394
0.31180114652942836,0.36971062289640494
0.07383644646495377,1.4372100607891216
0.0,3.4756570263146953
1.0,5.99933843719047
