alpha,s
1.1011848887408362,0.0
0.9020616431687668,0.3386004074201847
0.785898766799732,1.1407914814001694
0.9364101266328937,2.4414956456764765
0.0,3.887932963620284
1.0,5.966184524718118
