alpha,s
1.4974826698181443,0.0
1.0416887001431236,0.434454990173555
1.654265019635885,1.3952008633929274
2.882728732357843,2.703102437136679
0.0,4.347339347470037
1.0,5.9954633380754485
