alpha,s
0.952224613509477,0.0
0.952329819769021,0.28399693161132517
1.002735142833762,0.716674159262455
0.981884095730074,1.3913871968852143
1.3456088228456333,3.002320734209045
1.0,5.997626196933883
