alpha,s
0.9697560586995886,0.0
0.9340363777682104,0.3078382360235576
1.016505571521759,0.7020047647240045
0.7510048713532551,1.3627927901596582
0.9864893279205443,2.8410779337786347
1.0,5.954385105376407
