alpha,s
1.1676263485866767,0.0
0.9868647633717164,0.19978308440075018
1.1075259961887503,0.5476179567360406
1.575347361363172,1.2443955157643172
2.343759059274818,3.194651592798894
1.0,5.931795649283678
