alpha,s
0.3353972300363879,0.0
0.265590341621775,0.4633244727762953
0.08586455172512945,1.4735756134879032
0.0,2.8739852608046137
0.0,4.375110989516998
1.0,5.989237963294123
