alpha,s
1.1940528942174156,0.0
1.0437985708999165,0.15224852235752526
1.2348850870779375,0.4290571789666939
1.46642776063711,0.9396054861960625
3.0378684787578716,2.5027374629007793
1.0,5.883029567253473
