alpha,s
0.9342500962020746,0.0
1.0191894319985377,0.19881234826168415
0.9600389176115129,0.46406363966499803
0.9858758804156081,1.0785793429042472
0.6272207103275754,2.757807338097329
1.0,5.995134921764751
