alpha,s
3.178758964327825,0.0
2.031054403030759,0.008606967756835743
1.3070566672951291,0.07006838399308894
1.5377022121676474,0.4773899181620318
4.0713028116389856,1.9806201384276585
1.0,5.989613835741254
