alpha,s
1.3580518817204947,0.0
0.975739705517392,0.3788919691564087
1.1676618053429497,1.4346943138041306
1.3806006136374722,2.795355798675305
0.0,4.395061173578148
1.0,5.999209007040923
