alpha,s
1.0208802196263507,0.0
0.998622803477146,0.23502013791934004
1.0907889499145642,0.6781641679129824
1.0857848182903898,1.7064217117836955
2.700052967374974,3.699690446588803
1.0,5.996636580602852
