alpha,s
0.9434642684911859,0.0
1.1127745316544913,0.11444551715172083
1.2927232734659335,0.30203095471290325
0.965841703327934,0.7701607130421407
0.6133566313188478,2.6717005609533824
1.0,5.998667467578608
