alpha,s
1.2260839012256446,0.0
0.942867303847128,0.48806138510742686
3.06931265500978,1.5525194953015724
0.0,2.9714202792210154
0.0,4.505485416149703
1.0,5.988612153286379
