alpha,s
1.3493754226868422,0.0
1.1763168717011387,0.08092154276143122
1.297687241504372,0.2702933957373845
0.7662736593748468,0.7903935230984369
1.6760886422640486,2.9664892595137418
1.0,5.990899095595207
