alpha,s
1.0203437997708722,0.0
0.9463356578222084,0.24224696930936593
1.0314240441289144,0.6912692348444492
0.9514625255887144,1.6532330969087814
2.024831989231318,3.670906978745277
1.0,5.99968725892708
