alpha,s
1.4601932678576544,0.0
0.8722615920894687,0.40919905844623844
0.9001144161014595,1.6203423497989808
0.0,3.2109414125317826
0.0,4.540190827333412
1.0,5.9898584573949885
