alpha,s
0.5040257771504026,0.0
0.2723730874085371,0.43513991398288887
0.12586277815175378,1.484406849339098
0.03139766584982871,2.9489749398398386
0.0,4.476288484106748
1.0,5.998818067033104
