alpha,s
1.0971984905849976,0.0
0.7808429272052926,0.39729314819267464
0.4156426723337153,1.3820386228618053
0.19764075329685174,2.8702957865163565
0.0,4.3352359394238205
1.0,5.999754169795915
