alpha,s
0.8871596468950081,0.0
0.7222129804242059,0.4620309725556692
0.4553767340687975,1.3496804368089361
0.12632646094220581,2.6903812240904332
0.0,4.318222173461491
1.0,5.99249167488842
