alpha,s
1.023622098960823,0.0
1.0557474446287896,0.2599582948299633
1.3682548072056082,0.7429163401999637
1.1885812990220377,1.7541661386157839
21.447104401400857,3.8123568373047707
1.0,5.951709838701652
