alpha,s
1.0568684776775796,0.0
1.142470653287218,0.11459333638306973
1.135041292327708,0.32700921071078193
0.8850507737954202,0.8218431851039358
1.0999508173606438,2.740791313123438
1.0,5.999125003827077
