alpha,s
0.41669241609934937,0.0
0.15230542053229745,0.3075592397788822
0.06576667424910479,1.5265046183312225
0.030616776172278645,2.802169016607515
0.06543882705628383,4.482914622690441
1.0,5.980477178422456
