alpha,s
1.1383775874767275,0.0
0.9052653348094506,0.39984573874678603
0.9906531888151486,1.4033175686706552
0.4654448765737559,2.8103915997505196
0.3999078424873985,4.423527292316036
1.0,5.998186085312772
