alpha,s
1.120188813764918,0.0
0.9092998252487144,0.3877162343948699
0.8463995045045345,1.3338269107240723
2.831939239559271,2.766731227531584
0.0,4.1838957508441075
1.0,5.997294109636331
