alpha,s
1.456562046659996,0.0
1.1076089008202448,0.050549926424442615
1.0719558684148778,0.3600994982962488
0.9702126709805794,1.4174631529295436
1.040148934217426,3.588444134567308
1.0,5.997718486198997
