alpha,s
5.444475820351825,0.0
2.1003224203121906,0.00906406218638848
1.3515657900444924,0.09547711901441713
1.2627955439752263,0.5463496710041897
76.21748395016203,2.718257365402238
1.0,5.969428506650017
