alpha,s
1.0776053241382382,0.0
1.0859723764673195,0.0690716790478939
1.109366465555024,0.2362482762218656
1.2170615553343598,0.7633488291203282
3.2696959152219547,2.8089456782674684
1.0,5.993417565121872
