alpha,s
1.1796990279933186,0.0
1.1482498089761821,0.17645784675503007
1.1922582877865682,0.46739043517752255
1.1835360728973574,1.0297366712360552
1.3403812841641773,2.698663373992884
1.0,5.991345300890278
