alpha,s
1.070435525479454,0.0
0.9297451851194488,0.41299048074466077
0.6175439384920661,1.3911172432025196
0.408165195548911,2.8530144227212153
0.43927127539491045,4.309633904193407
1.0,5.998710235476745
