alpha,s
1.0305360725424444,0.0
1.05698413538007,0.19285299006952017
1.006601806766482,0.49047498397968603
1.166958003716723,1.1291918751196737
2.046049002017701,2.7304330749718666
1.0,5.994574235109399
