alpha,s
0.9235128729537442,0.0
0.9345514857164492,0.3145183499978041
1.0324623233452717,0.7631547598577186
1.0147790604087596,1.4217647671642937
2.505449388078957,2.950639924147151
1.0,5.98683708617903
