alpha,s
1.116425412226139,0.0
0.9856018587935355,0.4009936077466842
0.4492253192133526,1.2730063035387649
0.6776692313733035,2.671265388999999
1.4529237034737024,4.1730670353353565
1.0,5.993692491240041
