alpha,s
0.9984682668031872,0.0
1.0607518426647764,0.2740582952217619
1.0206913912874573,0.6929788321418218
0.991714283206209,1.4131355657159221
0.7847054160499325,3.0615793859451377
1.0,5.992060739170295
