alpha,s
2.4373520167270133,0.0
1.4542264458881522,0.008130557411856601
1.0940845560257118,0.08209381261109233
0.9767435772537557,0.5104595523779066
1.30744931982996,2.457112626418715
1.0,5.998396395696223
