alpha,s
0.9128278323931849,0.0
0.9818799322350197,0.30069133054623254
1.0253263117624272,0.7071906451610827
1.1866279239189255,1.4082399560128285
1.0572463512157415,2.9606948158105473
1.0,5.993034091613355
