alpha,s
0.24467369019795704,0.0
0.1862446757425681,0.4356185945245213
0.05484023082193757,1.381655107924435
0.013170334890091315,2.7951221654771587
0.0,4.216937249717996
1.0,5.999641219609613
