alpha,s
2.7493332853538344,0.0
1.3883356110151455,0.0070386993840778
1.053943509999328,0.0505084197606535
0.8861103515918375,0.18161519841946952
0.9688992275744035,0.557850313501598
1.0,4.353628393184411
