alpha,s
1.3585191358719682,0.0
1.241166490835149,0.07608638594949965
1.0061449973463692,0.25550662357693693
1.1876944622082803,0.9247239531347405
0.40535340407421006,2.8461100378936153
1.0,5.995952995718516
