alpha,s
1.1305110952902335,0.0
1.1143606994857616,0.17809229633905482
1.0722770189570048,0.48187317175421357
1.1678500944052042,1.131058309656435
1.46188122664304,2.9195850814330693
1.0,5.998599992775257
