alpha,s
0.8991851537417642,0.0
1.072009965662567,0.10880578950766973
0.8282496299543071,0.2840753721438179
1.0157704268583414,0.8293781406248628
0.4568291450011834,2.651001134577452
1.0,5.988519576429552
