alpha,s
0.9871645864512851,0.0
1.0685270617853768,0.24407832220508438
0.9788777506372787,0.6740316368664113
1.1505414644365373,1.6329446483420509
0.4964188577198815,3.7062005207156083
1.0,5.998209198246192
