alpha,s
1.5785265951065837,0.0
1.4111172698233025,0.05754477786360894
1.1601673262696635,0.2058380255494048
1.0674757534544634,0.7514906119972982
1.2444037670535897,2.71002117210844
1.0,5.998841751086465
