alpha,s
0.32369293870742893,0.0
0.45449944985270063,0.10648877314608386
0.6055929175529956,0.308412590768055
0.6896316748999244,0.8599199737786422
0.5033102410460407,2.6263632390034863
1.0,5.998081513748519
