alpha,s
0.9930524067766336,0.0
0.9722909601649251,0.10648877314608386
0.9426790917955477,0.308412590768055
0.8501139120967823,0.8599199737786422
0.6045372052632837,2.6263632390034863
1.0,5.998081513748519
