alpha,s
1.0713894311466916,0.0
1.0621918886099972,0.18064241713639767
0.8035692542673547,0.457829667209854
0.7643667570888922,1.1111591589439844
1.1390191064335862,2.7489319085212354
1.0,5.983725947041789
