alpha,s
0.8762865935265478,0.0
0.9443754038042436,0.27512499503271015
1.0208646955371907,0.7552760165789832
1.1254010747485685,1.5654859692954979
275.2783315478571,3.4129387888385994
1.0,5.990335022049069
