alpha,s
1.0587310781636585,0.0
1.154360616054332,0.17055508339710082
1.0385664872678362,0.4237490861220826
1.0320993958737736,0.9714400927446004
1.0408719979191094,2.790160612696109
1.0,5.99777081898397
