alpha,s
1.3399570755217198,0.0
0.8969033797475121,0.05486778874105683
1.0026494918479525,0.4419429814507704
0.6865488188419726,1.5086703151472045
4.79862351771374,3.438442520762956
1.0,5.999789883984509
