alpha,s
1.0583993290563989,0.0
0.92459126863214,0.2359872115997915
0.9688587537338719,0.7347706361646698
0.9382666733490391,1.6684380639702787
0.0,3.559797240962348
1.0,5.9925496162515
