alpha,s
0.9591695219259434,0.0
1.2500124672232966,0.45009019571480874
1.635411232724581,1.399503339126566
5.883281516638281,2.7412625394030847
0.0,4.449348697744967
1.0,5.98407497398686
