alpha,s
1.1495124043950224,0.0
1.021249633687816,0.18171738180439365
0.9743121751887804,0.5035131171641304
0.9894452684325843,1.1380197955517826
0.5929911176280325,2.7587130168860323
1.0,5.997153323554182
