alpha,s
1.1180007904378921,0.0
0.8445150402768091,0.45273067768325065
0.7017484214583288,1.4249717791618228
0.6212477039569615,2.8691037902142518
0.9547918536343346,4.406666676811532
1.0,5.999232364651925
