alpha,s
0.9826187853061945,0.0
0.7962419729948382,0.45273067768325065
0.6651828490158099,1.4249717791618228
0.5569692285607882,2.8691037902142518
0.7621854041822995,4.406666676811532
1.0,5.999232364651925
