alpha,s
1.128610496952932,0.0
1.1088845787118637,0.1676670658445478
1.1907197334190427,0.4357453153355346
1.1765118992098058,0.9768366783240798
2.0591146761770474,2.700144572407285
1.0,5.995426356567631
