alpha,s
1.270366648415773,0.0
1.1446955389987217,0.1508426690161968
1.146709752609857,0.42382787080000284
1.0581856702543204,0.9950547943214153
0.6513487963793867,2.7105006983857645
1.0,5.992335158163939
