alpha,s
1.6824844073658,0.0
1.1003903091185565,0.05071599915187985
1.1275963635009683,0.3911647768729742
0.9353288216015022,1.3780804828991982
1.182950943834665,3.484491180433016
1.0,5.992502687497551
