alpha,s
1.1129461317274107,0.0
0.8525267772348839,0.5138553008401897
0.9065692159579812,1.5354546293520392
2.547539396605904,2.9397003448668095
0.0,4.394220223718338
1.0,5.997826066599167
