alpha,s
0.977140128444105,0.0
0.9832902866316264,0.19340951410170454
0.8723631701968596,0.508975700590784
1.0138098937928297,1.1544145283127876
0.7459222994201314,2.9232367209315835
1.0,5.994920280218391
