alpha,s
1.091796894423484,0.0
1.0797927956316087,0.11137279663180419
1.1744951356436766,0.3413062619103602
1.07184072851005,0.8562064421606247
0.6681207915289612,2.9025595730895484
1.0,5.868970685540802
