alpha,s
1.1040145184453896,0.0
0.8812571437853768,0.40764473006024576
1.6496281998329683,1.3755795263332697
1.1525461927084129,2.720274723237186
0.0,4.257882553735022
1.0,5.982417686890281
