alpha,s
0.36521467636607435,0.0
0.20612264219725526,0.38253201399672315
0.08444162363796277,1.4018562390448939
0.016966562986286845,2.919991440175979
0.0,4.485598921510941
1.0,5.996692007814815
