alpha,s
1.083696174590484,0.0
1.03789644389171,0.2333827543472553
0.8913155964701831,0.6716853372127902
1.1877094625965168,1.7658927498385268
1.0529054426538418,3.6405937698202697
1.0,5.992356223864191
