alpha,s
1.3888348280784637,0.0
1.0940426106945436,0.4059927663730765
1.0109340513054301,1.3914091631285153
1.3210728298136203,2.750529253002577
0.0,4.414287158250519
1.0,5.996674847441485
