alpha,s
1.0432109252925426,0.0
1.035988844664212,0.19074730688782746
1.0570068867721347,0.48982412491156857
1.051419136411601,1.1072249358875992
1.6184765176100215,2.9128409189726447
1.0,5.991075175082393
