alpha,s
1.3706031251222046,0.0
1.0452727875453893,0.06478641405322176
0.9701683629170501,0.2427206637859846
0.9447429460714245,0.7862477372937905
0.9248597737352521,2.791010506468451
1.0,5.989885981825445
