alpha,s
1.182571277332311,0.0
1.1072566179873737,0.38788910024562095
1.2735093413709024,1.2362302442694406
0.0,2.663747883175159
0.0,4.424983446982316
1.0,5.998658908557724
