alpha,s
0.4933033623298941,0.0
0.6460042704914686,0.10319491355345307
0.8370734941583714,0.295048093547275
1.1918952395198468,0.8811221508497643
1.3348038411493077,2.705702012385362
1.0,5.992332080116439
