alpha,s
1.2097360227379248,0.0
1.2012105676869225,0.10319491355345307
1.1692337835338291,0.295048093547275
1.3321760426427227,0.8811221508497643
1.4589194508734336,2.705702012385362
1.0,5.992332080116439
