alpha,s
1.1394408810272119,0.0
0.939876973429125,0.462875873257174
1.0987090618963609,1.4296229988482045
1.5619546413876195,2.8575967496785926
1.0342637547249267,4.371754320112292
1.0,5.999218400943804
