alpha,s
0.7716477550791085,0.0
0.4977629187071874,0.4063300969869603
0.3018906927701944,1.486367177546036
0.08286701702332888,2.8917004313091446
0.0,4.446865655807443
1.0,5.998229026740376
