alpha,s
1.4019534381663317,0.0
1.2350156240033117,0.06322375722273504
1.300954254057704,0.2374052615556746
1.0299492569170017,0.7664360764864223
0.1996734145503066,2.8086661612563284
1.0,5.945275682478714
