alpha,s
0.42384809726452827,0.0
0.32622751813373463,0.44552722977037673
0.14542956661697018,1.4051554573532574
0.06585335587720136,2.83398877968106
0.013563655845278974,4.304947006051314
1.0,5.996991735959178
