alpha,s
1.5155188128279686,0.0
1.267197177471295,0.09282265536207435
1.552394044022379,0.2955236756343942
1.7620747777352908,0.8534145669457697
0.9948172268882611,2.6598441341125096
1.0,5.9950344246621565
