alpha,s
0.5466624804704724,0.0
0.651764655222807,0.09282265536207435
1.1348352832418627,0.2955236756343942
1.5815962292809136,0.8534145669457697
0.9228423810035071,2.6598441341125096
1.0,5.9950344246621565
