alpha,s
1.5305724016992381,0.0
1.1043719056741665,0.4481169000965202
1.218971472257033,1.4293836752229638
0.9640009329518404,2.795160257123207
3.7540839768620256,4.473914979908328
1.0,5.996155037505221
