alpha,s
0.7909258353052463,0.0
0.5877132651495821,0.4481169000965202
0.40776223204105067,1.4293836752229638
0.08232548349398508,2.795160257123207
0.050728655374607905,4.473914979908328
1.0,5.996155037505221
