alpha,s
1.2349347153886063,0.0
1.197385564910641,0.44263827491078683
0.8257230665486566,1.3773387239350814
0.4312766152324551,2.8557426153712235
0.5776503018063687,4.429453888278009
1.0,5.998314096735175
