alpha,s
1.0327152211011497,0.0
1.0723211212745993,0.44263827491078683
0.6843061521556734,1.3773387239350814
0.30589043741522115,2.8557426153712235
0.38826883158180275,4.429453888278009
1.0,5.998314096735175
