alpha,s
1.1211327763834233,0.0
0.9949521135180114,0.1066889380245255
1.0998680881777154,0.35109552843328057
1.2831709185365763,0.9409617724924814
1.9602991441373343,2.7840636007745423
1.0,5.988933621643342
