alpha,s
3.4098789395573066,0.0
1.389931384492892,0.0070097683456780205
0.8811544431895681,0.09255361775768062
0.8666937886083874,0.6518169203206623
0.11405913753440847,2.8800369255722718
1.0,5.986088354290082
