alpha,s
1.2561786711643668,0.0
1.2925756266364221,0.11223198439649697
1.4685000847157879,0.3315641034527644
1.2780451987831658,0.8231186471666577
2.0929255882848916,2.6646945677517175
1.0,5.996585243507156
