alpha,s
2.6207510488367927,0.0
1.2519840224883942,0.009316307651623383
1.1687590080289763,0.10921961184911386
0.9214484433308752,0.551500457648108
7.677895093885198,2.370315257150338
1.0,5.924906674511341
