alpha,s
1.1445439331493887,0.0
1.1365798516470018,0.10906933077577509
1.3157344275955596,0.320117165382896
1.1083021534557413,0.8311993689654525
2.753498454058584,2.6175281073880443
1.0,5.988541939050293
