alpha,s
1.0179937577178144,0.0
1.0620597067083575,0.5062190736065858
0.9820859613728238,1.448198400134933
1.983510668697066,2.8525675148941905
0.0,4.398111645177155
1.0,5.998695380975382
