alpha,s
1.121826034864588,0.0
1.0974716713745787,0.23393903197009822
1.0660655015085292,0.6677983572959241
1.351335050591176,1.6171374444453621
2.818489703772845,3.4869230436585066
1.0,5.995229089369561
