alpha,s
1.142094688386039,0.0
0.8155375622578693,0.3708839704272539
0.6506694056569938,1.1887034084550427
0.1659969233477874,2.561657531938059
0.0,4.20960163738944
1.0,5.987250060141988
