alpha,s
0.673019455052569,0.0
0.5513246967139724,0.5072696111303121
0.18907978877619883,1.4996280493739227
0.1114606715802465,2.878775860966576
0.0,4.464583681484913
1.0,5.994101651737701
