alpha,s
2.26827063510595,0.0
1.752610815523424,0.05862061109903377
1.4672235069551418,0.20543916371772913
1.2023745445973524,0.7170923856662085
1.4155961854941856,2.603538247024503
1.0,5.996331609427289
