alpha,s
1.161900753536461,0.0
1.0628462384352166,0.162339478666334
1.1105669277966665,0.4577938570482397
1.1821871049451556,1.0798940230449607
1.8791522610386766,2.7349871851108145
1.0,5.977815416752545
