alpha,s
1.0086853173556,0.0
1.0652280988159109,0.2326311487979522
1.0713421151209324,0.6253583214335687
1.012072694824211,1.582313024215333
2.245566355705897,3.6287641461168794
1.0,5.999568460118138
