alpha,s
1.2782329153143108,0.0
1.3608531423403127,0.45355813026808783
1.1431180859611603,1.379985995417138
0.7632034784055751,2.8654512860045958
0.6897201645545944,4.496962885955462
1.0,5.999819928999679
