alpha,s
1.1479935551116296,0.0
1.0165124723756827,0.1758083946714784
0.946340087405592,0.4880008483322984
1.0943773033295559,1.107625903544935
0.9886801830290641,2.8803098247263472
1.0,5.999094317212213
