alpha,s
1.067405129072533,0.0
1.2171584149868797,0.1904137814392419
1.065702947204418,0.46684466126974417
1.1508974213518575,1.0693447308830673
1.144703522742077,2.825778078614772
1.0,5.989616980898869
