alpha,s
1.749588869515905,0.0
1.4834973805930947,0.06213344621831336
1.3425541869815025,0.2182453261146381
1.298510761685361,0.7509749390844318
1.4244967356115237,2.69798080209733
1.0,5.998504332598254
