alpha,s
2.8543473118858684,0.0
1.5285662656471728,0.008625354392837665
1.1590148762681158,0.0988334606187519
0.9995911567898154,0.6325561521261204
5.389268584043364,2.7841783721735607
1.0,5.997906356095801
