alpha,s
1.2534207022077695,0.0
1.5942425496554218,0.46439760084294324
1.4051776907941462,1.3250468787843084
48.79166145153578,2.6117531594104517
0.0,4.407464116819655
1.0,5.985493336144868
