alpha,s
1.2857769261396834,0.0
1.3185110761403949,0.10394447472443893
1.249571699663631,0.2825890338675256
1.127185012186141,0.7304649707593415
0.8777976008094253,2.5203195937750515
1.0,5.990297060277593
