alpha,s
1.4810840886075447,0.0
1.154808805223077,0.4100565575409445
1.5272930459073597,1.3873383631421499
2.0792648463131194,2.826473576598767
0.0,4.442377656385807
1.0,5.99612887605657
