alpha,s
0.9518496208847813,0.0
1.2459025370083814,0.2912329428568615
0.9691724182394674,0.588634532892184
0.9395101213089783,1.2422599041012266
0.9970442322787845,2.9245373526391405
1.0,5.990069621882343
