alpha,s
1.040193379714273,0.0
1.178881293765667,0.18702776268985966
1.1123866531260769,0.4748717759854962
0.95784629653589,1.0836733600177662
1.1110047872993856,2.8888696924402733
1.0,5.998870225006437
