alpha,s
1.3069595771887215,0.0
1.0118648829543313,0.41753612745010127
1.816894862391989,1.2688706139488772
1.4530568876386927,2.5157966930527285
0.0,4.31037935206535
1.0,5.985376059633913
