alpha,s
1.0681661920499177,0.0
1.3720849747845791,0.0740955129169445
0.9764659471565182,0.19201322666628334
0.9863665761028917,0.6832653567359452
0.8252959776900147,2.6027440986243193
1.0,5.996486398938112
