alpha,s
0.5859188997419948,0.0
0.3171230353613562,0.038487579717080174
0.172552525082945,0.3688973120604208
0.051168898865861984,1.596814810105639
0.017387630246237486,3.62422210087718
1.0,5.9973527820221095
