alpha,s
0.3401451481425525,0.0
0.543993251587493,0.1161100355483893
0.6755658153465582,0.32529235998083617
0.954898164902905,0.9154710527426604
3.203059192796859,2.9454563019055335
1.0,5.997243253607677
