alpha,s
1.227073645847434,0.0
1.1174427492894685,0.16682659510071318
1.2140845141557062,0.4374158920110947
1.0583558723038125,0.9580603168948124
2.000250044887915,2.5786156472468913
1.0,5.982874540348268
