alpha,s
1.1293192777713428,0.0
1.0106098927232532,0.4750931163177516
0.9694736732355652,1.517368338332633
1.0954836144952478,2.9298250937339994
1.6441311337470952,4.4761455298513395
1.0,5.999513340767097
