alpha,s
1.3024929882270002,0.0
1.3034170071475744,0.06720896252327759
1.1397658193995852,0.2233568942971354
1.1859857131796807,0.7541578771217302
3.1229096404356786,2.9778520488882276
1.0,5.996976479137328
