alpha,s
1.3471359008283457,0.0
0.9925227538217333,0.053726531319654845
0.9965820625462544,0.41829127514203057
1.3348641877872118,1.5976999280735897
2.3687782238068924,3.5920133026759826
1.0,5.999706257324704
