alpha,s
5.026669333261696,0.0
1.7410339900806582,0.05896990304698303
1.277377009419787,0.4019908630291874
1.63021189581249,1.518219628659548
0.0,3.5239607207787507
1.0,5.994679811073241
