alpha,s
1.1840451568450627,0.0
1.2017132429529407,0.19819396031829709
1.2902446638897795,0.5788598673286491
0.8953368836026687,1.4014557562158196
0.0,3.44526451058053
1.0,5.884415328556462
