alpha,s
1.0666894034379681,0.0
1.0301186197495475,0.15757910897529762
1.0358400421558869,0.4335576068190124
1.047541117463597,1.0071051957939248
1.106706829498329,2.754241254510511
1.0,5.9943901180106405
