alpha,s
1.8898933406928076,0.0
1.7767590648982305,0.06559130031010411
1.2033378741735612,0.2153416758314168
1.0062260873494853,0.8272324972305429
1.5775126368704238,2.9944968763738555
1.0,5.986510904810576
