alpha,s
13.262562349028265,0.0
2.452287890187176,0.00801046669666886
1.43947016088602,0.12250169194928634
1.6181276406122296,0.6563337570738648
0.0,2.9915658687607993
1.0,5.840987802842667
