alpha,s
1.0160658855755904,0.0
1.043322078177099,0.1584892983472181
1.0422637981946548,0.4182886693586644
0.922925622833848,0.9316777725215428
0.468326696235279,2.7601193747896975
1.0,5.995570346413575
