alpha,s
0.9395119148323707,0.0
1.0123776827633646,0.10952921704673689
1.025536104648069,0.30633215994685786
0.9453832785254879,0.7546522607477377
3.04760033546769,2.628998291816383
1.0,5.995894243369477
