alpha,s
0.3063645509406102,0.0
0.4802965090072148,0.10952921704673689
0.666232276437397,0.30633215994685786
0.779853753811191,0.7546522607477377
2.9025244122911364,2.628998291816383
1.0,5.995894243369477
