alpha,s
1.4070390054895572,0.0
1.3315681216482063,0.3944934500445946
1.4246129932029716,1.2803748657132887
8.147733713221653,2.849948205774376
0.0,4.360770338275609
1.0,5.973065710695522
