alpha,s
5.671438938360266,0.0
1.9417082137360582,0.055144440943998965
1.3730113761757279,0.3821501147294918
1.159417980455558,1.501516319998159
2.257306307981246,3.5960454009039298
1.0,5.992536966119197
