alpha,s
1.167210820998482,0.0
1.0218406998829233,0.17687345884926844
1.1009072969693454,0.47769713118180207
1.0144760758225173,1.0415008463844315
0.978504117881805,2.9488872180424717
1.0,5.976039287618048
