alpha,s
1.2514050424798973,0.0
1.339924318151539,0.18234696710578158
1.2098871632628725,0.42483134651963933
1.0203382431946095,1.0276140533797624
1.6870187399198546,2.9782112259551843
1.0,5.993704891007507
