alpha,s
1.0472035228977814,0.0
1.0929414362954928,0.4059802873928917
1.3907965186727622,1.4116067137844452
1.188837233333411,2.8385375189330917
0.0,4.464941711932646
1.0,5.996018000132625
