alpha,s
0.4832231695010205,0.0
0.6545700714276398,0.09117241085318552
0.7093129377841229,0.2736641414176305
0.7650301827500335,0.84213206225648
0.8571276752395984,2.7392157202394256
1.0,5.994422462646531
