alpha,s
0.9777545966655727,0.0
0.9585145729656,0.29228407973906445
1.0451560238176134,0.6998026944861698
0.7867566046938125,1.3489338353509843
0.7323754739803323,3.0223406772738124
1.0,5.990639304550777
