alpha,s
0.9681219715566527,0.0
0.9282719408555358,0.237837732367943
1.0068626932251794,0.695000895960203
0.9013210560397704,1.6908363864328215
1.042533900752584,3.7452862170496455
1.0,5.990676633730602
