alpha,s
0.4966232351667954,0.0
0.5949190895285505,0.0981975177504197
0.8596082263170287,0.3242654931433324
0.7839866167927187,0.8252545520393904
1.0815626446889892,2.5958852652167317
1.0,5.955340297460213
