alpha,s
0.3498230432434245,0.0
0.5242291541465767,0.11395973388370603
0.6872049659045151,0.3230483554335004
0.8946674762709801,0.8247697902210256
0.3619620560049863,2.5356878398309255
1.0,5.997523036361285
