alpha,s
1.0321503041930973,0.0
1.0508344444579436,0.22368710055146326
0.9309181246984787,0.6322653321376116
1.3764270209029252,1.6416343050592654
0.6463694498174086,3.7399474667148005
1.0,5.988183265168939
