alpha,s
1.0487487466890852,0.0
1.2041115577794024,0.23990671308751993
1.2580887068844075,0.6441384462883621
0.9806982728774262,1.6938154225963569
2.910808583755768,3.6904916638867404
1.0,5.9976795415060495
