alpha,s
1.106231654968139,0.0
0.927277132054951,0.37439727449783805
0.7104986503688149,1.3013440852808194
0.980432253820587,2.7198473781880472
2.5231017652803547,4.3472191145502705
1.0,5.99814383813996
