alpha,s
1.6105275494512554,0.0
1.7108440896536259,0.07289390308269986
1.1275320735235517,0.22495181826495184
1.2198385107543481,0.8692450917999561
1.2362706070071487,2.9308627068061024
1.0,5.997905199560325
