alpha,s
4.138032100480441,0.0
1.9498542501239868,0.00916760978564428
1.2746542945046864,0.09647190859397602
0.9166904240326073,0.736962606160452
0.0,3.293091667818353
1.0,5.97021496510614
