alpha,s
1.6614325665680552,0.0
1.0770637725149583,0.04873456082761244
0.949906483130241,0.395522314316256
0.9326236142730592,1.6029425128191324
6.245821572601335,3.8037581172141257
1.0,5.969486228207417
