alpha,s
1.2343502545451275,0.0
1.0567600193265965,0.5138081523473533
0.8452725397266958,1.4828262690321343
2.1547866027615816,2.9154931895950935
0.0,4.36360494791998
1.0,5.9992482269773815
