alpha,s
0.9166210029439341,0.0
1.0881048258105679,0.3087608552410663
1.0904897191190877,0.6860752822117855
1.1643500356322372,1.348959721368784
1.48041208359505,2.9585405491910635
1.0,5.940638963349431
