alpha,s
1.242004977572574,0.0
1.1128702192195221,0.13336815734985039
0.880517958940276,0.35923701982755213
1.2879312768820732,0.9733722669470599
2.428494103021881,2.5880260937003667
1.0,5.945685979711096
