alpha,s
1.2019756776290131,0.0
0.6550183834004583,0.29646420054746125
0.2736658096247627,1.2917077403729316
0.0,2.9267818892165374
0.8057329993942008,4.387715129973486
1.0,5.993305708392698
