alpha,s
1.101568873454055,0.0
1.0582030671466884,0.18539143050947327
1.0127762643810354,0.4909317662577022
1.0243122920966137,1.1337222812976642
1.4421925055677394,2.779286208339349
1.0,5.99523329143786
