alpha,s
0.8729948676579599,0.0
0.9856604341470353,0.1978878658490762
0.9580097252139721,0.48881380175533207
1.212321168437212,1.0793540272600182
0.7887197946856734,2.5790007703325295
1.0,5.969392898642688
