alpha,s
1.246888191482257,0.0
1.2498720087104098,0.06695994681009265
1.1114264491656,0.21864901708132353
0.9553696710736188,0.7278014536155255
1.618350774667035,2.6634102401386848
1.0,5.999667279934121
