alpha,s
1.4483069687256862,0.0
1.2083702763328383,0.35552106697681374
0.719087069088975,1.2587338085065234
6.548244843493316,2.651215144657297
0.0,4.449812467430528
1.0,5.999778205360586
