alpha,s
1.2260939743071482,0.0
1.2010494917203334,0.16549376249627334
1.2165375266475567,0.4046779224554764
1.4159689684416708,0.9319670850661258
2.51624082624828,2.73755386911882
1.0,5.966108059049516
