alpha,s
1.4907572627843795,0.0
1.2391908339806879,0.05690901106718955
1.0779418148159445,0.2027733163398366
0.5796533601135295,0.6118352911417305
0.0,2.5995330582623732
1.0,5.996644974425808
