alpha,s
1.0902973674018983,0.0
0.9140503014451921,0.28461609418062833
1.1510410720608732,0.7344849178456281
1.306112190222398,1.4722878545823435
1.091312157725328,3.2690715392504575
1.0,5.974463795189676
