alpha,s
1.1066206893340857,0.0
1.0069554914758032,0.15643395798367993
1.0869516517294726,0.4454905402812558
1.0660395416073687,1.0276944875225495
1.2226863988989483,2.7775066657648595
1.0,5.989507967083135
