alpha,s
0.9459583722702657,0.0
0.9793978490213548,0.4646168409141444
0.8737661089714127,1.3958422927987988
1.0420154846584568,2.8042266473512583
11.073215064955212,4.255273864020751
1.0,5.981865086773004
