alpha,s
1.0368214958420259,0.0
0.5949345822406866,0.048373098240198614
0.48083144809996614,0.39133463347726205
0.13583985432054566,1.509559948780862
0.02966446963463294,3.6370654177776833
1.0,5.994050208797645
