alpha,s
3.354208507613486,0.0
1.5387832242701285,0.0049389209047851585
1.0431464346425752,0.04385465273612456
0.974587426079669,0.17222354545331148
1.0604366562355805,0.5223096197400778
1.0,4.520765663454759
