alpha,s
0.792143405798305,0.0
0.6560796391147244,0.4596741947526007
0.21401117380230417,1.4805423742187782
0.07601811560956402,2.9543399892730466
0.0,4.510653513759246
1.0,5.9874890613057055
