alpha,s
1.0070682081376214,0.0
1.090554355498854,0.1864362735182143
0.9548086242262338,0.44517607986108104
0.9539774841350709,1.0426812903470937
1.1637107324739975,2.675760428542955
1.0,5.994834949162715
