alpha,s
1.0425697094290494,0.0
0.9621263823023605,0.23677784194043106
0.8664001645942003,0.668839197430801
0.8436116186342929,1.6458974576308816
0.46279845174933815,3.6279051219732468
1.0,5.9848071423022215
