alpha,s
1.0764800433628312,0.0
1.0383498236932558,0.22284503451212476
1.0756612699280768,0.6666895359455556
1.0127077114028418,1.6558011320580768
0.9824520611063073,3.6727991286910213
1.0,5.999702032491102
