alpha,s
1.1255705654923502,0.0
1.0959454915347056,0.07310673452176476
1.0711788436178855,0.25489419548800885
1.0551984605468196,0.7869110258055789
0.8940374123311743,2.7931071108883883
1.0,5.85020554297334
