alpha,s
1.0681498908500477,0.0
1.0213564768496461,0.26711264566913107
1.132948110408394,0.6362545254663422
0.7982371338964833,1.2375473657105587
0.7239691945042526,2.6810200820474654
1.0,5.994372072608655
