alpha,s
1.0788329362487081,0.0
1.01719283055312,0.11476055734891911
1.1366159994331626,0.34784891166701803
1.0915918011740806,0.8858047329688152
0.6635882335734301,2.854386254833126
1.0,5.997059421024121
