alpha,s
1.8514336146372652,0.0
1.0694246857729768,0.0466546761139332
1.0718389566279132,0.3826378253364321
0.7078940260633718,1.492584942673011
0.6737497420350231,3.6396135065838107
1.0,5.999005117916041
