alpha,s
4.533637041252334,0.0
1.5223636579223478,0.0039227400607231185
1.0611795549579446,0.04103281111208606
1.012427651647902,0.16359081843417966
1.0667530897037043,0.487457703951898
1.0,5.302477204953088
