alpha,s
0.9793056624896549,0.0
1.0289282459727833,0.2560931376584808
1.077542440239769,0.7279875910453321
1.208863815748597,1.7361439920284212
6.371680043239888,3.6941676583801923
1.0,5.99859771665745
