alpha,s
1.6720714645178254,0.0
1.3540772002350459,0.056405641918823635
1.1608176456493322,0.19933318218980256
1.1200835291701274,0.6703037161827172
1.8081055300572175,2.7951539094556437
1.0,5.9756891379876205
