alpha,s
1.4890718953225726,0.0
1.1524535961536695,0.05854623448561699
1.0588600919948055,0.2378223555775805
1.283757526353394,0.8235769792707114
2.678116859060873,2.545346683195425
1.0,5.988719156303032
