alpha,s
1.0642566317637712,0.0
1.0329067185859018,0.2739496733991983
0.8629606606338471,0.6657637818651428
0.9337606811512846,1.3669181376159278
0.5384776122432833,2.866897293728272
1.0,5.989700992751844
