alpha,s
1.6238424608055815,0.0
1.3252870837045658,0.06267306969449717
1.2689600932334337,0.22767834096763445
1.1039249728427825,0.7277929158265871
1.4816700584463045,2.4752732400947215
1.0,5.9994208425793225
