alpha,s
0.8503892381332587,0.0
1.060163637318595,0.32673275384058686
0.9228415279741153,0.7177235289131941
1.018312698846886,1.4757844667544342
1.112580536559717,3.15574101127948
1.0,5.993515054751192
