alpha,s
1.0182314819794853,0.0
0.8923037997574674,0.2825199684827353
0.9724743957857718,0.7233205709277618
0.9070136432836443,1.4104038467486653
0.8111654202901158,2.9302621478895103
1.0,5.992126479191658
