alpha,s
1.0283508094620428,0.0
1.124390426108204,0.26404082197902073
0.9991123406077163,0.71431549366896
0.8771235179355007,1.7103353909142682
2.9941877557432988,3.6195314297752597
1.0,5.995447138104861
