alpha,s
1.1376883105759052,0.0
1.0237220793748414,0.4566102633472
0.8798088100272089,1.405509498432591
0.8568890384599431,2.848155804878905
0.0,4.475992404650804
1.0,5.994882956370056
