alpha,s
1.266241097571556,0.0
1.3071579740637649,0.0723106176656764
1.0702215499896959,0.227643232316347
0.8778586409367239,0.8241221050298894
1.7482874667937307,2.7646311229443037
1.0,5.989365812078396
