alpha,s
1.1197202641027553,0.0
1.1079964277801717,0.1604118591514888
0.927943724051199,0.41465210985679235
0.7631858727947668,0.9450735028684814
0.1957110083073903,2.581140555740348
1.0,5.980756295542684
