alpha,s
1.304043609688599,0.0
1.1558124928586915,0.41232958864555813
2.3981196594597347,1.3669898330327026
0.5781608879806164,2.845957712932892
0.0,4.400122104869165
1.0,5.999778458410677
