alpha,s
1.3587889660097947,0.0
1.1750364227606338,0.41232958864555813
2.427702401425325,1.3669898330327026
0.5862583608507698,2.845957712932892
0.0,4.400122104869165
1.0,5.999778458410677
