alpha,s
1.4037722936473602,0.0
1.0503721790400025,0.4123338968219628
1.2805566100719485,1.4909616620237929
0.8269534836122402,2.8845658534046117
14.701795043192677,4.40773157971145
1.0,5.999806366311288
