alpha,s
1.000277788753957,0.0
1.0607280667882626,0.3033693354903002
1.0928861536180947,0.6956478492601724
0.9790370050589104,1.4218324934981093
1.010117164173961,2.943426817982726
1.0,5.939302022137405
