alpha,s
0.2791114176351021,0.0
0.5130857392951546,0.12202388573887274
0.8518518093594561,0.33405418695745626
1.5947257453644932,0.9180956298700648
2.669902439804279,2.7492535788012393
1.0,5.969681084293322
