alpha,s
1.1227334500167512,0.0
1.2673658775730114,0.1873731375590004
1.1831796140285582,0.4498325118796759
1.318488915119735,0.9887014686630425
1.4350722936979847,2.5574396506609456
1.0,5.999403717277358
