alpha,s
0.9776522581584124,0.0
1.0301487496597523,0.16813231471504544
1.0342589230768024,0.4288950621089316
0.8683956800545785,1.0115423975334608
0.20911971034400814,2.746870967098344
1.0,5.998096693160561
