alpha,s
0.8485010521086769,0.0
0.9976597709815807,0.23522608085746566
1.1051780246522755,0.5107585151549795
0.8105153794861135,1.0244671319123462
1.587712118267958,2.4498047140542036
1.0,5.996628196322435
