alpha,s
1.0164516299794508,0.0
1.1439293308349259,0.17826947302507243
1.1254937195360033,0.45146998568508406
1.123413724866191,1.0375283877107957
0.9244231814301986,2.8373556839774237
1.0,5.976181481235797
