alpha,s
0.95186030312868,0.0
0.6061631309109016,0.37410039381375565
0.31281137707146023,1.3406253091862343
0.12575161469987944,2.8541978500677967
0.0,4.353786928548762
1.0,5.986912797202625
