alpha,s
1.0191324616437292,0.0
1.0746592078797623,0.17030719627909194
0.9884137576805244,0.439616217446706
0.8836958903190475,1.0651648390715696
0.30062735198338975,2.776419859887459
1.0,5.979893651932382
