alpha,s
1.145329539503191,0.0
1.1219602326609002,0.16945642608776582
0.9781831008704305,0.4455378371460011
1.0586585561185424,1.0880432607008803
1.3384137446235496,2.794192639719678
1.0,5.997247162352672
