alpha,s
4.7219554415319,0.0
2.1325119706658566,0.010601371384895522
1.5929460114569554,0.12201590815415442
1.1023971609819627,0.6969942767806242
10.837101162279339,2.9416605316811326
1.0,5.977172961298438
