alpha,s
1.078242416505775,0.0
1.1627119934319798,0.2336905885763458
0.9517410539163802,0.6579636208504779
1.0110000548319085,1.664860763663598
0.7783256144064765,3.594448039412827
1.0,5.998108464700659
