alpha,s
0.9713504069254737,0.0
1.0816748930534748,0.2043405744953241
1.1057278696862856,0.4914012987238399
1.143600124588151,1.0648768081627105
1.2963965578526595,2.6094194049049397
1.0,5.997044139927722
