alpha,s
1.2901847688565673,0.0
1.1814843484830377,0.4918105586539211
1.7804651753175245,1.4857075844411587
13.907890020397932,2.78493817753612
0.0,4.242867987800786
1.0,5.997195048581794
