alpha,s
1.2869770145154178,0.0
1.1792825180677498,0.4918105586539211
1.7782659280328665,1.4857075844411587
13.905613863158687,2.78493817753612
0.0,4.242867987800786
1.0,5.997195048581794
