alpha,s
1.0593893491455595,0.0
1.0268103417410803,0.23900381201224882
1.0411516636739804,0.6910507907357399
1.0931483351902156,1.7308562970533063
3.6523550362861403,3.6957715389349923
1.0,5.99893131861042
