alpha,s
6.13906475866096,0.0
1.9806423924617473,0.05257117062548766
1.3268491567984975,0.4105756100836721
1.3409742464171337,1.6295818479462651
2.331208310497587,3.6802128280578863
1.0,5.993852959231546
