alpha,s
3.0520979706198506,0.0
1.6109616486525655,0.007743383251706243
1.2602214567271182,0.08857334615375152
1.2012043363118858,0.5546684314406857
2.314060997690672,2.726859091078586
1.0,5.9970157428251305
