alpha,s
0.35534189171598324,0.0
0.310620394197522,0.4240803211114429
0.12483085848086128,1.3311342858928608
0.0,2.7436108690649985
0.0,4.518684396651056
1.0,5.990098619194438
