alpha,s
0.8005157477155208,0.0
0.851958300157073,0.07392342167134638
0.9361125418623139,0.23926805014483238
1.0177053865323447,0.7346374977005686
1.198326187081854,2.4373716730914303
1.0,5.986100100276476
