alpha,s
0.9746125511764765,0.0
1.0874485890224757,0.2917975908575734
0.906207817421026,0.6726057285756338
1.2931850798360773,1.3889627313590018
2.278933847492077,2.8107393026429355
1.0,5.993285063489537
