alpha,s
1.3486455578642331,0.0
1.5441130206660871,0.07505901940812076
1.1660908876012799,0.22007290378650526
1.1092657273017872,0.7859186495110428
2.84670133850795,2.840041962045541
1.0,5.994709745711119
