alpha,s
1.5071507328218148,0.0
1.3514693677410834,0.07555868281770273
1.1843243802359524,0.26209304736843714
1.380652708763108,0.8574384534276708
2.18821415344449,2.808674190539845
1.0,5.9380569982707865
