alpha,s
1.5463492155359837,0.0
1.0903445397807225,0.4218860353705608
1.2121787736904044,1.3996313640338889
1.8248114497768573,2.809084719437931
1.9128438301756536,4.440041825952272
1.0,5.991700572658537
