alpha,s
1.2958232357937203,0.0
1.2489872695778457,0.4011520187569245
0.9558856952676772,1.3017334150658415
0.8992243556203707,2.875650279017183
0.0,4.379049649805246
1.0,5.969763370248255
