alpha,s
1.408918364412914,0.0
1.049590031466752,0.05018987617367957
0.9484958348377763,0.4027472378454469
0.8587153164514412,1.60280158677217
0.0,3.627525397054003
1.0,5.992774549536824
