alpha,s
4.221696246784409,0.0
1.3450531672930222,0.0030224501766107203
1.1650947848805135,0.04302186848217709
0.9963429551049733,0.15800275586808948
1.0460376392908495,0.5079732877004689
1.0,3.4611199302502267
