alpha,s
0.9813244120728655,0.0
1.0336516726248688,0.21024576302020573
0.7848800586852066,0.541015762186467
1.0785633344810694,1.342302254804143
0.38519593117682827,3.1332470017345813
1.0,5.9932490487799885
