alpha,s
2.4192633676904474,0.0
1.349484675103942,0.007906130947394622
1.3617584123070137,0.0986374935795842
0.949618618694594,0.5764930161922107
0.8697064706738521,2.754659768850794
1.0,5.979146713939231
