alpha,s
5.43395023698887,0.0
1.7340068806481157,0.0050827347524085
1.2858523546858773,0.046443296442337
1.1535153937976517,0.16676479184428325
1.0952249330524126,0.4902096989535467
1.0,5.1845613858931605
