alpha,s
1.141574337854663,0.0
0.9821453336092038,0.1552398161596246
1.1587966636505445,0.4445545487558179
1.0106913196789329,0.9473785607871891
2.1776266402060003,2.746534132607866
1.0,5.998944494123949
