alpha,s
1.0326794329267623,0.0
1.0657553488607874,0.23768631713997987
0.9351910638571068,0.6798222071468512
1.0000232077240268,1.6657130935076476
2.9433734885328167,3.54134665814524
1.0,5.990510756741422
