alpha,s
1.0732581900290876,0.0
0.8586589639707876,0.4301900470240706
1.194600808473874,1.3771622594837907
4.1025268997179785,2.9239445325902067
0.0,4.527547369796611
1.0,5.992994378694652
