alpha,s
1.2987740674414092,0.0
0.7951268270686335,0.4035532833993085
0.9815895002114902,1.3322216280072687
1.2794572693470654,2.8548924446112456
4.267420607264548,4.483354132586804
1.0,5.9841670684182855
