alpha,s
1.1796051532941492,0.0
1.0880642824150977,0.11405814939950767
1.2063855415063278,0.3496364558165945
1.1324214006259008,0.9336666738011999
0.6208533523503805,2.970414561076276
1.0,5.979791168443127
