alpha,s
0.44877458548864524,0.0
0.5778493407716367,0.11405814939950767
0.8587573115828631,0.3496364558165945
1.0091108360057996,0.9336666738011999
0.5898037336498297,2.970414561076276
1.0,5.979791168443127
