alpha,s
1.1802753520638314,0.0
1.0944547677556982,0.3910396057642785
1.4198486977783369,1.363494622541559
1.0516456335310498,2.7204272676062318
0.0,4.431445161604636
1.0,5.984087752603903
