alpha,s
1.0480047247663233,0.0
0.9842694363241682,0.27662870820363417
1.0256352730195093,0.6998247539097624
1.270692105801218,1.4241162343392486
1.307288888390609,3.0674592149498245
1.0,5.991951476352585
