alpha,s
1.3052051289787234,0.0
1.0296563960101106,0.13185405298815522
1.1940250169464235,0.44799011751360995
0.9018211359427414,1.1208539646668958
1.262453021897212,3.0550044195900217
1.0,5.985261953147405
