alpha,s
1.0625449225204724,0.0
1.1474298400444616,0.11194188942175044
1.1354195195621186,0.30921219641941816
0.9319523035189927,0.8303464576385431
0.6987998671624087,2.8975603286595057
1.0,5.998339053441976
