alpha,s
0.9961626300609677,0.0
0.9900176998892778,0.1695217953603811
1.0347659530064346,0.456199337886072
0.9067923393446594,1.0080710455981103
0.5335590549529076,2.7800768212441085
1.0,5.985637867599936
