alpha,s
0.7172991740938386,0.0
0.6007042476737907,0.4293396190276265
0.2072514432102046,1.3173320031321396
0.0,2.743341376742295
0.0,4.376988384625507
1.0,5.994332050824759
