alpha,s
0.9412207353714189,0.0
0.9991600648863036,0.4911757336719712
0.2941317089645768,1.4622214012696935
0.15986178183463864,2.8227030904664425
0.9425939292659519,4.471509896763641
1.0,5.978034544933171
