alpha,s
1.0151156427508645,0.0
1.1983234277707089,0.18717606619202445
1.2653682245001678,0.448077330223827
1.18199372006714,1.0012469699535738
1.3508295097856668,2.7257320215111873
1.0,5.984649761980322
