alpha,s
1.031316030239531,0.0
1.145132855771244,0.1916267852394893
1.081742264185083,0.46820569806715834
1.1387081432225084,1.075768386595939
1.2565015906826265,2.784636826751973
1.0,5.999699794065618
