alpha,s
0.5659818475922351,0.0
0.3733276326712553,0.06868591438550155
0.33352359828439776,0.454097766219768
0.1086213944455283,1.5851757905976074
0.0,3.599810047035741
1.0,5.978908591308408
