alpha,s
1.1030490759781935,0.0
1.059287887100365,0.22900868597207547
1.130303352754964,0.6727153052792366
1.1383297306677371,1.6163288636725213
3.3660634194322423,3.583227991833732
1.0,5.999948033130953
