alpha,s
0.9197077043348657,0.0
0.8381810043949989,0.47216163421575597
0.5458059059380592,1.2728502624030549
0.0,2.7426077829336553
0.0,4.329745380319973
1.0,5.997067860053733
