alpha,s
2.6061471045900824,0.0
1.5244815872235935,0.011842631106482421
1.1243429027984857,0.10626816266534228
1.2969976251263953,0.6088602520693331
0.0,2.5864070398841625
1.0,5.965643816999835
