alpha,s
1.3413190182744321,0.0
0.9560207030390432,0.5208800788242821
1.34839029633708,1.6281141546198676
0.8326829796451205,3.1174713243882928
0.0,4.578064015307522
1.0,5.997519862828996
