alpha,s
1.0562743591958241,0.0
0.9740937741550384,0.15934606978797808
1.0591605442878964,0.4468325037444189
0.9776251399175059,1.0210024498670853
1.4778073691674836,2.6289336370982093
1.0,5.999715569842527
