alpha,s
0.9955621660373243,0.0
0.9686514543813678,0.28420340910969294
0.9594592674609698,0.6803342563475805
0.9534286211940228,1.339978888041308
0.659521550938427,2.8739466563197227
1.0,5.998217632407764
