alpha,s
1.2883803387424286,0.0
0.7040796229812875,0.38051041013263454
1.3981143345847344,1.4382982616027047
13.889112859041989,2.747621318311854
0.0,4.286535416786649
1.0,5.998482986079426
