alpha,s
1.0644163522634629,0.0
1.0916994154976394,0.17883263639947578
1.211428437163017,0.4627947322955464
0.8562502215835079,1.0242256876168678
1.2497723264834393,2.788410703615384
1.0,5.999759738581124
