alpha,s
3.0823444679457728,0.0
1.713391237268131,0.008710956032655523
1.254654015356878,0.09390424393427942
1.3158491444285094,0.6225097094966456
1.1919030783106974,2.839444890203855
1.0,5.9931065629904605
