alpha,s
1.0839285068182758,0.0
0.9754839244000104,0.16224571242542082
1.0014270987433533,0.4422188475992343
0.8569605247843098,0.9942076089329356
2.262394686413492,2.6128509041270833
1.0,5.948298271183184
