alpha,s
1.0126340696626484,0.0
0.7001784140895755,0.34800094088236994
0.593944536922651,1.29288624287501
0.47398534934908687,2.818505418697127
2.812563131593017,4.357283184605576
1.0,5.991511425785191
