alpha,s
7.307343857364251,0.0
1.696243314516994,0.039881938022446224
1.2960176852562473,0.3689428387435295
1.2505466083424726,1.4838757948255805
2.45135439442974,3.446939849481859
1.0,5.999831240325129
