alpha,s
1.2160330163327917,0.0
1.2705869702574613,0.14608523521175573
1.1626532732611434,0.3857425738072358
1.0247572615645877,0.9613261874221988
1.4043853048415105,2.9935812765741123
1.0,5.97451790742363
