alpha,s
1.0050917897138574,0.0
1.0958017364026134,0.4609676568770698
1.0919987274325802,1.3710807719877642
1.0241116098484326,2.7738522180186176
1.9378339686836006,4.375979858390901
1.0,5.998163472125729
