alpha,s
3.535683670833516,0.0
1.2829706090849655,0.004761755986110821
0.9526274088692906,0.04717406184322033
0.8754612245344969,0.17730574563317553
0.803847489247389,0.5412984347606178
1.0,4.493892575157964
