alpha,s
1.6142854960795932,0.0
0.9506299373558623,0.04883062773370133
0.8269944039580533,0.3850778540039388
0.8511210648158762,1.5262734468486518
1.5112357635944578,3.6228791098756874
1.0,5.992405035856197
