alpha,s
1.0442847596588327,0.0
0.9430378443785749,0.238229398602204
1.0011693260397956,0.7357660668091175
1.236358819514958,1.7108940377999613
3.0705694407735877,3.5431675447352355
1.0,5.99553886624265
