alpha,s
1.0927954545469447,0.0
1.1718522771073294,0.18890680584944422
1.1821346193525082,0.44655731384036873
1.7033276007141842,1.0174914461872722
1.883359996738099,2.449234156384073
1.0,5.992735036624016
