alpha,s
3.1937601265145332,0.0
1.2947349486829385,0.004283808475398481
1.0086606256580313,0.0450773194803117
0.9415708736155799,0.1738508762699909
1.0075041204578905,0.5116084016407603
1.0,4.128177113602366
