alpha,s
0.8802420962626152,0.0
0.9518832733933328,0.3128168021316375
1.1951906228730271,0.7607741335079001
0.9755561837359019,1.4319249577204303
9.66356813581234,3.207379920140884
1.0,5.999581094668515
