alpha,s
0.46413950525454517,0.0
0.5547787092967189,0.09374041944893459
0.572999544952283,0.3596052505707264
0.8223415127260892,1.0912765344216824
0.0,3.1011033517876183
1.0,5.885489288908927
