alpha,s
1.8343370919237891,0.0
1.5612297852427002,0.06210942939377067
1.0928005060052104,0.20705312558570377
1.043751023725788,0.7507200858391189
1.7081244147138686,2.729773436509575
1.0,5.995004483232815
