alpha,s
1.0687844559065034,0.0
1.0773493418350468,0.2397804863479069
1.169937818481116,0.68235069369386
1.0919607286526591,1.598415019601308
0.6512075342130578,3.59612743141806
1.0,5.998945718993043
