alpha,s
1.0433581171381727,0.0
1.1655853659358955,0.17429046921271868
1.3013327573478446,0.4365727759462627
1.0360169099637087,1.039864593982481
1.4189074383394598,3.051800219475355
1.0,5.986018977356089
