alpha,s
1.0965319825166304,0.0
1.2505566822315703,0.22839140225136875
1.0738026867948498,0.5782625289116599
1.009180960372191,1.5021720801679248
14.548644850939006,3.5425185189108377
1.0,5.989740976969792
