alpha,s
1.2332708641799617,0.0
0.8820007411228387,0.4427081085805207
0.8607334272520727,1.5139973042619692
1.0238790722899778,2.927586015503392
5.966783709666532,4.431226144897071
1.0,5.997771988312172
