alpha,s
1.0695638201499835,0.0
1.0310904680101445,0.09773190516270874
1.000117003117805,0.28750698669957603
0.984274908719718,0.7495962490730954
1.0678364022488915,2.2598432617484554
1.0,5.997113275281212
