alpha,s
1.051314681340209,0.0
1.2778427169615076,0.2625884764155176
1.050190588755974,0.644074133182681
1.174284222956877,1.3867840649667036
0.8386107376660824,3.162964698165092
1.0,5.997272250889429
