alpha,s
1.142992429042004,0.0
1.11162832032832,0.17546233415917223
1.162146440080342,0.4606982208202614
1.0232295040955097,1.0583700182186702
7.434986701949035,2.885297016480998
1.0,5.957604689607883
