alpha,s
1.0851250751402137,0.0
0.9655772959006931,0.2742447861320445
1.0249178278308113,0.6837617881019099
1.0464296864106766,1.357137950486847
1.0739474833525904,2.9342999487476416
1.0,5.999734469901655
