alpha,s
1.1192369624234288,0.0
1.1930297857431102,0.12528140309267305
1.0997584830842906,0.3559337879610304
1.482797791840045,0.9406299787290813
1.3157355167699518,2.949841581855514
1.0,5.982147386758454
