alpha,s
1.0335376688101359,0.0
1.033489617007292,0.2625695352330209
1.1343733412220631,0.762575707017088
1.161646846496339,1.8100480147328561
91.89238097397003,3.5033475506526597
1.0,5.978271779161023
