alpha,s
1.056129902656859,0.0
1.0799707693179474,0.23424592138691755
0.9310082252118311,0.6838972937804176
0.7441393713708604,1.7978682413357692
0.8258753127217224,3.720523140367868
1.0,5.993267238928421
