alpha,s
1.3335729052632415,0.0
1.191082941878111,0.06131233230098969
0.990311923612834,0.3851110014068599
1.56430073502884,1.5629464218126954
2.6214159690302687,3.6931285113631853
1.0,5.985062488804068
