alpha,s
7.594271023763524,0.0
1.9439731721240416,0.042779212814437854
1.311546444124969,0.3927334567337986
1.621510111786391,1.566663998439909
4.880868028243917,3.5483348213950805
1.0,5.996545066437571
