alpha,s
1.731554627424478,0.0
1.0423467156732509,0.011494690754363901
0.7732953959903147,0.12218891120223385
0.8163155165411141,0.7024516129459082
0.12689643371104467,2.451105949022832
1.0,5.982812206628302
