alpha,s
1.0850495570619172,0.0
1.0225548042669457,0.1867497142426888
1.0333869147538401,0.4954741580880534
1.0971512182853362,1.1280150643953792
1.1695855885378195,2.7990422588692794
1.0,5.987474570144567
