alpha,s
0.9932274725503065,0.0
1.0743268131472552,0.2551409841741428
1.1448535982140822,0.6916142600069218
1.042859511125512,1.5682109080564264
0.9036888211173519,3.6211523040839073
1.0,5.99768922895692
