alpha,s
1.274776381926111,0.0
0.891746729036455,0.4154325847437967
0.8060368320066297,1.4480236179839148
0.1893172643042368,2.8902540153015024
0.21521047197657783,4.461295494431337
1.0,5.998606577306319
