alpha,s
1.0401884790856446,0.0
0.8719924492586912,0.43969341136010487
0.381878377807938,1.3761965125984958
0.12498777846445475,2.8924765958140455
0.0,4.400774137565914
1.0,5.95172393900471
