alpha,s
0.9203019345359689,0.0
1.0308190851145094,0.24431278197324893
0.9975634984174151,0.6542817055815495
0.6391910040694437,1.631608295345334
1.332481863404873,3.5996596490094546
1.0,5.984864486624051
