alpha,s
4.757451009244701,0.0
1.9266873180694584,0.00699799516328194
1.1693978110494665,0.08500055038080345
1.1799481549216295,0.6779064405945843
0.0,3.076947200834666
1.0,5.989558995167057
