alpha,s
1.0644755417366747,0.0
1.1366663355185687,0.1756522386942635
1.2211656838598581,0.4403721396504649
1.3143183241425525,0.9597473622718672
1.1757665641668105,3.0460487057269456
1.0,5.967744425821611
