alpha,s
1.1978930751112045,0.0
1.491702740338583,0.5467849338609974
0.8675029090401265,1.5631744895663149
0.0,2.994620804384209
17.995554380689352,4.527422041339509
1.0,5.987170742814015
