alpha,s
0.36627465379788604,0.0
0.5048389550335309,0.10171344115995125
0.6489517376302423,0.31027749799129056
0.9362839905721575,0.8569258787763387
2.389198580963494,2.6688022320410654
1.0,5.99975169331215
