alpha,s
1.2759101189142055,0.0
1.16690876041616,0.06408277126185705
1.145351601450245,0.22148206054812355
1.2193297130592216,0.7124714337082729
1.1236611903195497,2.738291049034559
1.0,5.999496881916943
