alpha,s
1.0084770153328437,0.0
0.9826409675515845,0.18992649136689296
0.8026464285891782,0.47682450847480573
0.9053951069561821,1.1347043344759289
1.0664952674866086,2.7059987803350802
1.0,5.942283774503744
