alpha,s
1.2503674388618173,0.0
1.0193868268623294,0.38264894807498356
1.5382359866444675,1.3605874779418028
0.0,2.786976661744369
0.0,4.257863783358154
1.0,5.995509762350975
