alpha,s
1.0112035368083523,0.0
0.9885287754999448,0.3725734978665548
0.5130230357523876,1.1898983482883048
0.12008367774253248,2.5461745636112694
0.0,4.295603101942767
1.0,5.998806105646468
