alpha,s
0.9762708568476621,0.0
1.1193092230486428,0.18671276635605122
0.9319198829210326,0.4670332050248491
0.8657613089205308,1.1040566370185447
0.8175988092923409,2.788926081604078
1.0,5.999205806795858
