alpha,s
1.048382340760317,0.0
0.9002005569477012,0.19148043268354997
1.0232548727855941,0.5808773615204645
1.3280948604962266,1.342418266418544
1.0073475608669942,3.1940954255976886
1.0,5.964146798965076
