alpha,s
1.026555767805225,0.0
1.153276852098205,0.17255057670240542
1.071747574258405,0.42846931120476894
1.040787361461104,0.9998510291815398
0.8693333431383462,2.7527000938047976
1.0,5.993106357426833
