alpha,s
1.7174486272301748,0.0
1.163449944198132,0.439313758608075
0.9984550647521726,1.5415729315450517
0.9780736251882226,3.07620277305412
1.3572438118166488,4.520339348426588
1.0,5.995236679834766
