alpha,s
1.1981662578772687,0.0
1.0914418631797467,0.16214065498747837
1.0285748518556408,0.4310473023220665
1.1849439332754836,1.019762391017393
1.2258324400097618,2.544868908350643
1.0,5.970344211601429
