alpha,s
1.197640284558851,0.0
0.8272872988236958,0.4395311847899183
1.0303899027916432,1.4646814500917742
1.7146294853234658,2.8637512600811523
0.0,4.352527353858375
1.0,5.99787037661938
