alpha,s
1.3303709927661889,0.0
1.2304008864335039,0.43040277591931264
0.6463460652295847,1.2346876327323582
0.3227944040143746,2.732043055841639
267.2027101260745,4.321756463147858
1.0,5.988048827183058
