alpha,s
4.800266675561601,0.0
2.1372820748748027,0.007399903355876302
1.2770729781280015,0.08796776638009446
1.4291901950773127,0.5832744144785967
8.021321319082732,2.707142206272925
1.0,5.9945960575482
