alpha,s
1.5715246141850223,0.0
1.6046631972162582,0.10000573065616203
1.1321508208035542,0.2719042285300682
1.3468157738781774,0.782010881596667
0.0,2.835424533366647
1.0,5.948082697220924
