alpha,s
1.1337875672621498,0.0
0.9843367452032837,0.18211353044062278
1.0844585288762771,0.48101759787587234
1.0243195950669897,1.045637194586521
1.622704893388051,2.9089372535453104
1.0,5.98445987033563
