alpha,s
1.107551543018028,0.0
1.029112456505398,0.23229125986121474
1.031864169213636,0.6917177387231735
0.7156143297151918,1.666651335238133
1.4075329648225654,3.5625106360217274
1.0,5.991350363763321
