alpha,s
3.1774706281139964,0.0
1.4414519539277355,0.009440307071065981
1.1422081633850132,0.10583021563775098
0.8122965911795953,0.6252395546441216
0.27242045224903594,2.8433811257183756
1.0,5.9977631457086
