alpha,s
1.0286544028771143,0.0
1.1404226394205832,0.18783243904482802
1.1029448764259255,0.471258763850501
1.0733319086640751,1.086593945207713
1.264511801596539,2.867248397960213
1.0,5.999187412155268
