alpha,s
0.4499523570992039,0.0
0.6357990148442579,0.11515387523528178
0.7574142490108274,0.32154232910277697
0.9806448100625818,0.8672972609171713
0.8765640561086641,2.7301171850882935
1.0,5.9931122784434185
