alpha,s
1.163561154074766,0.0
1.215852315302755,0.11515387523528178
1.092853683606897,0.32154232910277697
1.1250422434913525,0.8672972609171713
0.9472695685288738,2.7301171850882935
1.0,5.9931122784434185
