alpha,s
2.371370628990219,0.0
1.541524365793178,0.008336721758226268
1.2574830446893959,0.08485215222923899
0.9603567150756769,0.5692785628116716
0.3524574728211247,2.8031044216399557
1.0,5.997204366209529
