alpha,s
1.0720756323697684,0.0
1.0501647315847376,0.16403322342252977
1.1094425603661269,0.43587211406043547
1.1928649929719055,1.0272659855238893
0.8615703317390447,2.839314040249101
1.0,5.986381547714936
