alpha,s
1.102114115136999,0.0
1.059950877286739,0.15778355625390225
0.9948412519738016,0.432353042910161
1.1228758493432516,1.0294855744169575
1.1825886614398524,2.934869174937845
1.0,5.989204335409708
