alpha,s
1.2547243985516126,0.0
0.9419780259398924,0.43800299141249815
1.2061746931193726,1.41563823777774
1.0649411231049812,2.794864670958294
0.0,4.2666879894317
1.0,5.996465942665566
