alpha,s
2.8940826958848813,0.0
1.223083028957566,0.00787843257033594
1.0280879012943436,0.11020707485844655
0.7088808091860096,0.6421158708544966
0.2244200468187178,2.6419837359096885
1.0,5.987176051308607
