alpha,s
1.0779455090391719,0.0
1.0216140558903206,0.23376101864555857
1.1424088588916015,0.6857880573762328
0.9310267566667964,1.6562398802906948
1.1290015544784564,3.6317025419111197
1.0,5.999861704838748
