alpha,s
1.1521035997772393,0.0
0.930753443829533,0.14966658171132777
1.2129940499057075,0.44284549479066565
0.7964028230007406,0.9983467633321542
1.8730534691964025,2.8207677006459018
1.0,5.967886765958862
