alpha,s
1.1652797243841808,0.0
1.1485886853136629,0.16029297520799105
1.1169003448286197,0.4169588667286291
0.7723684838069089,1.0277100612028878
0.8226239042367545,3.094971000807936
1.0,5.975315475143564
