alpha,s
1.0738997504444372,0.0
1.0121022562372417,0.1754722579721068
0.9743948320038274,0.4948276735816777
1.0884610151440222,0.9800270655226425
0.7638126413549597,2.2898854327979277
1.0,5.952920254983719
