alpha,s
0.22446871481786446,0.0
0.15666424974116552,0.4767678309652006
0.06349999018133108,1.5025161998095908
0.01460933272923479,2.949735296603986
0.0,4.583830061077866
1.0,5.985726252313565
