alpha,s
1.0489706266895262,0.0
0.9957604916787377,0.3988708982685171
1.1343680376776668,1.3219516374476081
0.6480457340315877,2.7131964143784155
1.3790850744909928,4.283197831214697
1.0,5.997644352362622
