alpha,s
1.8050511565481215,0.0
1.5478690152021601,0.07622481489097496
1.2733936653785685,0.2647070830073659
1.255918861034508,1.0078971660535014
5.941839819367533,2.9499478762561107
1.0,5.991244229063115
