alpha,s
1.2713359916330313,0.0
1.1259888555694122,0.24326560315795515
0.9856783429361573,0.5587836500789202
1.1484944081533874,1.195976627015996
1.7946737247796247,2.4735777138752644
1.0,5.994004486672758
