alpha,s
1.3413486653776967,0.0
1.24680539634415,0.06706518233434071
1.0456517138090324,0.22844940124902605
0.8429804822411452,0.9196579868181597
0.48425668025498114,2.9823983428163596
1.0,5.980830743794574
