alpha,s
1.094816962617096,0.0
1.093410077163657,0.2554829420559605
1.190113859724236,0.7325989451168238
0.935451468470633,1.7311238505128645
7.616153387406763,3.7570817621567283
1.0,5.9890604806292105
