alpha,s
5.430000389264488,0.0
1.7028465806959339,0.005614287148504442
1.152570221461349,0.051463888484516454
1.0895194693862154,0.19347296618579074
1.0993082718429745,0.5321622465934477
1.0,4.050735374196016
