alpha,s
1.2942021646236122,0.0
0.9192542144825172,0.06176133360773131
1.0566388268713904,0.4693184977279597
1.0516532047466622,1.5943032653139806
3.946810934805454,3.7589505289026057
1.0,5.993763322989241
