alpha,s
1.199265972072036,0.0
1.406974848064814,0.16771343889326715
1.270216035456317,0.41209621878961844
1.3931690716470515,1.0430393301145091
1.233755294801399,2.9561777628515506
1.0,5.986495011424538
