alpha,s
1.0481937881404941,0.0
1.0243590094106012,0.23762360032301477
1.041583679181065,0.680691253229054
1.0545131039841666,1.711766053092517
1.1412783190122684,3.678746548635171
1.0,5.998299409830198
