alpha,s
1.5885140672813378,0.0
1.2618612414063828,0.399022234721307
1.0457542159542892,1.336425462749377
2.337324086784559,2.776156466031141
0.0,4.3963278115374695
1.0,5.999876325407798
