alpha,s
1.0430079140908295,0.0
0.9661478060055394,0.2677685364891789
0.8667312271903223,0.6914006991700071
0.8891895831170226,1.3768818954017563
0.5534957729580016,2.8144779127816895
1.0,5.999689911760822
