alpha,s
1.0698867550786142,0.0
1.0458115727351165,0.22810839309661524
1.0326895693062546,0.6740158187447206
1.089939425004472,1.7556433081742318
2.592084593034809,3.760058236014943
1.0,5.998034321996839
