alpha,s
1.0469519829229128,0.0
1.0907328674770658,0.2363852578421697
0.9084053294606748,0.6418817379046954
0.7737863893456539,1.636618453083276
0.16360771946086217,3.673478057304654
1.0,5.996593476258502
