alpha,s
0.996788641594582,0.0
1.0646476682292567,0.23268286310713476
1.12353130648306,0.6644218843998204
1.147287236843599,1.6435351668821339
2.4388056970668486,3.5461287981462424
1.0,5.99830603221444
