alpha,s
1.0881100596904416,0.0
1.3126018636806027,0.26068525469591103
1.2563794640952979,0.6506528704014279
0.6266677592410391,1.6260486897507593
1.8410410568833173,3.7634267553871483
1.0,5.989300874187039
