alpha,s
3.175298249957025,0.0
1.9550776862711297,0.00792334100693975
1.0177211422518508,0.09126752047124112
0.8688855407219954,0.6910735820458507
1.5718221049100365,2.6989926720963995
1.0,5.9832483449406615
