alpha,s
1.1945126865363345,0.0
1.2717601633141864,0.4074382198953811
1.3065987780791424,1.2829771170247888
0.769269707936389,2.827314717395
0.0,4.48997053164598
1.0,5.989697221366543
