alpha,s
1.026450998320165,0.0
1.0725843292638095,0.1617529269282405
1.1700788382538823,0.42311740613403004
1.2033476865929225,0.9938395024200298
1.5468189735196742,2.8178558115231205
1.0,5.997699634268258
