alpha,s
1.193975803783869,0.0
1.1246838593702693,0.4267797321892841
0.9750389800953992,1.3891441656711023
1.688107783321031,2.80698878533052
0.0,4.425410222591902
1.0,5.997090144888101
