alpha,s
0.994330413537752,0.0
1.1099809441940593,0.24128666294515685
0.9545320914628931,0.6378356145266373
0.8022137773041049,1.6153058411801362
3.7910122114937987,3.709635441540587
1.0,5.987307150755856
