alpha,s
1.232013709923829,0.0
1.1219669632052511,0.22744424105331365
0.877305969346781,0.5859818562389673
0.9440728204816805,1.2840833897923223
1.5617655213026678,2.602445087975018
1.0,5.924973660335558
