alpha,s
1.3785565497002514,0.0
1.0256989656260782,0.42746716123184375
1.3148454907863156,1.4124863055988206
2.663212162193184,2.7554797331341514
0.0,4.36087995890565
1.0,5.973086166398193
