alpha,s
10.889621660902153,0.0
3.7685558579821836,0.007316531980617106
1.4663088999702918,0.05686042369258845
1.5833550751921834,0.4625095267919724
0.52196928282686,2.278719761970325
1.0,5.956028496059402
