alpha,s
1.1871224195782197,0.0
1.2751809682095208,0.1136184262427769
1.2857638546138084,0.307176383070455
1.1623006951544685,0.8403292608447652
2.843251303581086,2.541468741377937
1.0,5.940220585756552
