alpha,s
1.1189021213734318,0.0
1.1221816600942534,0.17229458029823191
0.9790946915171512,0.4439212605874111
1.0461823195909314,0.9899401493959528
0.16219722390330388,2.4653413830827127
1.0,5.944915025779181
