alpha,s
1.049060977604971,0.0
1.016361433956031,0.19579622836873564
1.0171510289107135,0.4973506638864641
0.7020494046963408,1.116600975757609
0.1804349508647325,3.107568290657537
1.0,5.985857744988106
