alpha,s
1.2019350832970697,0.0
0.7553959392908737,0.3779558534538644
0.6979599852631019,1.5470463341936942
1.7815550293883216,3.0835779155449896
0.0,4.572791570734703
1.0,5.9941514496915
