alpha,s
1.076359821437457,0.0
1.059747477795704,0.17365173920977686
1.1131838853411058,0.4691447210244906
1.028918250383415,1.0355710073892845
1.52240948066291,2.706010412328841
1.0,5.997732270360447
