alpha,s
1.3975234212036125,0.0
1.536890877650495,0.0749990538122814
1.6064792746323766,0.24977911103738865
1.487828059639554,0.8229744220165359
0.0,3.052717707683935
1.0,5.996295607468171
