alpha,s
1.0670098213009191,0.0
1.1494295511290604,0.19271425124286973
1.1049319597693614,0.4905298159053841
0.8595910819424414,1.1087489847603322
1.1051667848699605,3.040587034747587
1.0,5.991624263497291
