alpha,s
0.36897188380256324,0.0
0.22952656096786334,0.40438272163272515
0.10349419642693417,1.4052507821285307
0.031282260307563745,2.7237820518515847
0.008981904558125026,4.357766370630905
1.0,5.999570582910499
