alpha,s
1.0082089120991689,0.0
0.9842231989524943,0.10752424368634372
1.358193182370709,0.32666307008311235
1.5477814383168322,0.7584761275831011
3.8938594756979548,2.3951123052321344
1.0,5.996080031373786
