alpha,s
1.087837204670686,0.0
1.0436890523806783,0.17870949879692957
1.0710917421506552,0.47815876945385144
0.9891534996789628,1.080514642793108
0.76309808150439,2.8447937684429654
1.0,5.999050517260367
