alpha,s
1.023803888218745,0.0
1.0474367146835144,0.19404671501743345
1.0510866453329724,0.4967445882808065
1.2317784277747859,1.0737841955835257
1.6173654538403235,2.818711377547794
1.0,5.99309676446955
