alpha,s
0.9353806244062238,0.0
0.8466157283188511,0.5218260698006185
1.5818342269608159,1.4404877615478087
3.5364405634318876,2.799855177876998
0.0,4.447818415025784
1.0,5.98593187081584
