alpha,s
0.41292557937213265,0.0
0.2017939327530327,0.4821843021564321
0.023496391608933555,1.705430223549682
0.040424254965334125,3.106553059761332
0.07085300508864227,4.57477881043967
1.0,5.976828104495228
