alpha,s
0.9303438362875747,0.0
1.025440839835678,0.2298302597507987
1.2396907888489554,0.6468258083162318
1.3979738035959466,1.5363522609574107
0.0,3.7904153843124235
1.0,5.999569906625029
