alpha,s
1.3813990950689576,0.0
1.4117862746048258,0.4248074264138121
1.4200943657343827,1.355974947456162
0.9768849886013435,2.7151237152725214
0.0,4.283759155984966
1.0,5.995900593432168
