alpha,s
1.1708750406320336,0.0
1.0379421033689982,0.45325334072049756
1.5215110815557265,1.4393362827185203
1.0600442954267137,2.7979273222087917
1.814216811117066,4.444054192082289
1.0,5.998835152309928
