alpha,s
0.9274862816058751,0.0
1.0276817921174781,0.5459028105624311
0.934554609105615,1.5319888780884297
0.46817244004190744,2.8270586811343477
0.0,4.3238642242313015
1.0,5.988522309082713
