alpha,s
1.1540203412403147,0.0
1.25972566617304,0.1673571492071449
1.1966650696946661,0.4121586670710365
1.0449931980363474,0.8999008457023332
2.1719795503970487,2.55116788131825
1.0,5.977894389447963
