alpha,s
1.160206161275828,0.0
1.2003537640787716,0.09916707378037444
1.0476743773911532,0.2988733360302643
1.109199704137795,0.864100216565609
2.0036162842862844,2.661689555774993
1.0,5.995715948761246
