alpha,s
0.9021750238677418,0.0
0.5498616701620488,0.4557296770338516
0.19769132371011328,1.3794261125284697
0.09817151131465535,2.863452471517775
0.0,4.405683780778372
1.0,5.998807379120857
