alpha,s
0.3832907731505791,0.0
0.2530177627878677,0.39946600428326023
0.09049349643366673,1.3006011875723893
0.022824023173556526,2.773412382215852
0.017924660045470883,4.354906893829056
1.0,5.999834681712702
