alpha,s
1.5504739186546137,0.0
1.2240073279608263,0.41935930085407824
1.3969233436127233,1.3915334858550352
1.5827656621375625,2.8180849173444926
0.0,4.437856419289392
1.0,5.999274220362822
