alpha,s
1.2417789185759394,0.0
1.0392062716790178,0.15904511436366975
1.1793659934701541,0.46898670945469534
1.1132206005657714,1.0856175110596533
1.086225692198585,2.91946861637477
1.0,5.987383200084267
