alpha,s
1.0445405356599926,0.0
1.0849964527575067,0.2369222817768401
0.9829447178250621,0.656607462728054
1.1077880644487519,1.677961146653189
2.231462752602666,3.690160823573943
1.0,5.991200734632818
