alpha,s
0.5214839551089997,0.0
0.36538222909314333,0.40770107571003056
0.17080542213007815,1.4124241586427062
0.04267065952320838,2.7573545566106565
0.0,4.374979949173638
1.0,5.996147011148897
