alpha,s
0.5106588076903193,0.0
0.6348095208683417,0.14304300528070105
1.036473887297649,0.4102024313751813
0.7517563345437267,1.0935417171584616
0.0,3.3168453775738835
1.0,5.984850969078295
