alpha,s
1.1096956655389998,0.0
1.0380233379901613,0.14304300528070105
1.3063979143316686,0.4102024313751813
0.8354072391901707,1.0935417171584616
0.0,3.3168453775738835
1.0,5.984850969078295
