alpha,s
2.0286343565296123,0.0
1.1604765060295075,0.05390234723732957
1.083299875719019,0.4331427861150721
0.7793880883913422,1.7856274036404562
4.886863490251104,3.6628661889203444
1.0,5.993610515471379
