alpha,s
1.3864717074711772,0.0
1.2825432010003048,0.06424246567497505
1.2093309917332518,0.21840001827444283
1.1346142527541967,0.7248001846297953
0.6290091552102516,2.77640782467048
1.0,5.968487638067224
