alpha,s
0.3831914568827107,0.0
0.5619118476873324,0.10504563213719041
0.748420888047649,0.3084464628337853
0.8037229697984914,0.786855856514959
0.35737370055658924,2.2950674642772935
1.0,5.9946101875111175
