alpha,s
0.4479428878376265,0.0
0.5880220145884043,0.10017140872288281
0.7783824626148522,0.31452886859826473
0.8391665036874073,0.8821743466795833
0.9950421396894047,2.8829706440012473
1.0,5.973575954598989
