alpha,s
1.181600156790008,0.0
1.1033217352128384,0.10017140872288281
1.0923116564465973,0.31452886859826473
0.955501077677,0.8821743466795833
1.0424064542929694,2.8829706440012473
1.0,5.973575954598989
