alpha,s
1.0368219535951773,0.0
1.1207054477485188,0.18032582972544345
0.9566533671456928,0.44365473339178274
0.9896029824994924,1.0559651252315667
1.177884628475089,2.7592810490019386
1.0,5.994674839815761
