alpha,s
0.9669934766970095,0.0
0.862973062323305,0.46765808393015473
0.8012600341862368,1.416953575084184
1.1748796503419143,2.87047034695633
2.2524587865128467,4.39947327435736
1.0,5.983154209928857
