alpha,s
0.9514432847747002,0.0
0.9372175491630663,0.2560461318392503
0.8669244256009649,0.753979831534081
0.7042215826097113,1.8187294459380494
0.0,3.6689301918787685
1.0,5.993370252239395
