alpha,s
1.0101315907231678,0.0
0.9812915340670785,0.4892801439744166
0.7678622431630913,1.4832662077981131
0.3866946963261833,2.933028489228011
0.7412582998588605,4.438773315176321
1.0,5.997424981677245
