alpha,s
0.8234314777751146,0.0
0.8417509732462933,0.3835949898228625
0.5410403744682586,1.3874134833357108
0.7427930469615512,2.7433500463595077
0.0,4.358543568654709
1.0,5.980757152327714
