alpha,s
0.45004282598290357,0.0
0.6200177047415114,0.10034120680780806
0.8475379866692901,0.3150358223292231
0.9526981082271064,0.852460310972284
1.1328972839598879,2.8196218810028117
1.0,5.996762737362195
