alpha,s
1.1403212885623513,0.0
0.9939015823966023,0.17466284624589926
0.8314985403692965,0.4462686721956941
1.238889269266765,1.2468911937512783
4.176847473304697,2.8630337076515007
1.0,5.999461167013573
