alpha,s
1.258916759479944,0.0
0.9011377729440985,0.36117582039518514
0.7603735042965278,1.3284539742249442
0.38245121638411306,2.87275138599598
0.0,4.417709115244057
1.0,5.99634616586457
