alpha,s
1.3221958424233295,0.0
1.270279600334175,0.06600813686762469
1.1753864731061265,0.23528463387820756
1.1986148137178883,0.7634069175351135
0.2472149974755273,2.789276995828636
1.0,5.994706427665296
