alpha,s
1.0183332353023589,0.0
1.0561428400724178,0.2955614142787627
0.8744963531210569,0.7348580914949687
1.0829183800407922,1.5524314413553288
1.112277107932571,2.926686416045298
1.0,5.999665462952915
