alpha,s
0.4312078267973531,0.0
0.6052292052327435,0.10296076050905849
0.8000824811233421,0.29261847596811863
0.9858446415086909,0.8260283464679029
0.8021914127997841,2.7593352314451725
1.0,5.999695103324334
