alpha,s
1.0264954171207614,0.0
1.0880446798537187,0.19166068101694847
1.1227741628510455,0.474064014946739
1.2595371015944645,1.0628913106208402
1.3638272058123262,2.7674597515919546
1.0,5.9967854381464525
