alpha,s
0.35169049250490364,0.0
0.5431475205792853,0.10440323222965153
0.640347928263135,0.29298355826559247
0.9694642388031427,0.7538575011088609
3.237335097433223,2.4186217208720437
1.0,5.999554513777812
