alpha,s
1.070460166908635,0.0
1.1533759181885783,0.10440323222965153
1.0168253691725437,0.29298355826559247
1.1640931687832876,0.7538575011088609
3.367231739856575,2.4186217208720437
1.0,5.999554513777812
