alpha,s
1.0012283796841646,0.0
0.937234230967651,0.17685403270303432
0.9555083173066172,0.48301928624811824
0.8615346976838687,1.038750207453248
0.8584540253782369,2.728595517166237
1.0,5.9594825265366085
