alpha,s
1.102153577167404,0.0
1.0228351901422812,0.1721137751400249
1.0928065069137154,0.4636127776459477
1.0709194777897995,1.0114718643351226
0.9989813937676036,2.7021651162293505
1.0,5.999380477215534
