alpha,s
1.4149937753348913,0.0
1.0813750414471266,0.4403739843607072
1.144161251871527,1.4432257210690542
1.3822488019104227,2.8542712857187698
1.4437876321998133,4.407043079369029
1.0,5.998746704304596
