alpha,s
1.2659714560748168,0.0
1.3571082072502263,0.11282918575429261
1.287796897283037,0.3011083049671263
1.1895890809875111,0.841316849253257
2.8503523784838842,2.87994985960735
1.0,5.955102094373832
