alpha,s
0.7895677505152592,0.0
0.9736209825202414,0.11282918575429261
1.0839272640731252,0.3011083049671263
1.1349867082059826,0.841316849253257
2.8475460743923295,2.87994985960735
1.0,5.955102094373832
