alpha,s
1.4180947265535313,0.0
1.2634009611002068,0.06260331647151601
1.5075402549043893,0.2266093213910856
1.189852522505059,0.6903369252281838
1.2479411678791976,2.5971293806097218
1.0,5.979469599194461
