alpha,s
0.9749190244728007,0.0
1.0564242590959856,0.18793389063250862
1.07033159673696,0.4751341923652784
1.104869613285865,1.077605778759539
1.305858856524664,2.7875677136801764
1.0,5.993026416759778
