alpha,s
1.5758579317051884,0.0
1.3673084945647975,0.3212910539417065
1.2035012070341744,1.1144872258238656
2.3982294188723547,2.716704191690885
0.0,4.276426266600361
1.0,5.969341870607675
