alpha,s
3.5941756227990105,0.0
1.312042536105009,0.00422858922758758
0.9674785833446826,0.045707118472827934
0.9961052258138039,0.18155668961847296
0.9108373369140017,0.5118138188035798
1.0,4.6784047564665405
