alpha,s
1.9330309553923057,0.0
1.568070151039715,0.01544079230990389
0.967986931174362,0.12308349237081831
1.2327705737477725,0.7596607367848079
26.617523094840646,2.9215193241608293
1.0,5.982007137411017
