alpha,s
1.0544796876893923,0.0
0.9424189697074394,0.1970510480769876
1.1318712237393085,0.554684367616512
1.237467244312912,1.1605167568141717
1.3948869497325773,3.06375599472392
1.0,5.999778328793758
