alpha,s
1.097633929697417,0.0
1.1315433131113166,0.23286217212334998
1.0902804814743334,0.6632367484605793
0.999008854245838,1.7066025891245402
0.7271610469892756,3.6938265921367206
1.0,5.997883992029863
