alpha,s
1.0509835047162432,0.0
1.054299638648878,0.18280313242000315
1.4109397065221574,0.5165066425760676
1.394216099387972,0.9452780621196339
1.7672749245131487,2.5882108704738287
1.0,5.954613147838096
