alpha,s
1.4121256340477844,0.0
1.3301409321123887,0.13472704898837365
1.2301596014024248,0.34402465650344666
1.3667045376897695,0.8462869431481037
1.279942172218128,2.4835312911157112
1.0,5.970431478903769
