alpha,s
1.2693732160375049,0.0
1.0003743196433028,0.051279936190863185
1.0414187020312993,0.3596464538534996
2.5296047061103133,1.3925122699148655
0.0,3.501124864770602
1.0,5.998342922743948
