alpha,s
1.247608386430796,0.0
1.0057119084490656,0.1693556254887946
1.0084660101558505,0.5053451945347015
0.917588293576311,1.094592496370316
1.365807422575023,2.8638996767626357
1.0,5.999382696529956
