alpha,s
1.081126063503682,0.0
1.11776662273192,0.22249001996529277
0.9388548912910071,0.6038073988950161
1.0235882196598554,1.5239995044010013
1.537989125287462,3.4965885642034498
1.0,5.998111540760887
