alpha,s
1.2527235934400278,0.0
1.108227372685649,0.44552722977037673
0.9665736060304438,1.4051554573532574
1.0271065597553484,2.83398877968106
0.9398840780169078,4.304947006051314
1.0,5.996991735959178
