alpha,s
1.0708057745454886,0.0
1.0471137660824785,0.1821399533889302
1.1246200425484578,0.48674652303473254
1.1144470709095429,1.1123407974930462
1.837455375031318,2.936274015084167
1.0,5.996139142794842
