alpha,s
1.4506888857348934,0.0
1.1356947323229685,0.059852968191750136
1.018988401855563,0.43024113844135675
0.8331491468269234,1.5761807857002368
1.5722706682550058,3.673944824750646
1.0,5.995526914142716
