alpha,s
1.0527522454026015,0.0
1.0474949404986238,0.45593996766437134
0.7015063748701639,1.4136490581629235
0.6282425229001274,2.7772569845245867
0.0,4.324415361925977
1.0,5.999623606765551
