alpha,s
1.0834318685047413,0.0
0.7745859880658565,0.4185015420904435
0.37337667055617585,1.4463116344411222
0.13863385463551706,2.8893298752133734
0.08287869282222339,4.381289072647905
1.0,5.997911446607397
