alpha,s
7.371523101664579,0.0
2.5208789942541796,0.008520466598775103
1.2537951841743864,0.09488485696263613
1.3359100791920446,0.7173024879102916
1.0190155915708943,2.805332144389715
1.0,5.998483162680212
