alpha,s
1.0333155109761214,0.0
1.0457659653323126,0.1931556626711266
1.0326994059335135,0.498684535625744
1.0685900328522644,1.1003469687962928
1.2055078782013868,2.7455484090091513
1.0,5.993196528872418
