alpha,s
0.5209016391166943,0.0
0.627197760601867,0.10752424368634372
1.0420070680335276,0.32666307008311235
1.3844701543908495,0.7584761275831011
3.6711846812593545,2.3951123052321344
1.0,5.996080031373786
