alpha,s
3.37511098490927,0.0
1.7276453393748543,0.007799144420689641
1.2420330902835548,0.08313783192674344
1.0469548828355453,0.5234867491398627
0.7582280384258652,2.685332056821848
1.0,5.99785159523222
