alpha,s
1.4184987872625203,0.0
1.2798906695089376,0.059295262637337046
1.1866478537878304,0.2065058025448671
0.9905979620077245,0.7410062549238675
1.2302960770765212,2.817091625320946
1.0,5.997968993967872
