alpha,s
1.0975652628310426,0.0
0.968743252776136,0.26157119356182906
0.9967475637443698,0.6829162143658657
1.17157974870839,1.396657985247561
0.9806772330287309,2.870019956455017
1.0,5.997780979079921
