alpha,s
0.8376929442913343,0.0
0.8260860891026175,0.44663590727904745
0.8800200892395338,1.3868619431908895
0.5768498502842216,2.8786409183628794
1.0731525615697262,4.487715502456057
1.0,5.989705866807082
