alpha,s
1.201513450868268,0.0
0.9859161573551244,0.19739374814371527
1.0271937767222774,0.6161452911115869
1.0897214679463247,1.545032970829037
3.1505740841610828,3.662196764222006
1.0,5.9890873443564026
