alpha,s
1.3957721123762656,0.0
0.9208672780846232,0.04918440521240701
0.9738860390813606,0.4407027246704369
0.6926927227288538,1.543663178274147
0.10888599734498576,3.561193012475556
1.0,5.9879094670701845
