alpha,s
1.431900040387493,0.0
1.0286135490973671,0.4065443540941501
1.009178421515631,1.4388258908990925
0.6183968880664112,2.8705388634339726
3.500654149852137,4.445083535783645
1.0,5.9937009905244265
