alpha,s
1.1002897449480138,0.0
1.1527256294903476,0.17739850673000404
1.0130818209060846,0.44987530988395696
1.158820725677889,1.1205524733308017
0.7309394120093066,2.70529581844034
1.0,5.99924349010104
