alpha,s
1.2249943782962849,0.0
1.0938076690139862,0.10041640624783159
0.8611250408123752,0.3318372402131138
0.8487722872339104,1.0009895019654844
0.8772967139267932,2.927437569367834
1.0,5.996032617801042
