alpha,s
1.1265838073595351,0.0
0.9962940792997422,0.10600042550544152
1.0365642039484741,0.33866885270559094
1.0338114908113263,0.9069503124252135
1.3713399101356285,2.7301893530256183
1.0,5.996530512087848
