alpha,s
1.010603477394146,0.0
1.0769133424974682,0.17862539799378557
0.9086774980031608,0.4589514696853173
0.8349734689734185,1.014337548330926
2.141452595624298,2.7370303974672314
1.0,5.980385970990085
