alpha,s
1.3979561955090714,0.0
1.0873643240191833,0.3617566915600626
0.8531075600345307,1.358919169159463
0.581266523634318,2.897004350022358
84.5130025322419,4.40347485708094
1.0,5.993882858515727
