alpha,s
0.8991109209431871,0.0
0.8698204082457676,0.2065599912991285
1.1031631692279946,0.5231334826515911
0.9109373038608125,1.1133625778999454
0.7296826770851478,2.774312750622127
1.0,5.940011186963634
