alpha,s
1.0602262976229682,0.0
0.9566426352145523,0.17204859574366563
0.9529128606538061,0.45293812723976945
1.1480138603943355,1.0119754703812809
0.5258251392967173,2.3284478897436856
1.0,5.996696762380404
