alpha,s
1.0774093370452749,0.0
1.0186666060091831,0.1062036741216727
1.0831383400241987,0.31288050666717704
1.0190916340507914,0.8068516626995152
1.6532241754668267,2.617270270403986
1.0,5.99362791698686
