alpha,s
0.8734257127597093,0.0
1.3071164106079753,0.26833360083512653
0.764538523011654,0.6590188612981455
0.39669589551134865,1.7597603586891752
0.0,3.9331093690582803
1.0,5.988066356944512
