alpha,s
1.1541613475498227,0.0
1.0528666663268889,0.44903384145004316
1.2119147407874091,1.449111224875472
2.442426840080742,2.8891597521542525
0.0,4.464727150543593
1.0,5.996809576202055
