alpha,s
0.7376973311052699,0.0
0.4672934606610494,0.43167672663976586
0.23277744698468608,1.4954448028804417
0.0,2.911778532532808
0.1825412663284219,4.326547610370275
1.0,5.998583188704103
