alpha,s
1.2731217787675873,0.0
1.2083839791600874,0.06686633203723465
1.077427625748823,0.21205366232914105
1.3338438721193084,0.7131400094482676
0.7799135210133392,2.3958196980809516
1.0,5.952106425984897
