alpha,s
1.2037957391084806,0.0
0.8329786019499356,0.4528939431098799
0.2738726817692439,1.4015512365052922
0.5831617914268475,2.7697397011286324
0.0,4.128539259266933
1.0,5.987935889198395
