alpha,s
0.7218527159250091,0.0
0.3543921193845426,0.4024325929464734
0.15411841798449624,1.4889317203857249
0.0,2.7823499020923204
0.0,4.53609519174392
1.0,5.998172737158402
