alpha,s
1.300758199552499,0.0
1.2388648779782365,0.06300053345483984
1.132703901921156,0.21034874622929803
0.9224765466629095,0.6742352476879947
0.6471780665325383,2.7520933834152532
1.0,5.999816824332415
