alpha,s
1.1874785341873508,0.0
1.127924848233771,0.35387882565423334
1.0195958243947836,1.3121934431128073
1.0980661631446524,2.7435766092263343
72.8611579859253,4.3748532588155635
1.0,5.997744884142191
