alpha,s
3.592210637311402,0.0
1.312152294012748,0.00908115171424882
1.1187084042548203,0.11966056608191769
0.7925502543131232,0.5882037608645545
0.8765215723871013,2.802305129149618
1.0,5.885186773550849
