alpha,s
0.9784835205180464,0.0
1.2064442306682681,0.29624679573087803
1.0919443069405557,0.6368982868146074
1.1304079462217855,1.2932856309604035
2.34013963774654,2.792679787080302
1.0,5.962422116096615
