alpha,s
1.419998183885946,0.0
1.185283249330458,0.05612496082422497
1.1002330163804181,0.21595350076833744
1.2136726592932878,0.7618443004373989
1.552894642369772,2.847724673050809
1.0,5.996913981005283
