alpha,s
1.4989422225867832,0.0
1.0453691639545406,0.06287989189756692
1.316041884131343,0.2563724289299389
1.1761581281545042,0.7485560608361309
0.0,3.024914640847797
1.0,5.9782907857231695
