alpha,s
1.1716973352678024,0.0
1.0847747050452317,0.2159530104530197
1.2118050636337263,0.6231782455002818
1.3452894220170104,1.6049332388642092
0.0,3.710537667709239
1.0,5.96044487951075
