alpha,s
1.0011288579421445,0.0
0.7150057780145301,0.2747434742479213
1.205983730543986,0.855180348844523
1.0454134767988896,1.8069135729037173
0.6091075760271049,3.7400208560321184
1.0,5.984337736561044
