alpha,s
1.475543895907315,0.0
1.3120351882225914,0.06454243400637884
1.2484917274948875,0.22791386366483415
1.0933189760411384,0.7541443609724674
1.3177790413135693,2.7446802768726504
1.0,5.99878477445232
