alpha,s
0.9901171727731326,0.0
1.3263443908894597,0.5472272078844629
1.0848107501694924,1.5281989322765968
2.0194849111502666,3.1083500529536816
0.0,4.475459481186101
1.0,5.986543160235736
