average_execution_times,train_size,delta_Spop,delta_S1,delta_p,delta_m,average_auc_real,average_auc_estimate
58.768696415424344,500,0.02082087741749058,0.0008462258491438372,0.03903729163422007,0.10162437001693336,0.7573938600554132,0.756656857070091
64.80030796289444,1000,0.017229597356264253,0.0002956917046965789,0.03103953207806077,0.0982028966884791,0.7792423470361356,0.7831970544458051
91.76285946846008,3000,0.013995042069913114,8.183075224753837e-05,0.025363254998252982,0.09444994861284224,0.7940988953039055,0.7981568531107741
