average_execution_times,train_size,delta_Spop,delta_S1,delta_p,delta_m,average_auc_real,average_auc_estimate
53.62487394332886,500,0.025588683718960628,0.0011305158747168139,0.03843076764773448,0.4833251636617311,0.7631269528032104,0.7443923262001526
72.62375568628312,1000,0.02089080957846039,0.0005990018550446004,0.031062923501205552,0.47163954713322803,0.769663943914283,0.7699533005845857
110.3360597896576,3000,0.016811441298540238,0.00025680489129720137,0.024287511689297114,0.46966843648681866,0.7930063044045583,0.7936476731651235
