average_execution_times,train_size,delta_Spop,delta_S1,delta_p,delta_m,average_auc_real,average_auc_estimate
56.36706290960312,500,0.012685969415925652,0.0052785727513141815,0.017227289241161303,0.37250704717580446,0.5690619597393299,0.5624007821375665
76.07250170707702,1000,0.010541006482689616,0.003531450649172913,0.01433505293691017,0.36210396855796456,0.6175016257870607,0.6012909554231134
118.77300515890121,3000,0.008294198143341334,0.0019155341600241513,0.011204282512261387,0.3701595210422434,0.6404047642744964,0.6379737152641901
