average_execution_times,train_size,delta_Spop,delta_S1,delta_p,delta_m,average_auc_real,average_auc_estimate
80.3479651093483,1000,0.011338620660294573,0.0055045854327776846,0.015033857985646637,0.5484242906699113,0.608041978646202,0.5916215225509396
130.79293783903123,3000,0.008531659144078852,0.010188594829492591,0.011644490010027566,0.5495433075196301,0.6414488247385296,0.6316652726981588
