average_execution_times,train_size,delta_Spop,delta_S1,delta_p,delta_m,average_auc_real,average_auc_estimate
66.73337956666947,500,0.01608121348970543,0.004932979038668297,0.0216301781705439,0.5228118197304267,0.5031767757303165,0.5375591492852212
75.54315291881561,1000,0.01637211059413654,0.003070742720600433,0.022452570696029146,0.54718709877777,0.49553847649220606,0.5517190012334604
112.9942048215866,3000,0.01762422255123445,0.003722058901808617,0.024571846276718448,0.524818265379309,0.4755780928745436,0.5656495290468332
