average_execution_times,train_size,delta_Spop,delta_S1,delta_p,delta_m,average_auc_real,average_auc_estimate
73.27428072929382,500,0.034673709847653465,0.0034698975034911594,0.03968481437312227,2.7498115399750964,0.7604641852059812,0.7165493402070381
93.75935650348663,1000,0.02872497954616523,0.002029649389837981,0.03197730911219342,2.6557700183397417,0.7788026354224066,0.7518199640970142
150.31735086679458,3000,0.023892965103803548,0.0014555265847730884,0.026047234892083077,2.6389754165465833,0.7875932667469915,0.7755904102752547
