average_execution_times,train_size,delta_Spop,delta_S1,delta_p,delta_m,average_auc_real,average_auc_estimate
77.32932477235794,500,0.01366418558342039,0.015840304792252832,0.01819622243667138,0.976425894814071,0.5643608384137693,0.5532814943694434
109.01021600484847,1000,0.011546042123779571,0.022416046253610235,0.016071903684175798,1.1287466074200387,0.5998664045236419,0.5803758383917988
167.4773128390312,3000,0.010282868343752288,0.019379428820449993,0.014274992992444835,1.0394528467958464,0.6254971863365777,0.5937449379713065
