average_execution_times,train_size,delta_Spop,delta_S1,delta_p,delta_m,average_auc_real,average_auc_estimate
111.08519800662994,500,0.04339293682370152,0.005514776548908767,0.04112714320482382,211.7625788767555,0.7471175336747575,0.7047653071237885
149.16914607048034,1000,0.03661736262770177,0.004445659300389534,0.03379878154769614,214.1050134546453,0.7653025961860529,0.7359651379328359
268.0045799636841,3000,0.03118088596108897,0.0019171459449648517,0.027951290912544974,197.39638075024993,0.7787217485449761,0.7648950314533134
