average_execution_times,train_size,delta_Spop,delta_S1,delta_p,delta_m,average_auc_real,average_auc_estimate
82.08534910678864,500,0.08529575680547018,0.007213532244517186,0.048240410399050096,3.7813543403320704,0.72224896101497,0.6614149107359785
101.83821027040482,1000,0.0727276468500209,0.0069017542212707035,0.036403547473242294,4.023167723844581,0.7595173863477904,0.7011240707107788
161.96759136199952,3000,0.0635851294440586,0.008631024489102955,0.02778698217115649,4.685853852244011,0.7884312173682454,0.7352054589050477
