average_execution_times,train_size,delta_Spop,delta_S1,delta_p,delta_m,average_auc_real,average_auc_estimate
61.65564905881882,500,0.02683338866684995,0.001100160707740266,0.037488886664733045,0.630678377343908,0.7655136418842646,0.7381551050339286
75.02464576005936,1000,0.0223117583380173,0.0007179402539225831,0.03087457769021312,0.6119190959080072,0.7722989235079066,0.7678547698300329
111.29954953193665,3000,0.01772982852123384,0.0003454450563000671,0.024229094032397907,0.6104784783756525,0.7918439390283494,0.7908937451876115
