average_execution_times,train_size,delta_Spop,delta_S1,delta_p,delta_m,average_auc_real,average_auc_estimate
59.74204224824906,500,0.02569026514865845,0.0011129519249334897,0.03718677426931056,0.49198827174629167,0.7697672601853159,0.7443775708872955
70.01270891666412,1000,0.020937458140967872,0.0005565487765081592,0.03049753924619718,0.4884212878747419,0.7797135035664159,0.7719941870379755
92.77514132976532,3000,0.017262977712944577,0.00026814993159922417,0.02504986447972974,0.48075171898827,0.788892198269143,0.7885174621377654
