average_execution_times,train_size,delta_Spop,delta_S1,delta_p,delta_m,average_auc_real,average_auc_estimate
76.08667458772659,500,0.011813238038630436,0.059045998867305015,0.02279410566802794,11.103308968574611,0.5420859575239918,0.5229393089641516
97.0982306933403,1000,0.010730831130504343,0.08060868296876315,0.022429803074027466,7.765306164363189,0.5474751204290016,0.525732034565506
144.7006882405281,3000,0.010228467090849378,0.10481494370133117,0.022908531010321705,8.628794136127613,0.564827344227381,0.5370303120722011
