alpha,s
1.516825992709909,0.0
1.1340831117619374,0.38661124155740506
0.8886995838324854,1.3800493659644466
1.3719445940970625,2.842764215672924
0.0,4.501570309567631
1.0,5.994664455044057
