alpha,s
1.024379826657696,0.0
0.995193300399207,0.18148706796813305
1.069595340952979,0.4903551059530068
0.9672312020143251,1.0612837378673285
1.0267369937998996,2.783783492582043
1.0,5.998726443934368
