alpha,s
0.4097676769442472,0.0
0.58053644290123,0.1130985055575701
0.7096525650955098,0.3316399190011206
0.7804241789131792,0.902318082046865
0.7273975935078622,2.820966163210734
1.0,5.9997965515874245
