alpha,s
1.0929340515350858,0.0
1.11487116509091,0.1130985055575701
1.0299200272764695,0.3316399190011206
0.9185659887305647,0.902318082046865
0.8492632138371544,2.820966163210734
1.0,5.9997965515874245
