alpha,s
1.4546022917898995,0.0
1.3989774659203706,0.0683158680079926
1.2143752696881553,0.23723671928201753
1.2993780585772938,0.8266041089291312
1.3180424614420758,2.8504240544715884
1.0,5.989522167893782
