alpha,s
1.2122709251823478,0.0
0.8666817233082177,0.052755428930712764
0.9002508634570812,0.21478172868030174
1.1723237745157917,0.7085745042061254
9.060526363691755,2.359745835946191
1.0,5.999573953290545
