alpha,s
1.0892028073430544,0.0
1.0238540451141198,0.21874016838572596
0.9318576446762459,0.6699161626336324
0.909255015198529,1.7052541553254303
0.8393509660411339,3.6084299484639812
1.0,5.998270063830924
