alpha,s
0.8417415593079657,0.0
0.8437692405493451,0.46662077788983886
0.6765055461289551,1.4797337206155101
0.5872568171535686,2.8576965060183412
4.659240300660127,4.357809076780165
1.0,5.990841500440601
