alpha,s
1.1481272607344282,0.0
1.0774302813920154,0.461855697817937
1.1314599642785919,1.4162013404798315
2.9732339130352767,2.87095623112996
0.0,4.464559546175344
1.0,5.9992218782027305
