alpha,s
0.9474754653845523,0.0
0.9896523149899722,0.241940124688018
1.1567276089389888,0.7194738062117425
0.7650583829884978,1.598650764388929
0.35246783541443366,3.7235502174338726
1.0,5.988516327062353
