alpha,s
1.112458700957518,0.0
1.2480966747835969,0.22697662852972944
1.0802374658435383,0.6612376779743175
1.5240766463229085,1.7517342380020653
0.0,3.673246179829763
1.0,5.997368423286553
