alpha,s
1.2853405933391242,0.0
1.0603527223543052,0.4217025802157404
1.7268464142917097,1.5010473398716695
5.222002510802889,2.879285905286573
0.0,4.396860874764575
1.0,5.997861408789
