alpha,s
1.3202419157649705,0.0
0.8610732605810382,0.45854081611787906
0.6091453816528476,1.5207171893694325
0.0,2.8727061344305875
0.0,4.459913963192374
1.0,5.994846291369454
