alpha,s
1.322986866345196,0.0
1.024618775851243,0.41614648264232235
1.333260997849656,1.4508604347085408
2.5546043135418035,2.973387963153214
0.0,4.477332500954424
1.0,5.998809780174552
