alpha,s
7.194470231112764,0.0
2.867728586604717,0.010410561648465379
1.2975823864641147,0.07668354884772727
1.1895202477604558,0.6168648794524356
1.830846688247951,2.5965105396687314
1.0,5.985504577433128
