alpha,s
3.2492507652915528,0.0
1.3658243717048648,0.017508414512586102
1.2603353429473063,0.15931153935506576
1.1710971580592857,0.8184949757659442
0.0,3.085080082857318
1.0,5.956965950387905
