alpha,s
0.9428050125360701,0.0
1.126416118561813,0.19811751026804578
0.9038242223296216,0.454314929287281
0.9300631727611722,1.047943872802351
1.4040033352790333,2.7100726053297097
1.0,5.991119198703948
