alpha,s
0.911844836719924,0.0
0.8333239325135192,0.5185947839166848
0.6025516781073769,1.468916879584352
0.6582315871943945,2.882968074861061
18.558945958908602,4.411297231091859
1.0,5.992754246786849
