alpha,s
0.814082029276203,0.0
0.8191285647343118,0.5185947839166848
0.6181593059392293,1.468916879584352
0.6806698795109623,2.882968074861061
18.855047148733938,4.411297231091859
1.0,5.992754246786849
