alpha,s
0.9802433483538278,0.0
0.9992976613433879,0.38819848223429754
0.8466060264576718,1.2817447856937445
0.7508083544502819,2.6751711561839353
0.0,4.3019722484972185
1.0,5.997536802557944
