alpha,s
1.281184099868872,0.0
1.1793615152619965,0.38819848223429754
1.0386813945071323,1.2817447856937445
1.2321749926279624,2.6751711561839353
0.0,4.3019722484972185
1.0,5.997536802557944
