alpha,s
1.1042551046768314,0.0
1.0309949301201249,0.2182367770438686
0.9780963249605448,0.6370915297513532
1.2384672914916883,1.628824395460379
2.0932963598156036,3.5347490864097804
1.0,5.999159156173657
