alpha,s
2.876053545791072,0.0
1.5718845788497133,0.009109812051728783
1.1590397104125318,0.10235731468151192
0.995139630306783,0.6244398810089682
1.375605443584123,2.721868159241399
1.0,5.9956430625133486
