alpha,s
0.3688527231122501,0.0
0.557461492618588,0.1110040239522612
0.8450144109832214,0.31828904040193723
0.8054085706862567,0.8657007228059035
1.4335585383718266,2.6825900987390034
1.0,5.995147478910157
