alpha,s
1.4783046229346262,0.0
1.189802571631618,0.4185576526045294
1.3686852005716703,1.348151768959166
1.3115743655927548,2.7438442171769406
9.674858916604546,4.429700483402405
1.0,5.997019906462634
