alpha,s
1.260595051042558,0.0
1.2916996792770132,0.0984382376947586
1.0694887292879875,0.3017496927274345
1.228888223226968,0.9199286584150022
2.7103204747845666,2.874966519943419
1.0,5.981976675295838
