alpha,s
1.122612110354061,0.0
0.9470328268081122,0.10225242260348674
0.9571739859082459,0.316885670209683
1.4468579905586738,0.9095824514269192
1.5218932707048072,2.414900888153955
1.0,5.97848276469192
