alpha,s
1.4876034275317358,0.0
0.7960764088157845,0.2520193711555333
2.1102070326015334,1.2516283020234544
1.4781747391412512,2.4928812866346277
0.0,4.316781539329057
1.0,5.968401550264012
