alpha,s
1.512643764188025,0.0
1.1931196910218294,0.35169850197389657
1.6742604315199692,1.3162764158017615
0.8803945626153206,2.952394913119626
0.0,4.4892320650701
1.0,5.996166973263737
