alpha,s
0.24612221603141426,0.0
0.21226154200432076,0.3772518099251488
0.08346841570808473,1.2599370896162767
0.015087641699013624,2.5907342339911756
0.0,4.324195784562845
1.0,5.99736710651527
