alpha,s
1.0573167658400437,0.0
1.0096212537874607,0.17146416539121306
0.9850860610640864,0.46710825164359393
0.9693730318678689,1.0781202796148315
0.9495043171628818,2.8464621943477644
1.0,5.992779258232746
