alpha,s
1.5050990280517633,0.0
0.994481560093651,0.445462016378016
0.8723249790804333,1.430007621788446
1.208754947813141,2.8669376546524106
0.8764959513853464,4.483379342567832
1.0,5.998506587291287
