alpha,s
0.8150358111062581,0.0
0.5893337349958996,0.445462016378016
0.4106773036082409,1.430007621788446
0.3228656246365016,2.8669376546524106
0.08154004069328018,4.483379342567832
1.0,5.998506587291287
