alpha,s
1.1190212952613081,0.0
0.9491753549434712,0.2690492454646146
1.069209176604338,0.6786314465711774
1.133309950254303,1.309842416889304
0.8753746145571448,2.65970041239556
1.0,5.985609844521399
