alpha,s
1.3881416215147193,0.0
1.1413173942538701,0.10438325193391929
1.1978464369369817,0.3443172468648011
1.8667767924417966,0.9745216715278147
17.53522134874776,2.9762225202270143
1.0,5.97321559435644
