alpha,s
0.3579064360890239,0.0
0.5898702565051457,0.12624776840190194
0.7871278249323835,0.3601635746603407
1.3671928214564266,1.0737657983890303
0.0,2.929004280890458
1.0,5.932044281187913
