alpha,s
1.483836310356135,0.0
1.428879243284364,0.12624776840190194
1.2352049904322537,0.3601635746603407
1.6727058217450697,1.0737657983890303
0.0,2.929004280890458
1.0,5.932044281187913
