alpha,s
1.1475173777165066,0.0
1.1795892511761978,0.10362934770898297
1.0876556566177844,0.30396063458536193
0.996627683421964,0.841909120719746
1.739948618706737,2.855275250796219
1.0,5.9842853633366495
