alpha,s
1.4280435118666543,0.0
1.4583637391285538,0.06137203417398159
1.237182483197428,0.21912974603555996
1.123655754548542,0.7570067051159812
1.5765874577471148,2.7939688372864873
1.0,5.997158015326644
