alpha,s
1.024743578640069,0.0
1.2973988760273065,0.4625583236371274
0.7756057608717015,1.460505881933555
3.1407863948212422,2.934060182910938
0.0,4.454931060548925
1.0,5.952844692320035
