alpha,s
0.3395086224569233,0.0
0.40705779270376674,0.1098664910217554
0.6146390082227852,0.3370750522345033
0.774649483735532,0.8365577514512899
2.3526260106347223,2.5633209187932966
1.0,5.949226417104028
