alpha,s
1.091512334003312,0.0
0.9803595991141262,0.18297918690707682
1.0354192976027814,0.6103485804691418
1.000804579934247,1.6252119627097688
1.1423347921113967,3.3882892515960323
1.0,5.954678323011625
