alpha,s
1.1789346337488056,0.0
1.201485200253479,0.06566876973920917
1.0836876104666395,0.21886361252575817
0.9669641164324132,0.6819708350516887
0.6313537350222448,2.6521653773978278
1.0,5.9907598019552
