alpha,s
1.05338455066596,0.0
0.9830994950824437,0.25542331562647586
1.1619727645036586,0.6429927614420735
1.2200550676243374,1.2459739947355717
1.332427085425996,2.550792805992853
1.0,5.9964785291443
