alpha,s
2.857059238430851,0.0
1.5428225827619981,0.012113387185378681
1.0687578269161402,0.13333678914291164
1.0383885919749467,0.7828399650405169
64.23494716480396,2.957146959075821
1.0,5.9735256950348194
