alpha,s
1.0425516206777525,0.0
1.267440070137025,0.19025591850666934
1.1956754926068738,0.43827351825426336
1.0673162991666554,0.9673922394390334
0.6959997927431393,2.8074886518105546
1.0,5.984869086011052
