alpha,s
5.683506208580952,0.0
1.6620330349877115,0.05489919786552727
1.3246533900828172,0.4261066372251108
1.4365638544050017,1.6454573495115103
0.0,3.8011892225107076
1.0,5.998519456556087
