alpha,s
1.3250291818107647,0.0
1.0170860183129211,0.05491460484998791
0.9031598991566434,0.3894901584802052
0.8663072672933131,1.5210974845795906
0.4121709335612297,3.536314797087197
1.0,5.9980292519922624
