alpha,s
0.9334219762068415,0.0
0.6561776793802466,0.45388320984438335
0.5252920428694698,1.5072443985292325
0.12505409938091608,2.9831059405587204
0.0,4.461655774051952
1.0,5.99870205710312
