alpha,s
1.1315304289698325,0.0
0.948024579131005,0.05941033616792012
1.1212393429853884,0.22271768431170194
0.7983873765982533,0.6862266777362873
1.0679565965395599,2.5780170935387043
1.0,5.971594587979331
