alpha,s
1.3585945622208602,0.0
1.1513529776723974,0.4168338655073919
1.5983546442141012,1.4820769149801671
1.8208838434534282,2.8333604005220763
0.0,4.439603735146216
1.0,5.991909247295848
