alpha,s
1.2436490381007423,0.0
0.806588387309102,0.440409111647314
1.186691908918147,1.5762312443917779
0.27530424135539144,2.8698260121768078
0.0,4.34350262690201
1.0,5.999884304698356
