alpha,s
1.1568547565885425,0.0
0.9340390470963428,0.5156808457676934
0.976805845072351,1.47293230761771
1.0750086496289455,2.9624187737441807
0.0,4.46821371873035
1.0,5.9880587242165015
