alpha,s
4.0323577235103425,0.0
1.998299442656134,0.00888923639922429
1.250825383044754,0.09647942886749926
1.0316404386206643,0.7350356639238447
3.2919718830209455,2.9220917368275656
1.0,5.981487007224258
