alpha,s
0.9662149254663318,0.0
1.0746074715276286,0.11413361544553502
0.9107273613433836,0.30618178011113173
1.049210431348376,0.8623004892340715
1.7531212461269399,2.6238510016346903
1.0,5.940729483683739
