alpha,s
1.0596706182982771,0.0
1.0372265281598694,0.18467586101294145
1.044155868225484,0.46912972237765543
1.0096327395973679,1.0583262028649103
0.9053815782894562,2.7521713570990065
1.0,5.998488371876815
