alpha,s
1.094584527565092,0.0
0.9808355841555138,0.23665598384743147
1.1540199527216461,0.7487642753680648
1.7292382305521687,1.8282889069579178
2.933826815253664,3.722420842166397
1.0,5.98052055124926
