alpha,s
0.9025152364312767,0.0
1.0376205141133437,0.12078408234595729
1.2054169371052703,0.32983826534435484
1.1191260890165715,0.8939334833816973
2.9413357789010446,2.976206372080155
1.0,5.990862591681935
