alpha,s
1.1937187609171964,0.0
1.088853246841615,0.12187821967888475
1.0750605870592245,0.48040418389415285
1.250917166098985,1.475202311911823
1.8844074757630733,3.458434085358619
1.0,5.996413504239081
