alpha,s
1.0999470827173174,0.0
0.9945444946493326,0.167917705197839
1.039479632187957,0.45766339157052544
1.0416662554852352,1.013105920529975
0.9141994599560143,2.6915837167193204
1.0,5.986893134719768
