alpha,s
1.2648853951786558,0.0
1.0437826884826362,0.43998724488683316
0.7106675867059618,1.4016368595768056
0.9012882235123981,2.7607142248201284
0.0,4.384803759551246
1.0,5.9911295862304295
