alpha,s
0.9882561204202921,0.0
1.0401874144424825,0.2902608918621502
1.0353020433369118,0.6884436600457821
1.2090664374232571,1.3365891536447252
1.9415252520174977,2.8111701520267456
1.0,5.992514828856362
