alpha,s
1.3631435889463457,0.0
1.2748161942364287,0.4410141401401434
0.7895619422980407,1.424025667376714
2.104121121045958,2.8046780477158295
0.0,4.472932537357642
1.0,5.992383804064423
