alpha,s
0.5979574797998926,0.0
0.6455857555067467,0.08809856163715866
0.6274152141999464,0.2953034414326102
0.9761782745097707,1.0065651764067522
2.0445574348874023,2.823732022319575
1.0,5.996824989107263
