alpha,s
1.5036642493677195,0.0
1.1971562428014237,0.08809856163715866
0.8825650829059484,0.2953034414326102
1.138836622432747,1.0065651764067522
2.143145708708439,2.823732022319575
1.0,5.996824989107263
