alpha,s
1.091050411565682,0.0
1.4893465036279703,0.09176429944386388
1.1583502811837398,0.2539746405644193
0.8923804820901425,0.7894547885357025
0.2892573106558925,2.890474556664236
1.0,5.995193382013161
