alpha,s
1.2586357463598539,0.0
1.1316084558852206,0.16057986724529452
1.0416886073815903,0.4446327818836986
1.062353339446373,1.0875354841221228
1.3321216549881145,2.637159212546127
1.0,5.99034550686692
