alpha,s
1.0661766113002442,0.0
1.0352135488839647,0.24285795510066338
1.121470896425319,0.6962110081250639
0.9249759794878295,1.6743756808144
1.103544484493741,3.743147390148236
1.0,5.999707636644952
