alpha,s
0.9922060920771263,0.0
0.9828204306627825,0.27843139968904346
0.9152052226587315,0.7011668943096157
0.9357839303591248,1.392412452225838
0.5698269016487335,2.9284810289440246
1.0,5.988709770817344
