alpha,s
1.113940739459902,0.0
0.872019341471714,0.3518510210601344
0.8637004371208069,1.2847532682045928
0.12667655817915274,2.7405802749394836
0.0,4.357151616411795
1.0,5.996855869704539
