alpha,s
1.0554273105975889,0.0
1.0590191824990949,0.10987430000561853
1.0476812636370798,0.31991714171146046
1.0537450338281527,0.8076339791527293
0.9555474716946163,2.6309970687989206
1.0,5.990540817711322
