alpha,s
0.3824302458203949,0.0
0.5363088330425194,0.10987430000561853
0.7152486098988129,0.31991714171146046
0.906166308565342,0.8076339791527293
0.8740086349341856,2.6309970687989206
1.0,5.990540817711322
