alpha,s
1.055767283208112,0.0
0.7798652526140519,0.38871633320953
1.1331193684374685,1.3135164975031588
0.2573836188044463,2.719217855756618
6.090341908078975,4.415159704774772
1.0,5.999311412313922
