alpha,s
0.7274809757745472,0.0
0.6247584871564367,0.347714796229614
0.3023545272892746,1.3493554928271756
0.0,2.8267299324612076
0.0,4.348845638977284
1.0,5.996931863805573
