alpha,s
1.5597142250948295,0.0
1.2149987692853104,0.4190386334187282
1.0343724799553937,1.4308740583693442
1.8192873652743293,2.7901442526703932
4.270701623340549,4.339406888794971
1.0,5.995419734271932
