alpha,s
0.9040316213148528,0.0
0.896628290807903,0.16271274745869874
0.92898257891962,0.431044755479054
0.8684740836338148,0.9074513175843487
0.7497776827350007,2.6159186402673074
1.0,5.9944573547594615
