alpha,s
1.118828643096509,0.0
1.0246707128634764,0.4358262208012889
1.2678050735292306,1.4439618230598106
0.5466960509848089,2.8803904525913855
0.0,4.379389701190781
1.0,5.999668377946639
