alpha,s
2.4155596148151877,0.0
1.485053058918392,0.009162873298248445
1.241726949245376,0.08729062372661998
1.0690352881411305,0.5224288969314561
1.0072638988504734,2.627357976023243
1.0,5.98993654570668
