alpha,s
1.406124035357505,0.0
1.2128488357714913,0.44255945687537734
0.8879740434398282,1.4702780601886867
1.6034908749755699,3.0806804744931626
51.173280968189175,4.662351925910705
1.0,5.997273745657028
