alpha,s
1.0255000796349891,0.0
1.029108953031714,0.44255945687537734
0.7757295679408588,1.4702780601886867
1.443525226478521,3.0806804744931626
51.047050270561094,4.662351925910705
1.0,5.997273745657028
