alpha,s
1.1371520052186066,0.0
1.1577355578397497,0.4116980262264611
1.3764945590010198,1.4388317912491648
5.183461147284858,2.760533610864042
0.0,4.418793780125577
1.0,5.976985065670807
