alpha,s
1.9932435336091816,0.0
1.6945993353276976,0.061520940772960345
1.4517889499912056,0.21285541250408418
1.030714386579516,0.6289543364146623
0.7293202816328426,2.5465516887932447
1.0,5.956828866204072
