alpha,s
1.2515697583078793,0.0
0.8877986195359765,0.1868270055676922
0.7119560521974478,0.6624593951141577
0.948488193124931,1.5707173286439005
0.0,3.421163450599508
1.0,5.964112875955872
