alpha,s
0.8321764711896827,0.0
1.0565242148718519,0.3547367517994564
1.2097265338543324,0.7415793086607598
0.8485921628941901,1.3197952714813173
1.3112037476016436,2.8392946976199664
1.0,5.908974687989459
