alpha,s
0.8906424457206795,0.0
1.251273841815217,0.2368715623008166
1.0671322079890344,0.5152433328102591
0.9488692116632267,1.2812691731656778
2.634472074822161,2.9616584407839337
1.0,5.991420978440148
