alpha,s
1.1762008316848054,0.0
1.0682663193432058,0.18903882704748276
1.1877642623131024,0.5236905668969213
1.3108195681418033,1.1040777705925922
0.4755782620826734,2.713699748009338
1.0,5.979990562295521
