alpha,s
0.9935483359547045,0.0
0.9450160429186095,0.22775597659223068
1.1435612311911978,0.6554715547697044
1.4668870438428396,1.4575276054880393
11.49097281295852,3.7352906591315604
1.0,5.9923062690145255
