alpha,s
1.0715970503716044,0.0
0.706039478586248,0.3993144589214812
0.46833032966694105,1.4464951834870685
0.09611633271440644,3.0065632592293023
0.22192276004937703,4.609063768913272
1.0,5.999012243069382
