alpha,s
0.9791609425932623,0.0
0.8962114979764427,0.429245676606695
1.2553880952216379,1.4008120357719995
2.087454762844704,2.7751096681644607
0.0,4.536558138472687
1.0,5.988663172677298
