alpha,s
1.2859977526694364,0.0
1.145780813608902,0.13132187002192314
0.8317188163093687,0.3706871128351839
1.021816986691668,1.0371040114670635
1.2600504641057935,2.830727171815293
1.0,5.93974974676967
