alpha,s
1.0623392040627906,0.0
1.1007684598153298,0.2313284871783952
1.1568272551757464,0.6560828566292679
1.2911978187860158,1.599082645207851
3.8035755089762087,3.429818432052175
1.0,5.988374846366376
