alpha,s
0.809842628437682,0.0
0.7735989814365599,0.10572152109786954
0.9059836145650644,0.3425800751167591
0.8009114519665116,0.9496626255287893
0.4716697063761589,2.860064820517361
1.0,5.929577750150646
