alpha,s
0.940316445915911,0.0
1.0275063474380985,0.18101879640733184
1.0735984039953306,0.46157571584298873
0.7855812181395532,1.0845512994894244
0.7618209921615956,3.0230123333322143
1.0,5.97301331505574
