alpha,s
0.7967660433641378,0.0
0.9189466560241286,0.19669720737272045
0.8082191538668841,0.49671986937978596
0.6929748337172763,1.0579374276658307
0.36963085562031806,2.3796600034484325
1.0,5.966047648425973
