alpha,s
1.162380395126352,0.0
1.049322226209195,0.15735128905133772
1.0489424859965204,0.46135077086601467
1.0419607271999123,1.0687192327483344
1.1927974365421479,2.932456618798618
1.0,5.987768093824588
