alpha,s
1.1861461309623873,0.0
1.1692176775003162,0.06621216184765663
1.1263098843266297,0.2194456702337832
0.8545276458779917,0.7338684572694909
0.8236759568575096,2.835756140673291
1.0,5.986687334450627
