alpha,s
0.9952473739509878,0.0
0.46395131576954374,0.44033804783308444
0.32470721509734324,1.5645145833372118
0.3426195695499935,2.7914100256393355
0.0,4.456204460467988
1.0,5.974076294200128
