alpha,s
0.6331489533787661,0.0
0.7557596572399644,0.47783594442574345
0.38769291865647537,1.1705020707497302
0.10177467911235016,2.65631946474693
0.0,4.28678425024409
1.0,5.994662086140336
