alpha,s
0.64510450689603,0.0
0.3407500856497808,0.37107866531124617
0.145028221368251,1.4219555108231134
0.0627926701412053,2.9041917876158165
0.0,4.449376864394936
1.0,5.998582429743529
