alpha,s
1.0882911156850208,0.0
1.0763216392497983,0.17989552678656423
1.1118833147004614,0.47437829444004914
1.1262130847844476,1.0496595606438928
0.9608756706296601,2.768696257114654
1.0,5.987674475925314
