alpha,s
0.6680608365838702,0.0
0.4227927915407364,0.40721920193038164
0.2337321130673614,1.386607328955789
0.027257426877323764,2.8018312348384136
0.0,4.271568227510754
1.0,5.993866774064444
