alpha,s
0.9078345644413218,0.0
0.960504972593746,0.16458182755539996
0.881238899162318,0.4353570022123068
0.7298727102941215,0.9512557080060502
0.7588293747532242,2.707585271451436
1.0,5.930620625874188
