alpha,s
1.5405181489006397,0.0
1.011892265429117,0.40028937269681525
1.6194287021177667,1.4106057638078642
6.6043172193646935,2.803672435729571
0.0,4.425445094989335
1.0,5.999065656220805
