alpha,s
1.1775734242771216,0.0
0.8683779839262399,0.14017869410700146
0.9469967069802462,0.4488484583024813
0.8767067414924127,1.0711145646098181
1.0985916734187318,2.624707527676123
1.0,5.9928594323065045
