alpha,s
0.917477788393194,0.0
1.1134454762009263,0.2912797499932454
1.0467246081168378,0.6908547724750073
0.9883988429410253,1.4076477093678728
0.6692558316393905,2.882423625443941
1.0,5.996846142261627
