alpha,s
0.8481614451927922,0.0
1.0630504588084486,0.2860738933424669
0.803309122120807,0.6718372662869021
0.9395855977716928,1.3587102084485263
0.3217240158316823,2.609502264234081
1.0,5.984203508820396
