alpha,s
1.1405680619198122,0.0
1.1236252397174313,0.18104873410063735
1.1505479178530689,0.4927957420984756
1.3169452983862586,1.081873558047853
1.6951315570982903,2.8985711315033633
1.0,5.972458109135183
