alpha,s
1.2146319563456767,0.0
1.318861109203848,0.16447198056531823
0.8759572179581183,0.415692433385447
1.4019875673698554,1.0795468929576568
0.6826270021716067,2.5863175597433687
1.0,5.978242427080866
