alpha,s
1.5254042032574244,0.0
1.088897752336617,0.05048224475826058
0.9434071852283903,0.3620298390387889
1.1518586892524598,1.4100935837555701
8.8565557533493,3.6000184623150053
1.0,5.995900768955705
