alpha,s
0.5618237157409216,0.0
0.3943298845231659,0.38574819091258694
0.13687662937363707,1.366749620520688
0.06209057578295141,2.8853064175746432
0.0,4.396751023336531
1.0,5.997915652467409
