alpha,s
1.031085397794114,0.0
1.0637116220648484,0.160851871820191
1.0317878358618213,0.43271145770355723
1.2737916686845054,1.028657783731012
3.003267298576647,2.66608685262546
1.0,5.929810065751777
