alpha,s
0.5703775850431371,0.0
0.7485430424083991,0.11978484290526652
0.9084757872285202,0.34381807052437746
0.8417031667969885,0.9958888565511032
0.0,3.2238560729221657
1.0,5.921864223711787
