alpha,s
1.8307109796748147,0.0
1.2430576674001734,0.012249432802127688
1.0068921832924973,0.12171586932329256
0.8025560708477396,0.6832259774146727
0.31000463466516853,2.5926500550342273
1.0,5.996623211481204
