alpha,s
1.2258356972554825,0.0
1.0577243145529829,0.05607489996604885
1.0425894739280097,0.3958442244720532
0.9316970167093271,1.4490067349889157
0.49091973649889337,3.6305018389173287
1.0,5.996755887661688
