alpha,s
1.2442582129861732,0.0
1.1064428988774002,0.12871417009228556
0.9539410312968393,0.3652191867469526
0.7572345924914058,0.9227734197145605
0.8840613564538242,2.418203463892406
1.0,5.975209352846714
