alpha,s
1.030452562930913,0.0
0.9327715294074361,0.27887178899827036
1.0411228229813818,0.7233979835831874
0.8034986812770478,1.4143155223503505
1.5090284464708033,2.8380379703962517
1.0,5.9923332419445465
