alpha,s
1.5582747145470541,0.0
1.2938467285652768,0.4042010779478475
0.9531174173404414,1.368228014855182
1.2266861479351525,2.859082221052345
0.0,4.442275911092925
1.0,5.995471372923409
