alpha,s
0.8852500203956619,0.0
0.9543950474401526,0.14241924294832933
1.2178984014845906,0.4002623539228733
0.9964623888936979,0.8595204898858191
1.7757310353625175,2.9501424033083152
1.0,5.993786628797225
