alpha,s
0.4596553102692648,0.0
0.6196059071876918,0.14241924294832933
0.9589422413350948,0.4002623539228733
0.9190310643514196,0.8595204898858191
1.757809546359896,2.9501424033083152
1.0,5.993786628797225
