alpha,s
0.3904391223364463,0.0
0.5540068761471132,0.10721801961487526
0.7159295167122076,0.3041911087752316
0.8486766860981194,0.8286091926072873
0.5843582309224811,2.604995485679432
1.0,5.999184283034437
