alpha,s
1.1091615771406562,0.0
1.1374732076517333,0.10721801961487526
1.0864815610125493,0.3041911087752316
1.0392674040321632,0.8286091926072873
0.7499540940222611,2.604995485679432
1.0,5.999184283034437
