alpha,s
0.960271605110075,0.0
0.8997256906565263,0.20335575338684786
1.0025831663109495,0.6348114730256035
1.1382997414513785,1.3926383096404635
0.6036148942242212,3.0842723063781485
1.0,5.997139074443075
