alpha,s
1.1333046789967849,0.0
1.153698167387568,0.17529033059502153
0.9378435415988071,0.451393320345853
1.0854517492306062,1.1082798268194762
0.6048321865018557,2.7785904253838787
1.0,5.990833870709645
