alpha,s
2.6781532710556903,0.0
1.519196574910792,0.00949708356108488
1.1316303112418458,0.09121751380936856
0.9947471254984263,0.6337783066117452
0.8475755515925032,2.712563759388075
1.0,5.998232912257032
