alpha,s
1.1807826803609318,0.0
1.1089310913887833,0.15420177816838807
1.034097410637597,0.41323628740321156
1.444935290527065,1.0066681077898803
1.3319225951113824,2.8531971964675704
1.0,5.983623029468427
