alpha,s
1.3620876046868842,0.0
1.1742817661974696,0.09773666124168388
1.1665816138622758,0.2990157527168315
1.0829011568086904,0.82379263871542
2.511266537227351,2.5153338979727358
1.0,5.9986677731355975
