alpha,s
3.3170180207117057,0.0
1.8207947867901944,0.0107511611750761
1.2625971152278568,0.10713932218957967
1.2536933542340605,0.701564354558021
2.028521434054063,2.9926626759922543
1.0,5.995641466260506
