alpha,s
1.6619593139518063,0.0
1.135537142628199,0.4197783587136527
0.7655682847162699,1.4679837839657222
6.881816845710624,2.8886436141905483
0.0,4.453726216569526
1.0,5.96072967614718
