alpha,s
1.0545243779424995,0.0
1.17593171317553,0.18488208798651312
1.0962616348758012,0.45113381420123366
0.996079528974018,0.9944621785979677
0.6572433859151765,2.7520686393008065
1.0,5.97080106080726
