alpha,s
0.9680888690334376,0.0
1.081723901318065,0.19535360509383015
1.0296306740275898,0.47075948890011377
0.8191828826825309,1.069442980112044
1.9480215094702664,2.7956866871847317
1.0,5.963203640651729
