alpha,s
0.8982011032799904,0.0
0.867537212228156,0.4773416127477764
0.49400280984980716,1.4879135517866657
0.45437181187187803,2.9842653797312955
0.0,4.479561266263468
1.0,5.99870140177722
