alpha,s
1.3103558141185778,0.0
1.1037340652696281,0.4170058545055198
4.037576813027142,1.502496498665023
0.0,2.968803946955346
0.0,4.483586028865555
1.0,5.998863528849622
