alpha,s
0.4973462932361976,0.0
0.7021026447278064,0.09890317031891255
0.8236397409033575,0.2578435413157999
1.039472603962523,0.6933442782047492
2.1798099554398505,2.753285688998969
1.0,5.901407668799321
