alpha,s
1.2789703304493905,0.0
1.3731829681193848,0.09890317031891255
1.2456187118378843,0.2578435413157999
1.2135412576322318,0.6933442782047492
2.258382525408382,2.753285688998969
1.0,5.901407668799321
