alpha,s
1.1363362427597907,0.0
0.955538790968546,0.1493330600935842
1.071618825008658,0.44117216617753185
1.0187148890599917,1.016739758588887
0.7547489970585108,2.792113835312671
1.0,5.993255727738689
