alpha,s
1.0773861022121178,0.0
0.9533296409113412,0.22905522412357238
1.0229698577033541,0.6730232563748353
1.2064492959231112,1.658760913914402
0.5879097263749707,3.5762460163597933
1.0,5.977266945946234
