alpha,s
1.1529304457834266,0.0
1.1082278903358458,0.16620723094136172
1.1400771842957178,0.4477304730491267
1.113713699973167,1.0030509460690926
1.0891762622487227,2.5996225387699083
1.0,5.998575935772156
