alpha,s
1.3235432792545545,0.0
1.2739640023038392,0.5238387673778243
1.004550139312073,1.7366627866071662
8.669598295039254,3.12793895965599
0.0,4.624393125393657
1.0,5.999592464379024
