alpha,s
1.2159464652918777,0.0
1.103810888133947,0.1485610611140582
0.9566895117362215,0.42669519968020747
1.0103955277033343,1.0903980649189404
0.7055957294722686,2.86199838671725
1.0,5.9694243555979964
