alpha,s
1.2063478218050208,0.0
1.249354988422059,0.19785590996293187
1.2590998521824368,0.48367388385751403
1.2016793411136313,1.0451718204119689
2.065117360469544,2.9454790795267165
1.0,5.987808227106538
